Operator Name,RailYatri URL,Official Website
Samay Shatabdi Travels Pvt Ltd Exam Special,https://www.railyatri.in/bus-operators/samay-shatabdi-travels-pvt-ltd-exam-special,Not provided by RailYatri
Rahul Travels New Dwarkadhish,https://www.railyatri.in/bus-operators/rahul-travels-new-dwarkadhish,Not provided by RailYatri
New Ganesh Travels Kota,https://www.railyatri.in/bus-operators/new-ganesh-travels-kota,Not provided by RailYatri
Champaty,https://www.railyatri.in/bus-operators/champaty,Not provided by RailYatri
Fernandes Toursandtravels,https://www.railyatri.in/bus-operators/fernandes-toursandtravels,Not provided by RailYatri
Bihar Luxury,https://www.railyatri.in/bus-operators/bihar-luxury,Not provided by RailYatri
Isha Travel Express,https://www.railyatri.in/bus-operators/isha-travel-express,Not provided by RailYatri
Anadi Travels,https://www.railyatri.in/bus-operators/anadi-travels,Not provided by RailYatri
Abhimanyu Tours And Travels Luxury Liner,https://www.railyatri.in/bus-operators/abhimanyu-tours-and-travels-luxury-liner,Not provided by RailYatri
Shiv Ganga Travel,https://www.railyatri.in/bus-operators/shiv-ganga-travel,Not provided by RailYatri
Suswagtam Tours,https://www.railyatri.in/bus-operators/suswagtam-tours,Not provided by RailYatri
Konduskar Nigadi,https://www.railyatri.in/bus-operators/konduskar-nigadi,Not provided by RailYatri
Goyal Travellers Mahalaxmi,https://www.railyatri.in/bus-operators/goyal-travellers-mahalaxmi,Not provided by RailYatri
Ns Travels Sanadi Travels,https://www.railyatri.in/bus-operators/ns-travels-sanadi-travels,Not provided by RailYatri
Luxury Logistics,https://www.railyatri.in/bus-operators/luxury-logistics,Not provided by RailYatri
Sbstc Asansol Karunamoyee Spl,https://www.railyatri.in/bus-operators/sbstc-asansol-karunamoyee-spl,Not provided by RailYatri
Uncle Travels Guruganesh Extra,https://www.railyatri.in/bus-operators/uncle-travels-guruganesh-extra,Not provided by RailYatri
Durga Tour And Travels,https://www.railyatri.in/bus-operators/durga-tour-and-travels,Not provided by RailYatri
Royal Heena,https://www.railyatri.in/bus-operators/royal-heena,Not provided by RailYatri
Prasanna Vidharbha Queen Travels,https://www.railyatri.in/bus-operators/prasanna-vidharbha-queen-travels,Not provided by RailYatri
Adventure Devil,https://www.railyatri.in/bus-operators/adventure-devil,Not provided by RailYatri
Nehra Tour And Travels,https://www.railyatri.in/bus-operators/nehra-tour-and-travels,Not provided by RailYatri
North India Transport Co,https://www.railyatri.in/bus-operators/north-india-transport-co,Not provided by RailYatri
Shree Gajanan Travels Dwarkadhish,https://www.railyatri.in/bus-operators/shree-gajanan-travels-dwarkadhish,Not provided by RailYatri
Manish Seating,https://www.railyatri.in/bus-operators/manish-seating,Not provided by RailYatri
Radhakrishna Travels Mahalaxmi,https://www.railyatri.in/bus-operators/radhakrishna-travels-mahalaxmi,Not provided by RailYatri
Sahil Tours And Travels Sri Chirag,https://www.railyatri.in/bus-operators/sahil-tours-and-travels-sri-chirag,Not provided by RailYatri
Ayushman,https://www.railyatri.in/bus-operators/ayushman,Not provided by RailYatri
Flash Bus,https://www.railyatri.in/bus-operators/flash-bus,Not provided by RailYatri
Bansidhar H K Hirani Travels,https://www.railyatri.in/bus-operators/bansidhar-h-k-hirani-travels,Not provided by RailYatri
Mahendra Travels Brand New,https://www.railyatri.in/bus-operators/mahendra-travels-brand-new,Not provided by RailYatri
Kgn Travels Blossom,https://www.railyatri.in/bus-operators/kgn-travels-blossom,Not provided by RailYatri
Vrcr Ryct Vjw N A,https://www.railyatri.in/bus-operators/vrcr-ryct-vjw-n-a,Not provided by RailYatri
Rahul Travels Sindh New Brand,https://www.railyatri.in/bus-operators/rahul-travels-sindh-new-brand,Not provided by RailYatri
Sethi Yatra Company Gaya,https://www.railyatri.in/bus-operators/sethi-yatra-company-gaya,Not provided by RailYatri
Prasanna Purple Plus,https://www.railyatri.in/bus-operators/prasanna-purple-plus,Not provided by RailYatri
Chaturvedi Bus Service,https://www.railyatri.in/bus-operators/chaturvedi-bus-service,Not provided by RailYatri
Samay Shatabdi Travels Pvt Ltd Washroomwashroom,https://www.railyatri.in/bus-operators/samay-shatabdi-travels-pvt-ltd-washroomwashroom,Not provided by RailYatri
Jujhar Travels Pvt Ltd Isuzu Mercedes Benz X,https://www.railyatri.in/bus-operators/jujhar-travels-pvt-ltd-isuzu-mercedes-benz-x,Not provided by RailYatri
Indians Express,https://www.railyatri.in/bus-operators/indians-express,Not provided by RailYatri
Padmalaya Jai Durga,https://www.railyatri.in/bus-operators/padmalaya-jai-durga,Not provided by RailYatri
Sri Ramajayam Travels,https://www.railyatri.in/bus-operators/sri-ramajayam-travels,Not provided by RailYatri
Lucky Travels Pune Dolphin Travels,https://www.railyatri.in/bus-operators/lucky-travels-pune-dolphin-travels,Not provided by RailYatri
Kishor Bus Service,https://www.railyatri.in/bus-operators/kishor-bus-service,Not provided by RailYatri
Ashray Gold,https://www.railyatri.in/bus-operators/ashray-gold,Not provided by RailYatri
N T Shreyas Skyline,https://www.railyatri.in/bus-operators/n-t-shreyas-skyline,Not provided by RailYatri
Omer Kaleswari,https://www.railyatri.in/bus-operators/omer-kaleswari,Not provided by RailYatri
Rajmudra Tours And Travels Rahul,https://www.railyatri.in/bus-operators/rajmudra-tours-and-travels-rahul,Not provided by RailYatri
Shri Chirag Tours And Travels Iso Certified,https://www.railyatri.in/bus-operators/shri-chirag-tours-and-travels-iso-certified,Not provided by RailYatri
Rahul Travels Rahul Travels Ambika,https://www.railyatri.in/bus-operators/rahul-travels-rahul-travels-ambika,Not provided by RailYatri
Sana Travels Jesus,https://www.railyatri.in/bus-operators/sana-travels-jesus,Not provided by RailYatri
Vrcr Vjw Ryct N A,https://www.railyatri.in/bus-operators/vrcr-vjw-ryct-n-a,Not provided by RailYatri
Shri Ashirwad Shree Durga Trvl,https://www.railyatri.in/bus-operators/shri-ashirwad-shree-durga-trvl,Not provided by RailYatri
Prabh Tour Travels,https://www.railyatri.in/bus-operators/prabh-tour-travels,Not provided by RailYatri
Babaraj Travels,https://www.railyatri.in/bus-operators/babaraj-travels,Not provided by RailYatri
Friends Tours And Travels Shailesh Pune,https://www.railyatri.in/bus-operators/friends-tours-and-travels-shailesh-pune,Not provided by RailYatri
Ashray National Express,https://www.railyatri.in/bus-operators/ashray-national-express,Not provided by RailYatri
New Guru Kashi Transport Co,https://www.railyatri.in/bus-operators/new-guru-kashi-transport-co,Not provided by RailYatri
Eagle Corporation Pvt Ltd,https://www.railyatri.in/bus-operators/eagle-corporation-pvt-ltd,Not provided by RailYatri
Goodwill Travels Godwill,https://www.railyatri.in/bus-operators/goodwill-travels-godwill,Not provided by RailYatri
Riyalink Travels Extra,https://www.railyatri.in/bus-operators/riyalink-travels-extra,Not provided by RailYatri
Mahendra Rajhans Travels Shree Swami Samarth,https://www.railyatri.in/bus-operators/mahendra-rajhans-travels-shree-swami-samarth,Not provided by RailYatri
R D Travel,https://www.railyatri.in/bus-operators/r-d-travel,Not provided by RailYatri
Neeldeep Travels,https://www.railyatri.in/bus-operators/neeldeep-travels,Not provided by RailYatri
Sairam Travels Pune Vaishnavi Green,https://www.railyatri.in/bus-operators/sairam-travels-pune-vaishnavi-green,Not provided by RailYatri
S L Travels Sl,https://www.railyatri.in/bus-operators/s-l-travels-sl,Not provided by RailYatri
Samy Travels Nakshtra,https://www.railyatri.in/bus-operators/samy-travels-nakshtra,Not provided by RailYatri
Pooja Paraswnath Travels,https://www.railyatri.in/bus-operators/pooja-paraswnath-travels,Not provided by RailYatri
Sky Bus Service,https://www.railyatri.in/bus-operators/sky-bus-service,Not provided by RailYatri
Mb Travels Anand,https://www.railyatri.in/bus-operators/mb-travels-anand,Not provided by RailYatri
Shri Ganraj Travels Jai Mata Di,https://www.railyatri.in/bus-operators/shri-ganraj-travels-jai-mata-di,Not provided by RailYatri
Geepee Travels Bus,https://www.railyatri.in/bus-operators/geepee-travels-bus,Not provided by RailYatri
Sbstc Karunamoyee Burdwan A C,https://www.railyatri.in/bus-operators/sbstc-karunamoyee-burdwan-a-c,Not provided by RailYatri
Mahendra Rajhans Travels Mode Maharaj Krupa,https://www.railyatri.in/bus-operators/mahendra-rajhans-travels-mode-maharaj-krupa,Not provided by RailYatri
Rajendra Tours And Travels,https://www.railyatri.in/bus-operators/rajendra-tours-and-travels,Not provided by RailYatri
Arshiya Travels,https://www.railyatri.in/bus-operators/arshiya-travels,Not provided by RailYatri
Samay Shatabdi Travels Pvt Ltd No Washroom,https://www.railyatri.in/bus-operators/samay-shatabdi-travels-pvt-ltd-no-washroom,Not provided by RailYatri
Rahul Travels Sindh Star Bus Mini Bus Hi Back Sit,https://www.railyatri.in/bus-operators/rahul-travels-sindh-star-bus-mini-bus-hi-back-sit,Not provided by RailYatri
Ashik Travels Pvt Ltd,https://www.railyatri.in/bus-operators/ashik-travels-pvt-ltd,Not provided by RailYatri
National Holidays Travels,https://www.railyatri.in/bus-operators/national-holidays-travels,Not provided by RailYatri
Royal Travels Shiv Sai Express,https://www.railyatri.in/bus-operators/royal-travels-shiv-sai-express,Not provided by RailYatri
Rishabh Travels Ajayraj Coach,https://www.railyatri.in/bus-operators/rishabh-travels-ajayraj-coach,Not provided by RailYatri
New United Travel,https://www.railyatri.in/bus-operators/new-united-travel,Not provided by RailYatri
Ns Travels Shri Abhinandan,https://www.railyatri.in/bus-operators/ns-travels-shri-abhinandan,Not provided by RailYatri
New Shreeraj Travels Moreshwar Seater,https://www.railyatri.in/bus-operators/new-shreeraj-travels-moreshwar-seater,Not provided by RailYatri
Hkb Travels,https://www.railyatri.in/bus-operators/hkb-travels,Not provided by RailYatri
Shree Sai Travels Sas Yatra,https://www.railyatri.in/bus-operators/shree-sai-travels-sas-yatra,Not provided by RailYatri
Babu Travels New Push Back,https://www.railyatri.in/bus-operators/babu-travels-new-push-back,Not provided by RailYatri
Ashok Travels Delhi,https://www.railyatri.in/bus-operators/ashok-travels-delhi,Not provided by RailYatri
Gayaka Travels,https://www.railyatri.in/bus-operators/gayaka-travels,Not provided by RailYatri
Shree Maruti Travels Bharatpur Corssing In Non Ac Seat,https://www.railyatri.in/bus-operators/shree-maruti-travels-bharatpur-corssing-in-non-ac-seat,Not provided by RailYatri
Chandra Shreeji Darshan Travels J J Welcome,https://www.railyatri.in/bus-operators/chandra-shreeji-darshan-travels-j-j-welcome,Not provided by RailYatri
B I S Travels Rishabh,https://www.railyatri.in/bus-operators/b-i-s-travels-rishabh,Not provided by RailYatri
Suyog Travels Swaranjali,https://www.railyatri.in/bus-operators/suyog-travels-swaranjali,Not provided by RailYatri
Sheetal Travels Shree Mahalaxmi,https://www.railyatri.in/bus-operators/sheetal-travels-shree-mahalaxmi,Not provided by RailYatri
Maharashtra Travels Sidhakala,https://www.railyatri.in/bus-operators/maharashtra-travels-sidhakala,Not provided by RailYatri
Baba Tours And Travels Sameer,https://www.railyatri.in/bus-operators/baba-tours-and-travels-sameer,Not provided by RailYatri
Balaji Tourist Centre Balaji,https://www.railyatri.in/bus-operators/balaji-tourist-centre-balaji,Not provided by RailYatri
Ns Travels Sonali Seater,https://www.railyatri.in/bus-operators/ns-travels-sonali-seater,Not provided by RailYatri
Jai Maaruthi Travels,https://www.railyatri.in/bus-operators/jai-maaruthi-travels,Not provided by RailYatri
Online Go Kolpe Tr,https://www.railyatri.in/bus-operators/online-go-kolpe-tr,Not provided by RailYatri
Neeldeep Travels Brand New Universal,https://www.railyatri.in/bus-operators/neeldeep-travels-brand-new-universal,Not provided by RailYatri
Sri Vallabai And Travels,https://www.railyatri.in/bus-operators/sri-vallabai-and-travels,Not provided by RailYatri
Nandan Travels Volvo Multiaxle,https://www.railyatri.in/bus-operators/nandan-travels-volvo-multiaxle,Not provided by RailYatri
Vishnu Travels Sai,https://www.railyatri.in/bus-operators/vishnu-travels-sai,Not provided by RailYatri
Shivalay Tours And Travels Tusharraj,https://www.railyatri.in/bus-operators/shivalay-tours-and-travels-tusharraj,Not provided by RailYatri
Vbr Travels,https://www.railyatri.in/bus-operators/vbr-travels,Not provided by RailYatri
Knr Tours And Travels,https://www.railyatri.in/bus-operators/knr-tours-and-travels,Not provided by RailYatri
Sana Travels Laksha,https://www.railyatri.in/bus-operators/sana-travels-laksha,Not provided by RailYatri
Shree Shanti Travels Ac Coach Amar Travels,https://www.railyatri.in/bus-operators/shree-shanti-travels-ac-coach-amar-travels,Not provided by RailYatri
S N T Travels Chintamani,https://www.railyatri.in/bus-operators/s-n-t-travels-chintamani,Not provided by RailYatri
N T Sai Tours And Travels,https://www.railyatri.in/bus-operators/n-t-sai-tours-and-travels,Not provided by RailYatri
Lnt Travels Sushant,https://www.railyatri.in/bus-operators/lnt-travels-sushant,Not provided by RailYatri
Khushal Travels Khushal Queen New Brand,https://www.railyatri.in/bus-operators/khushal-travels-khushal-queen-new-brand,Not provided by RailYatri
Khushal Travels Godavari Express,https://www.railyatri.in/bus-operators/khushal-travels-godavari-express,Not provided by RailYatri
Bhakti Travels New Brand Bhakti World,https://www.railyatri.in/bus-operators/bhakti-travels-new-brand-bhakti-world,Not provided by RailYatri
Jebamani Travels,https://www.railyatri.in/bus-operators/jebamani-travels,Not provided by RailYatri
Preethi Tours Travels,https://www.railyatri.in/bus-operators/preethi-tours-travels,Not provided by RailYatri
Ebenezer Logistics,https://www.railyatri.in/bus-operators/ebenezer-logistics,Not provided by RailYatri
Mahaveer Travels Company Int Come No,https://www.railyatri.in/bus-operators/mahaveer-travels-company-int-come-no,Not provided by RailYatri
Sankalp Travels Latur Ashwaraj,https://www.railyatri.in/bus-operators/sankalp-travels-latur-ashwaraj,Not provided by RailYatri
Jai Maa Durga Travels,https://www.railyatri.in/bus-operators/jai-maa-durga-travels,Not provided by RailYatri
Shekhwat Rinku Travels V K Jain,https://www.railyatri.in/bus-operators/shekhwat-rinku-travels-v-k-jain,Not provided by RailYatri
Naresh Travels Chitrakote Special Airsuspension X Ac Seat Sleeper With L,https://www.railyatri.in/bus-operators/naresh-travels-chitrakote-special-airsuspension-x-ac-seat-sleeper-with-l,Not provided by RailYatri
Maharaja Travels Pune Maharaja,https://www.railyatri.in/bus-operators/maharaja-travels-pune-maharaja,Not provided by RailYatri
Emirate Travels,https://www.railyatri.in/bus-operators/emirate-travels,Not provided by RailYatri
Mansi R Fernandes Travels,https://www.railyatri.in/bus-operators/mansi-r-fernandes-travels,Not provided by RailYatri
King Of Queen Travels Transport,https://www.railyatri.in/bus-operators/king-of-queen-travels-transport,Not provided by RailYatri
Hasan Travels,https://www.railyatri.in/bus-operators/hasan-travels,Not provided by RailYatri
Shree Ambika Tourist Agency,https://www.railyatri.in/bus-operators/shree-ambika-tourist-agency,Not provided by RailYatri
Ashwini Travels,https://www.railyatri.in/bus-operators/ashwini-travels,Not provided by RailYatri
Jain Travels Surat Extra,https://www.railyatri.in/bus-operators/jain-travels-surat-extra,Not provided by RailYatri
Kaleswari Travels Kaleswari,https://www.railyatri.in/bus-operators/kaleswari-travels-kaleswari,Not provided by RailYatri
Skyline Travels Bakshi,https://www.railyatri.in/bus-operators/skyline-travels-bakshi,Not provided by RailYatri
S S Travels,https://www.railyatri.in/bus-operators/s-s-travels,Not provided by RailYatri
Paulo Travels Kingsize Ac Sleeper,https://www.railyatri.in/bus-operators/paulo-travels-kingsize-ac-sleeper,Not provided by RailYatri
Holiday Travels Holiday Plus,https://www.railyatri.in/bus-operators/holiday-travels-holiday-plus,Not provided by RailYatri
Limra Travel Agency,https://www.railyatri.in/bus-operators/limra-travel-agency,Not provided by RailYatri
Rajdhani,https://www.railyatri.in/bus-operators/rajdhani,Not provided by RailYatri
Babu Travels Rai Bus Service,https://www.railyatri.in/bus-operators/babu-travels-rai-bus-service,Not provided by RailYatri
Punjab Travels Brand New Seat And Sleeper Coch,https://www.railyatri.in/bus-operators/punjab-travels-brand-new-seat-and-sleeper-coch,Not provided by RailYatri
Blue World Travels,https://www.railyatri.in/bus-operators/blue-world-travels,Not provided by RailYatri
Kingfisher Translines Mahalaxmi,https://www.railyatri.in/bus-operators/kingfisher-translines-mahalaxmi,Not provided by RailYatri
Shatabdi Travels Indore,https://www.railyatri.in/bus-operators/shatabdi-travels-indore,Not provided by RailYatri
Raj Himachal Holidays,https://www.railyatri.in/bus-operators/raj-himachal-holidays,Not provided by RailYatri
Shiv Sai Travels Simba Cruizer First Class,https://www.railyatri.in/bus-operators/shiv-sai-travels-simba-cruizer-first-class,Not provided by RailYatri
Shailesh Travels Trimurti,https://www.railyatri.in/bus-operators/shailesh-travels-trimurti,Not provided by RailYatri
Vaishali Express Gonda,https://www.railyatri.in/bus-operators/vaishali-express-gonda,Not provided by RailYatri
Flash Bus Flash Bus,https://www.railyatri.in/bus-operators/flash-bus-flash-bus,Not provided by RailYatri
Metro Tours And Travels,https://www.railyatri.in/bus-operators/metro-tours-and-travels,Not provided by RailYatri
Kavin Travels,https://www.railyatri.in/bus-operators/kavin-travels,Not provided by RailYatri
Global Travels Global Green Liner,https://www.railyatri.in/bus-operators/global-travels-global-green-liner,Not provided by RailYatri
Safar Travels Beed Safar,https://www.railyatri.in/bus-operators/safar-travels-beed-safar,Not provided by RailYatri
Shiv Sai Travels Club Class,https://www.railyatri.in/bus-operators/shiv-sai-travels-club-class,Not provided by RailYatri
Onkar Tours And Travels,https://www.railyatri.in/bus-operators/onkar-tours-and-travels,Not provided by RailYatri
Rai Bus Services A C And Heatiang,https://www.railyatri.in/bus-operators/rai-bus-services-a-c-and-heatiang,Not provided by RailYatri
Santosh Travels Pari Gold,https://www.railyatri.in/bus-operators/santosh-travels-pari-gold,Not provided by RailYatri
Rahi Tour And Travels Annapurna,https://www.railyatri.in/bus-operators/rahi-tour-and-travels-annapurna,Not provided by RailYatri
Laxman Travels Via Shirdi Sangamner,https://www.railyatri.in/bus-operators/laxman-travels-via-shirdi-sangamner,Not provided by RailYatri
Priyanka Travels Shreyas,https://www.railyatri.in/bus-operators/priyanka-travels-shreyas,Not provided by RailYatri
Vidarbha,https://www.railyatri.in/bus-operators/vidarbha,Not provided by RailYatri
Krishna Varun Narmada Skyblue,https://www.railyatri.in/bus-operators/krishna-varun-narmada-skyblue,Not provided by RailYatri
Maharashtra Travels Neelkamal,https://www.railyatri.in/bus-operators/maharashtra-travels-neelkamal,Not provided by RailYatri
Gpt Mohan Travels Rfernandes,https://www.railyatri.in/bus-operators/gpt-mohan-travels-rfernandes,Not provided by RailYatri
Pragati Travels Latur Durva,https://www.railyatri.in/bus-operators/pragati-travels-latur-durva,Not provided by RailYatri
Bhavana Travels Moraya,https://www.railyatri.in/bus-operators/bhavana-travels-moraya,Not provided by RailYatri
Ashray Travels Navalai,https://www.railyatri.in/bus-operators/ashray-travels-navalai,Not provided by RailYatri
Rising Star,https://www.railyatri.in/bus-operators/rising-star,Not provided by RailYatri
Kanha Super Deluxe,https://www.railyatri.in/bus-operators/kanha-super-deluxe,Not provided by RailYatri
Rishabh Travels Air Suspenssion,https://www.railyatri.in/bus-operators/rishabh-travels-air-suspenssion,Not provided by RailYatri
Chanchal Travels,https://www.railyatri.in/bus-operators/chanchal-travels,Not provided by RailYatri
Paulo Travels X King Size Family Ac Sleeper Seater,https://www.railyatri.in/bus-operators/paulo-travels-x-king-size-family-ac-sleeper-seater,Not provided by RailYatri
Krishna Varun Narmada Red,https://www.railyatri.in/bus-operators/krishna-varun-narmada-red,Not provided by RailYatri
Shri Ganeshnath Tours And Travels Ganeshnath,https://www.railyatri.in/bus-operators/shri-ganeshnath-tours-and-travels-ganeshnath,Not provided by RailYatri
Friends Tours And Travels Friends,https://www.railyatri.in/bus-operators/friends-tours-and-travels-friends,Not provided by RailYatri
Rudraksh,https://www.railyatri.in/bus-operators/rudraksh,Not provided by RailYatri
Sana Tours And Travels Beed,https://www.railyatri.in/bus-operators/sana-tours-and-travels-beed,Not provided by RailYatri
Eagle Travels Akash,https://www.railyatri.in/bus-operators/eagle-travels-akash,Not provided by RailYatri
Lrl Travels Lrl New Brand,https://www.railyatri.in/bus-operators/lrl-travels-lrl-new-brand,Not provided by RailYatri
Hosanna Travels,https://www.railyatri.in/bus-operators/hosanna-travels,Not provided by RailYatri
Sri Durga Travels,https://www.railyatri.in/bus-operators/sri-durga-travels,Not provided by RailYatri
Rahul Tours And Travels,https://www.railyatri.in/bus-operators/rahul-tours-and-travels,Not provided by RailYatri
Amruta Travels,https://www.railyatri.in/bus-operators/amruta-travels,Not provided by RailYatri
Jai Dev Yatra Co,https://www.railyatri.in/bus-operators/jai-dev-yatra-co,Not provided by RailYatri
Krishna Varun Narmada Blue,https://www.railyatri.in/bus-operators/krishna-varun-narmada-blue,Not provided by RailYatri
Krishna Varun Narmada Gold,https://www.railyatri.in/bus-operators/krishna-varun-narmada-gold,Not provided by RailYatri
Prasanna Vidarbha Queen Travels,https://www.railyatri.in/bus-operators/prasanna-vidarbha-queen-travels,Not provided by RailYatri
Prasanna Metrolink,https://www.railyatri.in/bus-operators/prasanna-metrolink,Not provided by RailYatri
New Prathamesh Travels Om Bajrang,https://www.railyatri.in/bus-operators/new-prathamesh-travels-om-bajrang,Not provided by RailYatri
Babu Travels Rewar Travels,https://www.railyatri.in/bus-operators/babu-travels-rewar-travels,Not provided by RailYatri
Prince Tours,https://www.railyatri.in/bus-operators/prince-tours,Not provided by RailYatri
Deep Travels Dream Liner Brand New,https://www.railyatri.in/bus-operators/deep-travels-dream-liner-brand-new,Not provided by RailYatri
Vaishali Express Via Faizabad,https://www.railyatri.in/bus-operators/vaishali-express-via-faizabad,Not provided by RailYatri
Raghuvanshi Travels,https://www.railyatri.in/bus-operators/raghuvanshi-travels,Not provided by RailYatri
Raana Tours And Travels,https://www.railyatri.in/bus-operators/raana-tours-and-travels,Not provided by RailYatri
Madurai Mullai Travels,https://www.railyatri.in/bus-operators/madurai-mullai-travels,Not provided by RailYatri
Om Sai Ram R Fernandes Travels,https://www.railyatri.in/bus-operators/om-sai-ram-r-fernandes-travels,Not provided by RailYatri
Night Riders Vaishnavi,https://www.railyatri.in/bus-operators/night-riders-vaishnavi,Not provided by RailYatri
Sana Tours And Travels Beed Sr Travels,https://www.railyatri.in/bus-operators/sana-tours-and-travels-beed-sr-travels,Not provided by RailYatri
Sabar Travels,https://www.railyatri.in/bus-operators/sabar-travels,Not provided by RailYatri
Virat Travels Amar Travels,https://www.railyatri.in/bus-operators/virat-travels-amar-travels,Not provided by RailYatri
Shree Humsafar Travels Morya,https://www.railyatri.in/bus-operators/shree-humsafar-travels-morya,Not provided by RailYatri
Ashoka Tours And Travels Ashoka Travels,https://www.railyatri.in/bus-operators/ashoka-tours-and-travels-ashoka-travels,Not provided by RailYatri
Glint Bus,https://www.railyatri.in/bus-operators/glint-bus,Not provided by RailYatri
Mauli Travels Mauli Alandi,https://www.railyatri.in/bus-operators/mauli-travels-mauli-alandi,Not provided by RailYatri
Rahul Travels Rahul Trahul City Link,https://www.railyatri.in/bus-operators/rahul-travels-rahul-trahul-city-link,Not provided by RailYatri
Swami Travels Pune Swami Travel,https://www.railyatri.in/bus-operators/swami-travels-pune-swami-travel,Not provided by RailYatri
Uncle Travels Jalgaon Shubam,https://www.railyatri.in/bus-operators/uncle-travels-jalgaon-shubam,Not provided by RailYatri
Holiday Himachal Travels,https://www.railyatri.in/bus-operators/holiday-himachal-travels,Not provided by RailYatri
Paulo Travels X Ac Sleeper X Ac Sleeper,https://www.railyatri.in/bus-operators/paulo-travels-x-ac-sleeper-x-ac-sleeper,Not provided by RailYatri
Sai Shraddha Tours And Travels,https://www.railyatri.in/bus-operators/sai-shraddha-tours-and-travels,Not provided by RailYatri
Kalra Bus Service,https://www.railyatri.in/bus-operators/kalra-bus-service,Not provided by RailYatri
Paulo Travels X Kingsize Family Ac Sleeper Seater X Kingsize Family Ac,https://www.railyatri.in/bus-operators/paulo-travels-x-kingsize-family-ac-sleeper-seater-x-kingsize-family-ac,Not provided by RailYatri
Lalu Bus Services,https://www.railyatri.in/bus-operators/lalu-bus-services,Not provided by RailYatri
Kaleswari Travels Transit,https://www.railyatri.in/bus-operators/kaleswari-travels-transit,Not provided by RailYatri
Rajmata Travels,https://www.railyatri.in/bus-operators/rajmata-travels,Not provided by RailYatri
Maa Parwati Travels,https://www.railyatri.in/bus-operators/maa-parwati-travels,Not provided by RailYatri
Narmada,https://www.railyatri.in/bus-operators/narmada,Not provided by RailYatri
Rahul Travels Rahul Travels Ankush,https://www.railyatri.in/bus-operators/rahul-travels-rahul-travels-ankush,Not provided by RailYatri
Vinod Travel Mercedes Benz,https://www.railyatri.in/bus-operators/vinod-travel-mercedes-benz,Not provided by RailYatri
Bhopal Travels Jain Bus Services,https://www.railyatri.in/bus-operators/bhopal-travels-jain-bus-services,Not provided by RailYatri
Lucky Tours And Travels,https://www.railyatri.in/bus-operators/lucky-tours-and-travels,Not provided by RailYatri
Kongu Transport,https://www.railyatri.in/bus-operators/kongu-transport,Not provided by RailYatri
Kanker Roadways Kingsize X Non Ac Seat Sleeper,https://www.railyatri.in/bus-operators/kanker-roadways-kingsize-x-non-ac-seat-sleeper,Not provided by RailYatri
Paulo Travels Ac Seater Sleeper,https://www.railyatri.in/bus-operators/paulo-travels-ac-seater-sleeper,Not provided by RailYatri
Shree Bhumi Travels Deepak Travels,https://www.railyatri.in/bus-operators/shree-bhumi-travels-deepak-travels,Not provided by RailYatri
Kaleswari Travels Kaleswari Travels,https://www.railyatri.in/bus-operators/kaleswari-travels-kaleswari-travels,Not provided by RailYatri
Omer,https://www.railyatri.in/bus-operators/omer,Not provided by RailYatri
Ranawat Travels And Cargo,https://www.railyatri.in/bus-operators/ranawat-travels-and-cargo,Not provided by RailYatri
Pushkraj Travels Pushkraj,https://www.railyatri.in/bus-operators/pushkraj-travels-pushkraj,Not provided by RailYatri
Tisha Travels,https://www.railyatri.in/bus-operators/tisha-travels,Not provided by RailYatri
Neelkanth Travels Rajkamal Travel,https://www.railyatri.in/bus-operators/neelkanth-travels-rajkamal-travel,Not provided by RailYatri
Himachal Road Transport Corporation,https://www.railyatri.in/bus-operators/himachal-road-transport-corporation,Not provided by RailYatri
Konduskar Dombivali Kalyan,https://www.railyatri.in/bus-operators/konduskar-dombivali-kalyan,Not provided by RailYatri
Universal Shri Siddhivinayak Travels,https://www.railyatri.in/bus-operators/universal-shri-siddhivinayak-travels,Not provided by RailYatri
Deepak Travels Sharad Travels,https://www.railyatri.in/bus-operators/deepak-travels-sharad-travels,Not provided by RailYatri
Rahul Travels Rahul Travels Sindh,https://www.railyatri.in/bus-operators/rahul-travels-rahul-travels-sindh,Not provided by RailYatri
Saiechha Travels Pune,https://www.railyatri.in/bus-operators/saiechha-travels-pune,Not provided by RailYatri
Sky Bus Om Sai Ram Bus Service,https://www.railyatri.in/bus-operators/sky-bus-om-sai-ram-bus-service,Not provided by RailYatri
Gujarat Travels Non Stop,https://www.railyatri.in/bus-operators/gujarat-travels-non-stop,Not provided by RailYatri
Jms Travels,https://www.railyatri.in/bus-operators/jms-travels,Not provided by RailYatri
Agniputhra Transports,https://www.railyatri.in/bus-operators/agniputhra-transports,Not provided by RailYatri
New Prathamesh Travels Sidhivinayak,https://www.railyatri.in/bus-operators/new-prathamesh-travels-sidhivinayak,Not provided by RailYatri
Purple Grand R Fernandes Travels,https://www.railyatri.in/bus-operators/purple-grand-r-fernandes-travels,Not provided by RailYatri
Bulbul Travels Iqra,https://www.railyatri.in/bus-operators/bulbul-travels-iqra,Not provided by RailYatri
Darshan Travels,https://www.railyatri.in/bus-operators/darshan-travels,Not provided by RailYatri
Saini Travels Pvt Ltd Volvo Ishift Multiaxle B R,https://www.railyatri.in/bus-operators/saini-travels-pvt-ltd-volvo-ishift-multiaxle-b-r,Not provided by RailYatri
Sangita Travels,https://www.railyatri.in/bus-operators/sangita-travels,Not provided by RailYatri
Neelkanth Travels Rajkamal,https://www.railyatri.in/bus-operators/neelkanth-travels-rajkamal,Not provided by RailYatri
Kanker Roadways Pvt Ltd X Nac Seater Sleeper X Nac Seater Sleeper X Nac Seater Sleeper,https://www.railyatri.in/bus-operators/kanker-roadways-pvt-ltd-x-nac-seater-sleeper-x-nac-seater-sleeper-x-nac-seater-sleeper,Not provided by RailYatri
Jahantravels,https://www.railyatri.in/bus-operators/jahantravels,Not provided by RailYatri
Ashoka Tours And Travels New Brand Bus,https://www.railyatri.in/bus-operators/ashoka-tours-and-travels-new-brand-bus,Not provided by RailYatri
Shrinath Travel,https://www.railyatri.in/bus-operators/shrinath-travel,Not provided by RailYatri
Puja Rath,https://www.railyatri.in/bus-operators/puja-rath,Not provided by RailYatri
Rahul Travels Rahul Travels Bul Bul,https://www.railyatri.in/bus-operators/rahul-travels-rahul-travels-bul-bul,Not provided by RailYatri
Ashoka Tours And Travels M B Link,https://www.railyatri.in/bus-operators/ashoka-tours-and-travels-m-b-link,Not provided by RailYatri
Saini Travels Pvt Ltd X Simba Passion,https://www.railyatri.in/bus-operators/saini-travels-pvt-ltd-x-simba-passion,Not provided by RailYatri
Mahalaxmi Travels Pareek Pareek,https://www.railyatri.in/bus-operators/mahalaxmi-travels-pareek-pareek,Not provided by RailYatri
Gauri Travels Gauri Brand New,https://www.railyatri.in/bus-operators/gauri-travels-gauri-brand-new,Not provided by RailYatri
Rmj Travels,https://www.railyatri.in/bus-operators/rmj-travels,Not provided by RailYatri
Rajlaxmi Shrinath Travel Agency Iso,https://www.railyatri.in/bus-operators/rajlaxmi-shrinath-travel-agency-iso,Not provided by RailYatri
Paulo Travels X Non Ac Seater Sleeper,https://www.railyatri.in/bus-operators/paulo-travels-x-non-ac-seater-sleeper,Not provided by RailYatri
M B Travels Via Khurai Pali,https://www.railyatri.in/bus-operators/m-b-travels-via-khurai-pali,Not provided by RailYatri
Bedi Travels,https://www.railyatri.in/bus-operators/bedi-travels,Not provided by RailYatri
Ocean Travels,https://www.railyatri.in/bus-operators/ocean-travels,Not provided by RailYatri
Renuka Travels Pushkar,https://www.railyatri.in/bus-operators/renuka-travels-pushkar,Not provided by RailYatri
Samay Shatabdi Travels Pvt Ltd No Pushback Seats,https://www.railyatri.in/bus-operators/samay-shatabdi-travels-pvt-ltd-no-pushback-seats,Not provided by RailYatri
Kingfisher Translines New Brand,https://www.railyatri.in/bus-operators/kingfisher-translines-new-brand,Not provided by RailYatri
Mb Travels,https://www.railyatri.in/bus-operators/mb-travels,Not provided by RailYatri
Saikrupa Travels,https://www.railyatri.in/bus-operators/saikrupa-travels,Not provided by RailYatri
Shree Vijayant Travels Anita Maya Travels,https://www.railyatri.in/bus-operators/shree-vijayant-travels-anita-maya-travels,Not provided by RailYatri
Sbstc Durgapur Kolkata A C,https://www.railyatri.in/bus-operators/sbstc-durgapur-kolkata-a-c,Not provided by RailYatri
Sbstc Garia Asansol Via Karunamoyee,https://www.railyatri.in/bus-operators/sbstc-garia-asansol-via-karunamoyee,Not provided by RailYatri
Sbstc Kolkata Durgapur A C,https://www.railyatri.in/bus-operators/sbstc-kolkata-durgapur-a-c,Not provided by RailYatri
Skyline Travels,https://www.railyatri.in/bus-operators/skyline-travels,Not provided by RailYatri
Ashok Travels Ashok,https://www.railyatri.in/bus-operators/ashok-travels-ashok,Not provided by RailYatri
Sri Kaleswari Brothers,https://www.railyatri.in/bus-operators/sri-kaleswari-brothers,Not provided by RailYatri
Sbstc Kolkata Purulia,https://www.railyatri.in/bus-operators/sbstc-kolkata-purulia,Not provided by RailYatri
Lnt Travels Drc Travels,https://www.railyatri.in/bus-operators/lnt-travels-drc-travels,Not provided by RailYatri
Magical Express,https://www.railyatri.in/bus-operators/magical-express,Not provided by RailYatri
S K Tours And Travels,https://www.railyatri.in/bus-operators/s-k-tours-and-travels,Not provided by RailYatri
Kothari Travels Non Ac,https://www.railyatri.in/bus-operators/kothari-travels-non-ac,Not provided by RailYatri
Bhopal Travels Citizen Bus Service,https://www.railyatri.in/bus-operators/bhopal-travels-citizen-bus-service,Not provided by RailYatri
Sai Chaitanya,https://www.railyatri.in/bus-operators/sai-chaitanya,Not provided by RailYatri
Venky Bus,https://www.railyatri.in/bus-operators/venky-bus,Not provided by RailYatri
Ashoka Travel Dadar,https://www.railyatri.in/bus-operators/ashoka-travel-dadar,Not provided by RailYatri
Rahul Tour And Travels,https://www.railyatri.in/bus-operators/rahul-tour-and-travels,Not provided by RailYatri
Khushi Express Travels,https://www.railyatri.in/bus-operators/khushi-express-travels,Not provided by RailYatri
Samay Shatabdi Travels Pvt Ltd Washroom,https://www.railyatri.in/bus-operators/samay-shatabdi-travels-pvt-ltd-washroom,Not provided by RailYatri
Samay Shatabdi Travels Pvt Ltd No Pushback Seat,https://www.railyatri.in/bus-operators/samay-shatabdi-travels-pvt-ltd-no-pushback-seat,Not provided by RailYatri
Kaveri Travels,https://www.railyatri.in/bus-operators/kaveri-travels,Not provided by RailYatri
Satnam Travels Sky Height,https://www.railyatri.in/bus-operators/satnam-travels-sky-height,Not provided by RailYatri
Shatabdi Travels Gwl,https://www.railyatri.in/bus-operators/shatabdi-travels-gwl,Not provided by RailYatri
Kgn Travels Mnt Express,https://www.railyatri.in/bus-operators/kgn-travels-mnt-express,Not provided by RailYatri
Raana Travels,https://www.railyatri.in/bus-operators/raana-travels,Not provided by RailYatri
Universal Padmalay Travels,https://www.railyatri.in/bus-operators/universal-padmalay-travels,Not provided by RailYatri
Raj Ratan Tours And Travels Shrinath Travel Agency,https://www.railyatri.in/bus-operators/raj-ratan-tours-and-travels-shrinath-travel-agency,Not provided by RailYatri
Indo Rail Bus Travel Pvt Ltd,https://www.railyatri.in/bus-operators/indo-rail-bus-travel-pvt-ltd,Not provided by RailYatri
N T J V Travels,https://www.railyatri.in/bus-operators/n-t-j-v-travels,Not provided by RailYatri
Online Go Ajay,https://www.railyatri.in/bus-operators/online-go-ajay,Not provided by RailYatri
Shreeraj Travels Vikrant,https://www.railyatri.in/bus-operators/shreeraj-travels-vikrant,Not provided by RailYatri
Sarthi Travels Syndicate,https://www.railyatri.in/bus-operators/sarthi-travels-syndicate,Not provided by RailYatri
Neel Kamal Travels,https://www.railyatri.in/bus-operators/neel-kamal-travels,Not provided by RailYatri
Brijway Khurana,https://www.railyatri.in/bus-operators/brijway-khurana,Not provided by RailYatri
Expresso Cityway,https://www.railyatri.in/bus-operators/expresso-cityway,Not provided by RailYatri
Atmaram Travels Manish Travels,https://www.railyatri.in/bus-operators/atmaram-travels-manish-travels,Not provided by RailYatri
Kusum Travels,https://www.railyatri.in/bus-operators/kusum-travels,Not provided by RailYatri
Sbstc Asansol Garia Via Dgp Karunamoyee,https://www.railyatri.in/bus-operators/sbstc-asansol-garia-via-dgp-karunamoyee,Not provided by RailYatri
Jagdamba Travels,https://www.railyatri.in/bus-operators/jagdamba-travels,Not provided by RailYatri
Shri Sai Travels Vt,https://www.railyatri.in/bus-operators/shri-sai-travels-vt,Not provided by RailYatri
Sai Aaradhya Travels,https://www.railyatri.in/bus-operators/sai-aaradhya-travels,Not provided by RailYatri
Evacay Bus,https://www.railyatri.in/bus-operators/evacay-bus,Not provided by RailYatri
Shrinath Travel Agency Pvt Ltd Shrinath Kalpna,https://www.railyatri.in/bus-operators/shrinath-travel-agency-pvt-ltd-shrinath-kalpna,Not provided by RailYatri
Bhutadaj Shriphal Travels,https://www.railyatri.in/bus-operators/bhutadaj-shriphal-travels,Not provided by RailYatri
Neelkanth Travels Ultra Laxurious,https://www.railyatri.in/bus-operators/neelkanth-travels-ultra-laxurious,Not provided by RailYatri
Pragati Travels Latur New Brand,https://www.railyatri.in/bus-operators/pragati-travels-latur-new-brand,Not provided by RailYatri
WBTC,https://www.railyatri.in/bus-operators/wbtc,Not provided by RailYatri
Bhakti Travelsbhakti Intercity Warje,https://www.railyatri.in/bus-operators/bhakti-travelsbhakti-intercity-warje,Not provided by RailYatri
Santosh Tours And Travels,https://www.railyatri.in/bus-operators/santosh-tours-and-travels,Not provided by RailYatri
Sai Yatra Travels Balaji,https://www.railyatri.in/bus-operators/sai-yatra-travels-balaji,Not provided by RailYatri
Dadar Travels Sai Chaitanya Travels,https://www.railyatri.in/bus-operators/dadar-travels-sai-chaitanya-travels,Not provided by RailYatri
Saini Travels Pvt Ltd Non Stop Mercedes Benz,https://www.railyatri.in/bus-operators/saini-travels-pvt-ltd-non-stop-mercedes-benz,Not provided by RailYatri
Konduskar Dadar Borivali Sleeper,https://www.railyatri.in/bus-operators/konduskar-dadar-borivali-sleeper,Not provided by RailYatri
Sagar,https://www.railyatri.in/bus-operators/sagar,Not provided by RailYatri
St Christopher Travels,https://www.railyatri.in/bus-operators/st-christopher-travels,Not provided by RailYatri
Rahul Travels Balaji New Brand,https://www.railyatri.in/bus-operators/rahul-travels-balaji-new-brand,Not provided by RailYatri
Shreenath Yadav Indore Mahashakti,https://www.railyatri.in/bus-operators/shreenath-yadav-indore-mahashakti,Not provided by RailYatri
Nandan Travels Nagpur Airport Express,https://www.railyatri.in/bus-operators/nandan-travels-nagpur-airport-express,Not provided by RailYatri
Preeti Travels Brand New,https://www.railyatri.in/bus-operators/preeti-travels-brand-new,Not provided by RailYatri
Dhanush Tours And Travels Dhanush,https://www.railyatri.in/bus-operators/dhanush-tours-and-travels-dhanush,Not provided by RailYatri
Speedways Travels,https://www.railyatri.in/bus-operators/speedways-travels,Not provided by RailYatri
Shreenath Travellers Iso Certified Manmandir Travels,https://www.railyatri.in/bus-operators/shreenath-travellers-iso-certified-manmandir-travels,Not provided by RailYatri
Mansi Travels Pune Samarth,https://www.railyatri.in/bus-operators/mansi-travels-pune-samarth,Not provided by RailYatri
Subh Yatri Holidays,https://www.railyatri.in/bus-operators/subh-yatri-holidays,Not provided by RailYatri
Santosh Travels Ebenezer,https://www.railyatri.in/bus-operators/santosh-travels-ebenezer,Not provided by RailYatri
Kothari Travels Air Suspension,https://www.railyatri.in/bus-operators/kothari-travels-air-suspension,Not provided by RailYatri
Swami Travels Pune Brand New Swami,https://www.railyatri.in/bus-operators/swami-travels-pune-brand-new-swami,Not provided by RailYatri
Bhopal Travels Pandit Travels,https://www.railyatri.in/bus-operators/bhopal-travels-pandit-travels,Not provided by RailYatri
New Travels India,https://www.railyatri.in/bus-operators/new-travels-india,Not provided by RailYatri
Radha Prem Travel Agency Brand New,https://www.railyatri.in/bus-operators/radha-prem-travel-agency-brand-new,Not provided by RailYatri
Kavi Travels,https://www.railyatri.in/bus-operators/kavi-travels,Not provided by RailYatri
Ap Travels Balaji,https://www.railyatri.in/bus-operators/ap-travels-balaji,Not provided by RailYatri
Prince Travels Ahmedabad Metrocity,https://www.railyatri.in/bus-operators/prince-travels-ahmedabad-metrocity,Not provided by RailYatri
Chamunda Tours And Travels,https://www.railyatri.in/bus-operators/chamunda-tours-and-travels,Not provided by RailYatri
Gajanan,https://www.railyatri.in/bus-operators/gajanan,Not provided by RailYatri
Sbstc Digha Kirnahar Via Kol Bwn,https://www.railyatri.in/bus-operators/sbstc-digha-kirnahar-via-kol-bwn,Not provided by RailYatri
Shree Yash Travels,https://www.railyatri.in/bus-operators/shree-yash-travels,Not provided by RailYatri
Radhakrishna Travels Om Sai,https://www.railyatri.in/bus-operators/radhakrishna-travels-om-sai,Not provided by RailYatri
Manasvi Travels Manasvi,https://www.railyatri.in/bus-operators/manasvi-travels-manasvi,Not provided by RailYatri
Manmandir Rahul,https://www.railyatri.in/bus-operators/manmandir-rahul,Not provided by RailYatri
Slt Travels,https://www.railyatri.in/bus-operators/slt-travels,Not provided by RailYatri
Bg Shatabdi Travels,https://www.railyatri.in/bus-operators/bg-shatabdi-travels,Not provided by RailYatri
Madhav Bus Service Madhav,https://www.railyatri.in/bus-operators/madhav-bus-service-madhav,Not provided by RailYatri
Sikarwar Travels,https://www.railyatri.in/bus-operators/sikarwar-travels,Not provided by RailYatri
Raj Express Rajkamal,https://www.railyatri.in/bus-operators/raj-express-rajkamal,Not provided by RailYatri
Nandan Travels Hi Deck Non Stop Express,https://www.railyatri.in/bus-operators/nandan-travels-hi-deck-non-stop-express,Not provided by RailYatri
New Akash Travels Redfox,https://www.railyatri.in/bus-operators/new-akash-travels-redfox,Not provided by RailYatri
Veenus Travels,https://www.railyatri.in/bus-operators/veenus-travels,Not provided by RailYatri
Nandan Travels Hi Deck Ac,https://www.railyatri.in/bus-operators/nandan-travels-hi-deck-ac,Not provided by RailYatri
Khushal Travels Godavari Exp New Brand,https://www.railyatri.in/bus-operators/khushal-travels-godavari-exp-new-brand,Not provided by RailYatri
Paulo Travels X King Size Family Ac Seater Sleeper With Backrest,https://www.railyatri.in/bus-operators/paulo-travels-x-king-size-family-ac-seater-sleeper-with-backrest,Not provided by RailYatri
Syndicate Travels Corporation,https://www.railyatri.in/bus-operators/syndicate-travels-corporation,Not provided by RailYatri
Jai Shrinath Ji Ki Vgo,https://www.railyatri.in/bus-operators/jai-shrinath-ji-ki-vgo,Not provided by RailYatri
Mangalmurti Tours And Travels,https://www.railyatri.in/bus-operators/mangalmurti-tours-and-travels,Not provided by RailYatri
New Akash Travels Sairaj,https://www.railyatri.in/bus-operators/new-akash-travels-sairaj,Not provided by RailYatri
Rk Bajrang Travels,https://www.railyatri.in/bus-operators/rk-bajrang-travels,Not provided by RailYatri
Kamal Travels Babu Travels,https://www.railyatri.in/bus-operators/kamal-travels-babu-travels,Not provided by RailYatri
Konduskar Via Nigdi Pimpari Chinchwad,https://www.railyatri.in/bus-operators/konduskar-via-nigdi-pimpari-chinchwad,Not provided by RailYatri
Shree Vijay Travels Royal Travelsroyal Travels,https://www.railyatri.in/bus-operators/shree-vijay-travels-royal-travelsroyal-travels,Not provided by RailYatri
Shreeraj Travels Pushkar,https://www.railyatri.in/bus-operators/shreeraj-travels-pushkar,Not provided by RailYatri
Gosuperbus Luxury Line,https://www.railyatri.in/bus-operators/gosuperbus-luxury-line,Not provided by RailYatri
Ashray Travels Navalai Divine,https://www.railyatri.in/bus-operators/ashray-travels-navalai-divine,Not provided by RailYatri
Lucky Travels Pune Sana Shutter Coach,https://www.railyatri.in/bus-operators/lucky-travels-pune-sana-shutter-coach,Not provided by RailYatri
Kalpana And Kamla Travels,https://www.railyatri.in/bus-operators/kalpana-and-kamla-travels,Not provided by RailYatri
Nikita Travels Ankush Bus,https://www.railyatri.in/bus-operators/nikita-travels-ankush-bus,Not provided by RailYatri
Sbstc Durgapur Kolkata L S,https://www.railyatri.in/bus-operators/sbstc-durgapur-kolkata-l-s,Not provided by RailYatri
Raana Travels S Virani,https://www.railyatri.in/bus-operators/raana-travels-s-virani,Not provided by RailYatri
Kanker Roadways Pvt Ltd X Ac Sleeper X Ac Sleeper X Ac Sleeper X Ac Sleeper,https://www.railyatri.in/bus-operators/kanker-roadways-pvt-ltd-x-ac-sleeper-x-ac-sleeper-x-ac-sleeper-x-ac-sleeper,Not provided by RailYatri
Nr Travels,https://www.railyatri.in/bus-operators/nr-travels,Not provided by RailYatri
Tirupati Tourism Sai Shatabdi,https://www.railyatri.in/bus-operators/tirupati-tourism-sai-shatabdi,Not provided by RailYatri
Ansh Travels,https://www.railyatri.in/bus-operators/ansh-travels,Not provided by RailYatri
Five Star Travels Ekta Bus Ac Sleeper,https://www.railyatri.in/bus-operators/five-star-travels-ekta-bus-ac-sleeper,Not provided by RailYatri
Yadav Vishvkarma Tour And Travels,https://www.railyatri.in/bus-operators/yadav-vishvkarma-tour-and-travels,Not provided by RailYatri
Shri Ganeshtravels,https://www.railyatri.in/bus-operators/shri-ganeshtravels,Not provided by RailYatri
Konduskar Nigdi Pimpari Chinchwad,https://www.railyatri.in/bus-operators/konduskar-nigdi-pimpari-chinchwad,Not provided by RailYatri
Sbstc Kolkata Bankura,https://www.railyatri.in/bus-operators/sbstc-kolkata-bankura,Not provided by RailYatri
Night Rider Travels,https://www.railyatri.in/bus-operators/night-rider-travels,Not provided by RailYatri
Rahul Tra Murudeshwar,https://www.railyatri.in/bus-operators/rahul-tra-murudeshwar,Not provided by RailYatri
Sigma Tour And Travels,https://www.railyatri.in/bus-operators/sigma-tour-and-travels,Not provided by RailYatri
Samy Travels Ajay,https://www.railyatri.in/bus-operators/samy-travels-ajay,Not provided by RailYatri
Abhishek Tours And Travels,https://www.railyatri.in/bus-operators/abhishek-tours-and-travels,Not provided by RailYatri
Jai Mata Di Shri Ganraj Travels,https://www.railyatri.in/bus-operators/jai-mata-di-shri-ganraj-travels,Not provided by RailYatri
Baba Tours And Travels New Brand Bus,https://www.railyatri.in/bus-operators/baba-tours-and-travels-new-brand-bus,Not provided by RailYatri
Sanjay Travels Ichalkaranji Ichalkaranji Dadar Cst,https://www.railyatri.in/bus-operators/sanjay-travels-ichalkaranji-ichalkaranji-dadar-cst,Not provided by RailYatri
Sbstc Kolkata Bankura Via Maliara,https://www.railyatri.in/bus-operators/sbstc-kolkata-bankura-via-maliara,Not provided by RailYatri
Shine Star Luxury Coach And Cargo Pvt Ltd Raisinghnagar Vijaynagar Suratgarh,https://www.railyatri.in/bus-operators/shine-star-luxury-coach-and-cargo-pvt-ltd-raisinghnagar-vijaynagar-suratgarh,Not provided by RailYatri
Labbaik Tours And Travels Labbaik Travels,https://www.railyatri.in/bus-operators/labbaik-tours-and-travels-labbaik-travels,Not provided by RailYatri
Atmaram Travels Manish,https://www.railyatri.in/bus-operators/atmaram-travels-manish,Not provided by RailYatri
Modi Paras Travels,https://www.railyatri.in/bus-operators/modi-paras-travels,Not provided by RailYatri
Kmr Tours And Travels,https://www.railyatri.in/bus-operators/kmr-tours-and-travels,Not provided by RailYatri
Garud Travels,https://www.railyatri.in/bus-operators/garud-travels,Not provided by RailYatri
Konduskar Kalyan Dombivali Ac Sleepr,https://www.railyatri.in/bus-operators/konduskar-kalyan-dombivali-ac-sleepr,Not provided by RailYatri
A Z Tours And Travels Sai Sagar,https://www.railyatri.in/bus-operators/a-z-tours-and-travels-sai-sagar,Not provided by RailYatri
Veera Travels,https://www.railyatri.in/bus-operators/veera-travels,Not provided by RailYatri
Citizen Travels Gwalior,https://www.railyatri.in/bus-operators/citizen-travels-gwalior,Not provided by RailYatri
A Yellow Tours Travels,https://www.railyatri.in/bus-operators/a-yellow-tours-travels,Not provided by RailYatri
Shree Sanwariya Travels,https://www.railyatri.in/bus-operators/shree-sanwariya-travels,Not provided by RailYatri
Swami Travels Pune New Brand,https://www.railyatri.in/bus-operators/swami-travels-pune-new-brand,Not provided by RailYatri
Konduskar Nigdi Pimpri Cinchwad,https://www.railyatri.in/bus-operators/konduskar-nigdi-pimpri-cinchwad,Not provided by RailYatri
Neelkanth Travels,https://www.railyatri.in/bus-operators/neelkanth-travels,Not provided by RailYatri
Uncle Travels Guruganesh,https://www.railyatri.in/bus-operators/uncle-travels-guruganesh,Not provided by RailYatri
Gauri Travels Brand New Gauri,https://www.railyatri.in/bus-operators/gauri-travels-brand-new-gauri,Not provided by RailYatri
Sagar Manmandir,https://www.railyatri.in/bus-operators/sagar-manmandir,Not provided by RailYatri
Vibhav Holidays,https://www.railyatri.in/bus-operators/vibhav-holidays,Not provided by RailYatri
Sheetal Travels Shihori,https://www.railyatri.in/bus-operators/sheetal-travels-shihori,Not provided by RailYatri
Aditya Enterprises,https://www.railyatri.in/bus-operators/aditya-enterprises,Not provided by RailYatri
Rc,https://www.railyatri.in/bus-operators/rc,Not provided by RailYatri
Garib Rath Travels,https://www.railyatri.in/bus-operators/garib-rath-travels,Not provided by RailYatri
M R Tours And Travels,https://www.railyatri.in/bus-operators/m-r-tours-and-travels,Not provided by RailYatri
Varun Travels Latur Varun Gold,https://www.railyatri.in/bus-operators/varun-travels-latur-varun-gold,Not provided by RailYatri
Auodumbar Tours And Travels,https://www.railyatri.in/bus-operators/auodumbar-tours-and-travels,Not provided by RailYatri
Maharashtra Travels Hra,https://www.railyatri.in/bus-operators/maharashtra-travels-hra,Not provided by RailYatri
Best Travels Jmbs Pvt,https://www.railyatri.in/bus-operators/best-travels-jmbs-pvt,Not provided by RailYatri
Durga Services,https://www.railyatri.in/bus-operators/durga-services,Not provided by RailYatri
Nakoda S S Travels,https://www.railyatri.in/bus-operators/nakoda-s-s-travels,Not provided by RailYatri
Supreme Travels From Miraroad,https://www.railyatri.in/bus-operators/supreme-travels-from-miraroad,Not provided by RailYatri
Pinky Travels Sikar,https://www.railyatri.in/bus-operators/pinky-travels-sikar,Not provided by RailYatri
Shree Balaji Tours And Travels,https://www.railyatri.in/bus-operators/shree-balaji-tours-and-travels,Not provided by RailYatri
Bhati,https://www.railyatri.in/bus-operators/bhati,Not provided by RailYatri
Bsr Minerals And Travels,https://www.railyatri.in/bus-operators/bsr-minerals-and-travels,Not provided by RailYatri
Pushkraj Travels Brand New,https://www.railyatri.in/bus-operators/pushkraj-travels-brand-new,Not provided by RailYatri
Asmat Travels,https://www.railyatri.in/bus-operators/asmat-travels,Not provided by RailYatri
Shrinath Travel Agency Pvt Ltd Luxury Sleeper,https://www.railyatri.in/bus-operators/shrinath-travel-agency-pvt-ltd-luxury-sleeper,Not provided by RailYatri
Satnam Travels Verma Bus,https://www.railyatri.in/bus-operators/satnam-travels-verma-bus,Not provided by RailYatri
R S Yadav Travels Boarding To Nainital By Pickup Van From Kathgodam,https://www.railyatri.in/bus-operators/r-s-yadav-travels-boarding-to-nainital-by-pickup-van-from-kathgodam,Not provided by RailYatri
Salabham Travels,https://www.railyatri.in/bus-operators/salabham-travels,Not provided by RailYatri
Jayraj Travels,https://www.railyatri.in/bus-operators/jayraj-travels,Not provided by RailYatri
Pallavi Travels Shreyas New Brand,https://www.railyatri.in/bus-operators/pallavi-travels-shreyas-new-brand,Not provided by RailYatri
Radhakrishna Travels,https://www.railyatri.in/bus-operators/radhakrishna-travels,Not provided by RailYatri
Meera Tours Travels,https://www.railyatri.in/bus-operators/meera-tours-travels,Not provided by RailYatri
Atmaram Travels Sri Sai Atmaram Travels,https://www.railyatri.in/bus-operators/atmaram-travels-sri-sai-atmaram-travels,Not provided by RailYatri
Rajmudra Tours And Travels Arohi,https://www.railyatri.in/bus-operators/rajmudra-tours-and-travels-arohi,Not provided by RailYatri
Vidhan Tours Travels,https://www.railyatri.in/bus-operators/vidhan-tours-travels,Not provided by RailYatri
New Prathamesh Travels Jogeshwari,https://www.railyatri.in/bus-operators/new-prathamesh-travels-jogeshwari,Not provided by RailYatri
Sitaram Travels,https://www.railyatri.in/bus-operators/sitaram-travels,Not provided by RailYatri
Svr Tours Travels Shubham Bus,https://www.railyatri.in/bus-operators/svr-tours-travels-shubham-bus,Not provided by RailYatri
Raj Express Jyoti,https://www.railyatri.in/bus-operators/raj-express-jyoti,Not provided by RailYatri
Nakoda Travels Pravin,https://www.railyatri.in/bus-operators/nakoda-travels-pravin,Not provided by RailYatri
New Chakadola Travels,https://www.railyatri.in/bus-operators/new-chakadola-travels,Not provided by RailYatri
V S Tour And Travels,https://www.railyatri.in/bus-operators/v-s-tour-and-travels,Not provided by RailYatri
Tanvi Sai Travels,https://www.railyatri.in/bus-operators/tanvi-sai-travels,Not provided by RailYatri
Gurudatta Travels Pune Gurudatta New Pink,https://www.railyatri.in/bus-operators/gurudatta-travels-pune-gurudatta-new-pink,Not provided by RailYatri
Rahman A P Travels,https://www.railyatri.in/bus-operators/rahman-a-p-travels,Not provided by RailYatri
Virat Travels Pune Baba,https://www.railyatri.in/bus-operators/virat-travels-pune-baba,Not provided by RailYatri
S R A Travels,https://www.railyatri.in/bus-operators/s-r-a-travels,Not provided by RailYatri
Jmdt Mahakali,https://www.railyatri.in/bus-operators/jmdt-mahakali,Not provided by RailYatri
Chalantika Tours Private Limited,https://www.railyatri.in/bus-operators/chalantika-tours-private-limited,Not provided by RailYatri
Joy Maa Tara Electronics,https://www.railyatri.in/bus-operators/joy-maa-tara-electronics,Not provided by RailYatri
Blue Bird Travels,https://www.railyatri.in/bus-operators/blue-bird-travels,Not provided by RailYatri
Saini Travels Pvt Ltd Non Stop,https://www.railyatri.in/bus-operators/saini-travels-pvt-ltd-non-stop,Not provided by RailYatri
Sivani Travels,https://www.railyatri.in/bus-operators/sivani-travels,Not provided by RailYatri
Ganapati,https://www.railyatri.in/bus-operators/ganapati,Not provided by RailYatri
Ali Gagan Tourist,https://www.railyatri.in/bus-operators/ali-gagan-tourist,Not provided by RailYatri
Shri Sai Travels Laxminarayan,https://www.railyatri.in/bus-operators/shri-sai-travels-laxminarayan,Not provided by RailYatri
Meer Travels,https://www.railyatri.in/bus-operators/meer-travels,Not provided by RailYatri
R K Tours And Travels Kb Travels,https://www.railyatri.in/bus-operators/r-k-tours-and-travels-kb-travels,Not provided by RailYatri
Adinatheshwara Roadlines,https://www.railyatri.in/bus-operators/adinatheshwara-roadlines,Not provided by RailYatri
Shree Maharaja Tour Travels,https://www.railyatri.in/bus-operators/shree-maharaja-tour-travels,Not provided by RailYatri
Shreyas Blue Line Travels,https://www.railyatri.in/bus-operators/shreyas-blue-line-travels,Not provided by RailYatri
Gagan Tourist Jain Bus,https://www.railyatri.in/bus-operators/gagan-tourist-jain-bus,Not provided by RailYatri
PEPSU,https://www.railyatri.in/bus-operators/pepsu,Not provided by RailYatri
S S Thana Andheri Borvali,https://www.railyatri.in/bus-operators/s-s-thana-andheri-borvali,Not provided by RailYatri
Swarna Travels,https://www.railyatri.in/bus-operators/swarna-travels,Not provided by RailYatri
Royal Chintamani Via Buldhana,https://www.railyatri.in/bus-operators/royal-chintamani-via-buldhana,Not provided by RailYatri
Ramdev Travels,https://www.railyatri.in/bus-operators/ramdev-travels,Not provided by RailYatri
Shinde Travels Sai Chatanya,https://www.railyatri.in/bus-operators/shinde-travels-sai-chatanya,Not provided by RailYatri
Alpha Tour Travels,https://www.railyatri.in/bus-operators/alpha-tour-travels,Not provided by RailYatri
Purnimaa Travels,https://www.railyatri.in/bus-operators/purnimaa-travels,Not provided by RailYatri
Krl Travels,https://www.railyatri.in/bus-operators/krl-travels,Not provided by RailYatri
Azul Transports,https://www.railyatri.in/bus-operators/azul-transports,Not provided by RailYatri
Padmesh Travels,https://www.railyatri.in/bus-operators/padmesh-travels,Not provided by RailYatri
Yamani Travels,https://www.railyatri.in/bus-operators/yamani-travels,Not provided by RailYatri
Konduskar Thane Andheri Borivali,https://www.railyatri.in/bus-operators/konduskar-thane-andheri-borivali,Not provided by RailYatri
Selva Murugan Travels,https://www.railyatri.in/bus-operators/selva-murugan-travels,Not provided by RailYatri
G R Travels,https://www.railyatri.in/bus-operators/g-r-travels,Not provided by RailYatri
Mazel Travels,https://www.railyatri.in/bus-operators/mazel-travels,Not provided by RailYatri
Preeti Travels Preeti Travels,https://www.railyatri.in/bus-operators/preeti-travels-preeti-travels,Not provided by RailYatri
Sunshine Travels,https://www.railyatri.in/bus-operators/sunshine-travels,Not provided by RailYatri
Himachal Road Transport,https://www.railyatri.in/bus-operators/himachal-road-transport,Not provided by RailYatri
Navkar Travels Mahendra Travels,https://www.railyatri.in/bus-operators/navkar-travels-mahendra-travels,Not provided by RailYatri
Shri Gurukrupa Travels New Dream,https://www.railyatri.in/bus-operators/shri-gurukrupa-travels-new-dream,Not provided by RailYatri
Unity Tours,https://www.railyatri.in/bus-operators/unity-tours,Not provided by RailYatri
Canara Pinto Travels Surathkal,https://www.railyatri.in/bus-operators/canara-pinto-travels-surathkal,Not provided by RailYatri
Natraj Bu,https://www.railyatri.in/bus-operators/natraj-bu,Not provided by RailYatri
Raj Travels Surat Raj,https://www.railyatri.in/bus-operators/raj-travels-surat-raj,Not provided by RailYatri
Payal Travels Non Stop Payal Travels,https://www.railyatri.in/bus-operators/payal-travels-non-stop-payal-travels,Not provided by RailYatri
Sbrs Tours Travels,https://www.railyatri.in/bus-operators/sbrs-tours-travels,Not provided by RailYatri
Ram Rath Travels Cargo Shribalaji Trav,https://www.railyatri.in/bus-operators/ram-rath-travels-cargo-shribalaji-trav,Not provided by RailYatri
Chowdhury Travels,https://www.railyatri.in/bus-operators/chowdhury-travels,Not provided by RailYatri
Shubh Sanket Travels,https://www.railyatri.in/bus-operators/shubh-sanket-travels,Not provided by RailYatri
Uncle Travels Uday Travel,https://www.railyatri.in/bus-operators/uncle-travels-uday-travel,Not provided by RailYatri
Shefali Tourist Pimpari Chafekar Chowk Nigadi,https://www.railyatri.in/bus-operators/shefali-tourist-pimpari-chafekar-chowk-nigadi,Not provided by RailYatri
Shree Maharaja Travels,https://www.railyatri.in/bus-operators/shree-maharaja-travels,Not provided by RailYatri
Seema Pooja Travels Year Moving Ideas,https://www.railyatri.in/bus-operators/seema-pooja-travels-year-moving-ideas,Not provided by RailYatri
Shree Rk Travels,https://www.railyatri.in/bus-operators/shree-rk-travels,Not provided by RailYatri
Maitree Tourism,https://www.railyatri.in/bus-operators/maitree-tourism,Not provided by RailYatri
Tanvi Scania New Brand,https://www.railyatri.in/bus-operators/tanvi-scania-new-brand,Not provided by RailYatri
Blueline Tours And Travels,https://www.railyatri.in/bus-operators/blueline-tours-and-travels,Not provided by RailYatri
Sahana Travels,https://www.railyatri.in/bus-operators/sahana-travels,Not provided by RailYatri
Mahalaxmi Travels Pooja,https://www.railyatri.in/bus-operators/mahalaxmi-travels-pooja,Not provided by RailYatri
Sai Samrit Sai Samrit,https://www.railyatri.in/bus-operators/sai-samrit-sai-samrit,Not provided by RailYatri
Dhruv Travels,https://www.railyatri.in/bus-operators/dhruv-travels,Not provided by RailYatri
Pk Infratech,https://www.railyatri.in/bus-operators/pk-infratech,Not provided by RailYatri
Sbstc Kolkata Kirnahar,https://www.railyatri.in/bus-operators/sbstc-kolkata-kirnahar,Not provided by RailYatri
Mercedez Benz Bus Via Mansa,https://www.railyatri.in/bus-operators/mercedez-benz-bus-via-mansa,Not provided by RailYatri
Shri Renga Travels And Tours India,https://www.railyatri.in/bus-operators/shri-renga-travels-and-tours-india,Not provided by RailYatri
Samy Travels J S,https://www.railyatri.in/bus-operators/samy-travels-j-s,Not provided by RailYatri
Gajal Express Gajal,https://www.railyatri.in/bus-operators/gajal-express-gajal,Not provided by RailYatri
Konduskar Extra,https://www.railyatri.in/bus-operators/konduskar-extra,Not provided by RailYatri
Shivbaba Jagdamba,https://www.railyatri.in/bus-operators/shivbaba-jagdamba,Not provided by RailYatri
Sri Sai Ram Roadlines,https://www.railyatri.in/bus-operators/sri-sai-ram-roadlines,Not provided by RailYatri
Jai Karthick Tours Travels,https://www.railyatri.in/bus-operators/jai-karthick-tours-travels,Not provided by RailYatri
Cabs Den Private Ltd,https://www.railyatri.in/bus-operators/cabs-den-private-ltd,Not provided by RailYatri
Zook Logistics Private Limited,https://www.railyatri.in/bus-operators/zook-logistics-private-limited,Not provided by RailYatri
Kumar Tours And Travels,https://www.railyatri.in/bus-operators/kumar-tours-and-travels,Not provided by RailYatri
Sbstc Haldia Falta Via D Harbour,https://www.railyatri.in/bus-operators/sbstc-haldia-falta-via-d-harbour,Not provided by RailYatri
Himachal Volvo Tours,https://www.railyatri.in/bus-operators/himachal-volvo-tours,Not provided by RailYatri
Chirag Travels Agency Shatabdi Travels,https://www.railyatri.in/bus-operators/chirag-travels-agency-shatabdi-travels,Not provided by RailYatri
Fareena Tours And Travels,https://www.railyatri.in/bus-operators/fareena-tours-and-travels,Not provided by RailYatri
Abhinav Bhakti,https://www.railyatri.in/bus-operators/abhinav-bhakti,Not provided by RailYatri
Godavari Travels New Godavari,https://www.railyatri.in/bus-operators/godavari-travels-new-godavari,Not provided by RailYatri
Uncle Travels Chougule Travel,https://www.railyatri.in/bus-operators/uncle-travels-chougule-travel,Not provided by RailYatri
Jrs Happy Travels,https://www.railyatri.in/bus-operators/jrs-happy-travels,Not provided by RailYatri
New Uncle Sonu Travel,https://www.railyatri.in/bus-operators/new-uncle-sonu-travel,Not provided by RailYatri
Kingfisher Connect,https://www.railyatri.in/bus-operators/kingfisher-connect,Not provided by RailYatri
India Travels Shatabdi,https://www.railyatri.in/bus-operators/india-travels-shatabdi,Not provided by RailYatri
Neelkanth Travels Yes Travel,https://www.railyatri.in/bus-operators/neelkanth-travels-yes-travel,Not provided by RailYatri
K V T Travels,https://www.railyatri.in/bus-operators/k-v-t-travels,Not provided by RailYatri
Saichha London Pari,https://www.railyatri.in/bus-operators/saichha-london-pari,Not provided by RailYatri
Online Go Maharaja,https://www.railyatri.in/bus-operators/online-go-maharaja,Not provided by RailYatri
Yatri Vihar Travels,https://www.railyatri.in/bus-operators/yatri-vihar-travels,Not provided by RailYatri
Swaroopa Travels,https://www.railyatri.in/bus-operators/swaroopa-travels,Not provided by RailYatri
Kothari Rajguru Travels,https://www.railyatri.in/bus-operators/kothari-rajguru-travels,Not provided by RailYatri
Kailash Travels Kailash,https://www.railyatri.in/bus-operators/kailash-travels-kailash,Not provided by RailYatri
Mahendra Rajhans Travels Shubham,https://www.railyatri.in/bus-operators/mahendra-rajhans-travels-shubham,Not provided by RailYatri
Konduskar New,https://www.railyatri.in/bus-operators/konduskar-new,Not provided by RailYatri
Saraswati Tours Travels,https://www.railyatri.in/bus-operators/saraswati-tours-travels,Not provided by RailYatri
Ctc Travels Chn,https://www.railyatri.in/bus-operators/ctc-travels-chn,Not provided by RailYatri
Arb Services,https://www.railyatri.in/bus-operators/arb-services,Not provided by RailYatri
Sai Tirupati Travels Sai Gauri,https://www.railyatri.in/bus-operators/sai-tirupati-travels-sai-gauri,Not provided by RailYatri
Lord Venkateshwara Travels Varad,https://www.railyatri.in/bus-operators/lord-venkateshwara-travels-varad,Not provided by RailYatri
Ss Gangeshwar Travels,https://www.railyatri.in/bus-operators/ss-gangeshwar-travels,Not provided by RailYatri
Eagle Connect,https://www.railyatri.in/bus-operators/eagle-connect,Not provided by RailYatri
Konduskar,https://www.railyatri.in/bus-operators/konduskar,Not provided by RailYatri
Himachal Tourist Volvo Bus,https://www.railyatri.in/bus-operators/himachal-tourist-volvo-bus,Not provided by RailYatri
Varun Travels Latur Varun Orange,https://www.railyatri.in/bus-operators/varun-travels-latur-varun-orange,Not provided by RailYatri
M L T,https://www.railyatri.in/bus-operators/m-l-t,Not provided by RailYatri
Sbstc Kolkata Bhatar,https://www.railyatri.in/bus-operators/sbstc-kolkata-bhatar,Not provided by RailYatri
Shree Shanti Travels Karni,https://www.railyatri.in/bus-operators/shree-shanti-travels-karni,Not provided by RailYatri
Sbstc Bankura Karunamoyee A C,https://www.railyatri.in/bus-operators/sbstc-bankura-karunamoyee-a-c,Not provided by RailYatri
Sana Travels Mangalmurti,https://www.railyatri.in/bus-operators/sana-travels-mangalmurti,Not provided by RailYatri
Yogeshwari Tours,https://www.railyatri.in/bus-operators/yogeshwari-tours,Not provided by RailYatri
Trimurti Tours Travels,https://www.railyatri.in/bus-operators/trimurti-tours-travels,Not provided by RailYatri
Rsr Travels,https://www.railyatri.in/bus-operators/rsr-travels,Not provided by RailYatri
Kvb Travels,https://www.railyatri.in/bus-operators/kvb-travels,Not provided by RailYatri
Hardeo Lines,https://www.railyatri.in/bus-operators/hardeo-lines,Not provided by RailYatri
Shree Nath Travels Rajasthan Travel,https://www.railyatri.in/bus-operators/shree-nath-travels-rajasthan-travel,Not provided by RailYatri
New Maa Shivani,https://www.railyatri.in/bus-operators/new-maa-shivani,Not provided by RailYatri
H S India Tour And Tour,https://www.railyatri.in/bus-operators/h-s-india-tour-and-tour,Not provided by RailYatri
Priti Travels,https://www.railyatri.in/bus-operators/priti-travels,Not provided by RailYatri
Sbstc Kolkata Suri,https://www.railyatri.in/bus-operators/sbstc-kolkata-suri,Not provided by RailYatri
Online Gochitamani,https://www.railyatri.in/bus-operators/online-gochitamani,Not provided by RailYatri
Sairam Travelsnew,https://www.railyatri.in/bus-operators/sairam-travelsnew,Not provided by RailYatri
Preeti Travelsbrand New World Class,https://www.railyatri.in/bus-operators/preeti-travelsbrand-new-world-class,Not provided by RailYatri
Om Aashuruchivia Ahmednagar,https://www.railyatri.in/bus-operators/om-aashuruchivia-ahmednagar,Not provided by RailYatri
Mohapatra Travels,https://www.railyatri.in/bus-operators/mohapatra-travels,Not provided by RailYatri
Shree Gajanan Travels City Link,https://www.railyatri.in/bus-operators/shree-gajanan-travels-city-link,Not provided by RailYatri
Dadar Travels Shree Renuka Travels,https://www.railyatri.in/bus-operators/dadar-travels-shree-renuka-travels,Not provided by RailYatri
Shri Ganraj Travelssaptarshrungi,https://www.railyatri.in/bus-operators/shri-ganraj-travelssaptarshrungi,Not provided by RailYatri
Raja Rani Travelsmansi King,https://www.railyatri.in/bus-operators/raja-rani-travelsmansi-king,Not provided by RailYatri
Shivbabalabbaik,https://www.railyatri.in/bus-operators/shivbabalabbaik,Not provided by RailYatri
Prtc Kapurthala Depot,https://www.railyatri.in/bus-operators/prtc-kapurthala-depot,Not provided by RailYatri
Sharma Travelvia Ghed Parli Ajogai Latur,https://www.railyatri.in/bus-operators/sharma-travelvia-ghed-parli-ajogai-latur,Not provided by RailYatri
Aitiana,https://www.railyatri.in/bus-operators/aitiana,Not provided by RailYatri
Jay Travels Ramkrupa Trvl,https://www.railyatri.in/bus-operators/jay-travels-ramkrupa-trvl,Not provided by RailYatri
Bobby Travels Globle Travels,https://www.railyatri.in/bus-operators/bobby-travels-globle-travels,Not provided by RailYatri
Abhishek Travel,https://www.railyatri.in/bus-operators/abhishek-travel,Not provided by RailYatri
Mahi Travels,https://www.railyatri.in/bus-operators/mahi-travels,Not provided by RailYatri
Rhs Roadlines,https://www.railyatri.in/bus-operators/rhs-roadlines,Not provided by RailYatri
Bhola Travels Navdeep Travels,https://www.railyatri.in/bus-operators/bhola-travels-navdeep-travels,Not provided by RailYatri
Pawan Tourist Mblink,https://www.railyatri.in/bus-operators/pawan-tourist-mblink,Not provided by RailYatri
Sbstc Haldia Kolkata A C,https://www.railyatri.in/bus-operators/sbstc-haldia-kolkata-a-c,Not provided by RailYatri
Kothari Travels Neemuch,https://www.railyatri.in/bus-operators/kothari-travels-neemuch,Not provided by RailYatri
Chandramukhi Travels Sikar Lok Parivahan,https://www.railyatri.in/bus-operators/chandramukhi-travels-sikar-lok-parivahan,Not provided by RailYatri
JKSRTC,https://www.railyatri.in/bus-operators/jksrtc,Not provided by RailYatri
Blue Moon Travels,https://www.railyatri.in/bus-operators/blue-moon-travels,Not provided by RailYatri
Sbstc Asansol Haldia,https://www.railyatri.in/bus-operators/sbstc-asansol-haldia,Not provided by RailYatri
National Travels Nandednational,https://www.railyatri.in/bus-operators/national-travels-nandednational,Not provided by RailYatri
New Jagdamba Travels,https://www.railyatri.in/bus-operators/new-jagdamba-travels,Not provided by RailYatri
Annpurna Motors,https://www.railyatri.in/bus-operators/annpurna-motors,Not provided by RailYatri
Trimurti Travelstrimurti,https://www.railyatri.in/bus-operators/trimurti-travelstrimurti,Not provided by RailYatri
Shree Mahaveer Travels Jaipur,https://www.railyatri.in/bus-operators/shree-mahaveer-travels-jaipur,Not provided by RailYatri
Apsara Holidays,https://www.railyatri.in/bus-operators/apsara-holidays,Not provided by RailYatri
Sana Travelsswami,https://www.railyatri.in/bus-operators/sana-travelsswami,Not provided by RailYatri
Prtc Bathinda Depot,https://www.railyatri.in/bus-operators/prtc-bathinda-depot,Not provided by RailYatri
Vijay Lines,https://www.railyatri.in/bus-operators/vijay-lines,Not provided by RailYatri
Sbstc Kolkata Purulia Via Bankura,https://www.railyatri.in/bus-operators/sbstc-kolkata-purulia-via-bankura,Not provided by RailYatri
Das,https://www.railyatri.in/bus-operators/das,Not provided by RailYatri
Shree Mahalaxmi Travelsrlt,https://www.railyatri.in/bus-operators/shree-mahalaxmi-travelsrlt,Not provided by RailYatri
Sbstc Karunamoyee Durgapur A C,https://www.railyatri.in/bus-operators/sbstc-karunamoyee-durgapur-a-c,Not provided by RailYatri
Saikrupa Transport Pvt Ltd,https://www.railyatri.in/bus-operators/saikrupa-transport-pvt-ltd,Not provided by RailYatri
Mahadev Travels Ag Jodhpur,https://www.railyatri.in/bus-operators/mahadev-travels-ag-jodhpur,Not provided by RailYatri
Shivbaba A P Tours,https://www.railyatri.in/bus-operators/shivbaba-a-p-tours,Not provided by RailYatri
Balaji Tours And Travels,https://www.railyatri.in/bus-operators/balaji-tours-and-travels,Not provided by RailYatri
Sbstc Kolkata Bandowan Via Ranibandh,https://www.railyatri.in/bus-operators/sbstc-kolkata-bandowan-via-ranibandh,Not provided by RailYatri
Brham Tour And Travels,https://www.railyatri.in/bus-operators/brham-tour-and-travels,Not provided by RailYatri
Sbstc Asansol Kolkata A C,https://www.railyatri.in/bus-operators/sbstc-asansol-kolkata-a-c,Not provided by RailYatri
Rahi Tour And Travelssafar,https://www.railyatri.in/bus-operators/rahi-tour-and-travelssafar,Not provided by RailYatri
Sbstc Asansol Bongaon,https://www.railyatri.in/bus-operators/sbstc-asansol-bongaon,Not provided by RailYatri
Handa Travels,https://www.railyatri.in/bus-operators/handa-travels,Not provided by RailYatri
Aashu Ruchi Tours And Travels Aashuruchi New Brand With Wifi,https://www.railyatri.in/bus-operators/aashu-ruchi-tours-and-travels-aashuruchi-new-brand-with-wifi,Not provided by RailYatri
Sbstc Kolkata Asansol A C,https://www.railyatri.in/bus-operators/sbstc-kolkata-asansol-a-c,Not provided by RailYatri
Vijay Tour And Travels Benz A C Premium Sleeper,https://www.railyatri.in/bus-operators/vijay-tour-and-travels-benz-a-c-premium-sleeper,Not provided by RailYatri
Prtc Chandigarh Depot,https://www.railyatri.in/bus-operators/prtc-chandigarh-depot,Not provided by RailYatri
Sbstc Haldia Chittaranjan Via Kolkata,https://www.railyatri.in/bus-operators/sbstc-haldia-chittaranjan-via-kolkata,Not provided by RailYatri
Hanuman Travels New Brand Direct Express Bus,https://www.railyatri.in/bus-operators/hanuman-travels-new-brand-direct-express-bus,Not provided by RailYatri
Siddharath Tour Travels,https://www.railyatri.in/bus-operators/siddharath-tour-travels,Not provided by RailYatri
Jay Dwarkadhish Tours And Travels,https://www.railyatri.in/bus-operators/jay-dwarkadhish-tours-and-travels,Not provided by RailYatri
Sharma Travelvia Pbn Warje Navale Bridge Padmavati Parking,https://www.railyatri.in/bus-operators/sharma-travelvia-pbn-warje-navale-bridge-padmavati-parking,Not provided by RailYatri
Yak Holidays Tours,https://www.railyatri.in/bus-operators/yak-holidays-tours,Not provided by RailYatri
Sharma Travel Agencybrand New Pack Glass,https://www.railyatri.in/bus-operators/sharma-travel-agencybrand-new-pack-glass,Not provided by RailYatri
Hanuman Travelsnew Brand Express Ac Bus,https://www.railyatri.in/bus-operators/hanuman-travelsnew-brand-express-ac-bus,Not provided by RailYatri
Sri Sst Travels,https://www.railyatri.in/bus-operators/sri-sst-travels,Not provided by RailYatri
Shivbaba Travelssheffali Shivganga,https://www.railyatri.in/bus-operators/shivbaba-travelssheffali-shivganga,Not provided by RailYatri
New Prathamesh Travels Siddhivinayak,https://www.railyatri.in/bus-operators/new-prathamesh-travels-siddhivinayak,Not provided by RailYatri
Sbstc Karunamoyee Bankura A C,https://www.railyatri.in/bus-operators/sbstc-karunamoyee-bankura-a-c,Not provided by RailYatri
Devnarayan Travels,https://www.railyatri.in/bus-operators/devnarayan-travels,Not provided by RailYatri
Sbstc Kolkata Haldia A C,https://www.railyatri.in/bus-operators/sbstc-kolkata-haldia-a-c,Not provided by RailYatri
Raj Travels Suratraj Bus,https://www.railyatri.in/bus-operators/raj-travels-suratraj-bus,Not provided by RailYatri
Vijay Roadlines And Logistics Vrl,https://www.railyatri.in/bus-operators/vijay-roadlines-and-logistics-vrl,Not provided by RailYatri
Sri Durgamba Transway Pvt Ltd,https://www.railyatri.in/bus-operators/sri-durgamba-transway-pvt-ltd,Not provided by RailYatri
Ramdev Tours And Travels,https://www.railyatri.in/bus-operators/ramdev-tours-and-travels,Not provided by RailYatri
Satnam Travels,https://www.railyatri.in/bus-operators/satnam-travels,Not provided by RailYatri
Vijay Tour And Travelsgold Glass,https://www.railyatri.in/bus-operators/vijay-tour-and-travelsgold-glass,Not provided by RailYatri
Shabnam Tours And Travelsnew Brand Shabnam Blue Line,https://www.railyatri.in/bus-operators/shabnam-tours-and-travelsnew-brand-shabnam-blue-line,Not provided by RailYatri
Sbstc Kolkata Kandra,https://www.railyatri.in/bus-operators/sbstc-kolkata-kandra,Not provided by RailYatri
Mayuree Travels Syndicate Travel,https://www.railyatri.in/bus-operators/mayuree-travels-syndicate-travel,Not provided by RailYatri
Om Sai Ram Bus Services,https://www.railyatri.in/bus-operators/om-sai-ram-bus-services,Not provided by RailYatri
Sbstc Haldia Kuli,https://www.railyatri.in/bus-operators/sbstc-haldia-kuli,Not provided by RailYatri
A One Travels,https://www.railyatri.in/bus-operators/a-one-travels,Not provided by RailYatri
Syndicate Transport,https://www.railyatri.in/bus-operators/syndicate-transport,Not provided by RailYatri
Sharpline Travelsbrand New,https://www.railyatri.in/bus-operators/sharpline-travelsbrand-new,Not provided by RailYatri
Tantia Travels And Cargovia Hanumangarh,https://www.railyatri.in/bus-operators/tantia-travels-and-cargovia-hanumangarh,Not provided by RailYatri
Sbstc Barakar Haldia,https://www.railyatri.in/bus-operators/sbstc-barakar-haldia,Not provided by RailYatri
Shree Laxmi Travels Udr,https://www.railyatri.in/bus-operators/shree-laxmi-travels-udr,Not provided by RailYatri
Gpt Mohan Travelsborivali Thane,https://www.railyatri.in/bus-operators/gpt-mohan-travelsborivali-thane,Not provided by RailYatri
Rv Transport,https://www.railyatri.in/bus-operators/rv-transport,Not provided by RailYatri
Karan Maharaja Travels Brand New Pack Glass Scania,https://www.railyatri.in/bus-operators/karan-maharaja-travels-brand-new-pack-glass-scania,Not provided by RailYatri
Sbstc Bankura Kolkata Via Maliara,https://www.railyatri.in/bus-operators/sbstc-bankura-kolkata-via-maliara,Not provided by RailYatri
Paulo Travels X Kingsize Family Non Ac Seater Sleeper X Kingsize Family,https://www.railyatri.in/bus-operators/paulo-travels-x-kingsize-family-non-ac-seater-sleeper-x-kingsize-family,Not provided by RailYatri
Sbstc Durgapur Habra Via Dunlop,https://www.railyatri.in/bus-operators/sbstc-durgapur-habra-via-dunlop,Not provided by RailYatri
Karan Maharaja Travels Sharma Travels,https://www.railyatri.in/bus-operators/karan-maharaja-travels-sharma-travels,Not provided by RailYatri
Sbstc Haldia Barakar Via Kolkata,https://www.railyatri.in/bus-operators/sbstc-haldia-barakar-via-kolkata,Not provided by RailYatri
Shree Sai Balaji,https://www.railyatri.in/bus-operators/shree-sai-balaji,Not provided by RailYatri
Paulo Travels X Family King Size Ac Seater Sleeper,https://www.railyatri.in/bus-operators/paulo-travels-x-family-king-size-ac-seater-sleeper,Not provided by RailYatri
Mahadev Travels Pilani,https://www.railyatri.in/bus-operators/mahadev-travels-pilani,Not provided by RailYatri
Samai Travels Janai Expriss,https://www.railyatri.in/bus-operators/samai-travels-janai-expriss,Not provided by RailYatri
Veer Travelsshree Rishabh,https://www.railyatri.in/bus-operators/veer-travelsshree-rishabh,Not provided by RailYatri
Sbstc Burdwan Kolkata L S,https://www.railyatri.in/bus-operators/sbstc-burdwan-kolkata-l-s,Not provided by RailYatri
Mb Travelsnew Brand,https://www.railyatri.in/bus-operators/mb-travelsnew-brand,Not provided by RailYatri
Shabnam Tours And Travels New Brand Shabnam White Line,https://www.railyatri.in/bus-operators/shabnam-tours-and-travels-new-brand-shabnam-white-line,Not provided by RailYatri
Razak Travels,https://www.railyatri.in/bus-operators/razak-travels,Not provided by RailYatri
Shiv Shankar Travels,https://www.railyatri.in/bus-operators/shiv-shankar-travels,Not provided by RailYatri
Sri Bala Tours Travels,https://www.railyatri.in/bus-operators/sri-bala-tours-travels,Not provided by RailYatri
Balaji Tourist Centresree Ganesh,https://www.railyatri.in/bus-operators/balaji-tourist-centresree-ganesh,Not provided by RailYatri
Sai Tarun Tours Travels,https://www.railyatri.in/bus-operators/sai-tarun-tours-travels,Not provided by RailYatri
Sbstc Karunamoyee Jhalda Via Dgp Asn Prl,https://www.railyatri.in/bus-operators/sbstc-karunamoyee-jhalda-via-dgp-asn-prl,Not provided by RailYatri
Babu Travelsextra Coach,https://www.railyatri.in/bus-operators/babu-travelsextra-coach,Not provided by RailYatri
Sharpline Travels Jai Durga T,https://www.railyatri.in/bus-operators/sharpline-travels-jai-durga-t,Not provided by RailYatri
Sbstc Kolkata Durgapur,https://www.railyatri.in/bus-operators/sbstc-kolkata-durgapur,Not provided by RailYatri
Naina Bus Services,https://www.railyatri.in/bus-operators/naina-bus-services,Not provided by RailYatri
Travel Time Tours And Travelsjolly,https://www.railyatri.in/bus-operators/travel-time-tours-and-travelsjolly,Not provided by RailYatri
Pushkraj Travelsintercity,https://www.railyatri.in/bus-operators/pushkraj-travelsintercity,Not provided by RailYatri
Vaishnavi Travels Pune A One Vaishnavi,https://www.railyatri.in/bus-operators/vaishnavi-travels-pune-a-one-vaishnavi,Not provided by RailYatri
Sbstc Karunamoyee Asansol A C,https://www.railyatri.in/bus-operators/sbstc-karunamoyee-asansol-a-c,Not provided by RailYatri
Kgn Travelskgn Travels Sunshine,https://www.railyatri.in/bus-operators/kgn-travelskgn-travels-sunshine,Not provided by RailYatri
Sri Mahadevi Motors,https://www.railyatri.in/bus-operators/sri-mahadevi-motors,Not provided by RailYatri
Sharma Travelvia Ambejogai Parli Gkhed Parbhani,https://www.railyatri.in/bus-operators/sharma-travelvia-ambejogai-parli-gkhed-parbhani,Not provided by RailYatri
Mama Travels,https://www.railyatri.in/bus-operators/mama-travels,Not provided by RailYatri
Sbstc Karunamoyee Durgapur,https://www.railyatri.in/bus-operators/sbstc-karunamoyee-durgapur,Not provided by RailYatri
Sbstc Haldia Kolkata,https://www.railyatri.in/bus-operators/sbstc-haldia-kolkata,Not provided by RailYatri
Disha Travelsajay Travels,https://www.railyatri.in/bus-operators/disha-travelsajay-travels,Not provided by RailYatri
New Akash Travels Akash,https://www.railyatri.in/bus-operators/new-akash-travels-akash,Not provided by RailYatri
Pareek Travels Brand New,https://www.railyatri.in/bus-operators/pareek-travels-brand-new,Not provided by RailYatri
Sbstc Kolkata Asansol,https://www.railyatri.in/bus-operators/sbstc-kolkata-asansol,Not provided by RailYatri
Sbstc Kolkata Lovepur Via Kirnahar,https://www.railyatri.in/bus-operators/sbstc-kolkata-lovepur-via-kirnahar,Not provided by RailYatri
Sbstc Burdwan Kolkata A C,https://www.railyatri.in/bus-operators/sbstc-burdwan-kolkata-a-c,Not provided by RailYatri
Babu Travels Bharat Travels,https://www.railyatri.in/bus-operators/babu-travels-bharat-travels,Not provided by RailYatri
Kaleswari Travels,https://www.railyatri.in/bus-operators/kaleswari-travels,Not provided by RailYatri
Dwarkesh Travels,https://www.railyatri.in/bus-operators/dwarkesh-travels,Not provided by RailYatri
Sharpline Travels,https://www.railyatri.in/bus-operators/sharpline-travels,Not provided by RailYatri
Sbstc Asansol Karunamoyee A C,https://www.railyatri.in/bus-operators/sbstc-asansol-karunamoyee-a-c,Not provided by RailYatri
Sbstc Bankura Kolkata,https://www.railyatri.in/bus-operators/sbstc-bankura-kolkata,Not provided by RailYatri
Sbstc Digha Haldia,https://www.railyatri.in/bus-operators/sbstc-digha-haldia,Not provided by RailYatri
Sbstc Kolkata Haldia,https://www.railyatri.in/bus-operators/sbstc-kolkata-haldia,Not provided by RailYatri
Dtc Samrat Travels And Cargo,https://www.railyatri.in/bus-operators/dtc-samrat-travels-and-cargo,Not provided by RailYatri
Shabnam Tours And Travels New Brand Shabnam Red Line,https://www.railyatri.in/bus-operators/shabnam-tours-and-travels-new-brand-shabnam-red-line,Not provided by RailYatri
Sbstc Durgapur Karunamoyee,https://www.railyatri.in/bus-operators/sbstc-durgapur-karunamoyee,Not provided by RailYatri
Sbstc Kolkata Asansol L S,https://www.railyatri.in/bus-operators/sbstc-kolkata-asansol-l-s,Not provided by RailYatri
Rahul Travels Parasmani,https://www.railyatri.in/bus-operators/rahul-travels-parasmani,Not provided by RailYatri
Shree Gajanan Travelssindh,https://www.railyatri.in/bus-operators/shree-gajanan-travelssindh,Not provided by RailYatri
Sana Samarth Travels Sana,https://www.railyatri.in/bus-operators/sana-samarth-travels-sana,Not provided by RailYatri
Rajyog Travels Rajyog Pune,https://www.railyatri.in/bus-operators/rajyog-travels-rajyog-pune,Not provided by RailYatri
Karan Travels Srt,https://www.railyatri.in/bus-operators/karan-travels-srt,Not provided by RailYatri
Shefali Tours And Travels M B Link,https://www.railyatri.in/bus-operators/shefali-tours-and-travels-m-b-link,Not provided by RailYatri
Bharat Expressturning Point,https://www.railyatri.in/bus-operators/bharat-expressturning-point,Not provided by RailYatri
B R Travelsnon Stop,https://www.railyatri.in/bus-operators/b-r-travelsnon-stop,Not provided by RailYatri
Khushal Travels Nikhil,https://www.railyatri.in/bus-operators/khushal-travels-nikhil,Not provided by RailYatri
Dadar Travels,https://www.railyatri.in/bus-operators/dadar-travels,Not provided by RailYatri
Sbstc Asansol Kolkata L S,https://www.railyatri.in/bus-operators/sbstc-asansol-kolkata-l-s,Not provided by RailYatri
Kalpana Tours And Travels Mahalakshmi,https://www.railyatri.in/bus-operators/kalpana-tours-and-travels-mahalakshmi,Not provided by RailYatri
Sbstc Durgapur Karunamoyee A C,https://www.railyatri.in/bus-operators/sbstc-durgapur-karunamoyee-a-c,Not provided by RailYatri
Sbstc Karunamoyee Bankura Via Durgapur,https://www.railyatri.in/bus-operators/sbstc-karunamoyee-bankura-via-durgapur,Not provided by RailYatri
Indani Travelsraj Hans,https://www.railyatri.in/bus-operators/indani-travelsraj-hans,Not provided by RailYatri
Himachal Travel Lines,https://www.railyatri.in/bus-operators/himachal-travel-lines,Not provided by RailYatri
Sudharsan Tours And Travels,https://www.railyatri.in/bus-operators/sudharsan-tours-and-travels,Not provided by RailYatri
New Prathamesh Travels Girish,https://www.railyatri.in/bus-operators/new-prathamesh-travels-girish,Not provided by RailYatri
Sbstc Kolkata Haldia Non Stop,https://www.railyatri.in/bus-operators/sbstc-kolkata-haldia-non-stop,Not provided by RailYatri
Veer Travels Brand New Shutter Coach,https://www.railyatri.in/bus-operators/veer-travels-brand-new-shutter-coach,Not provided by RailYatri
Sbstc Bankura Karunamoyee,https://www.railyatri.in/bus-operators/sbstc-bankura-karunamoyee,Not provided by RailYatri
Sukirti Tourist,https://www.railyatri.in/bus-operators/sukirti-tourist,Not provided by RailYatri
Golden Road Transport,https://www.railyatri.in/bus-operators/golden-road-transport,Not provided by RailYatri
Shatabdi Travelsshatabdi Travels,https://www.railyatri.in/bus-operators/shatabdi-travelsshatabdi-travels,Not provided by RailYatri
Sbstc Burdwan Kolkata,https://www.railyatri.in/bus-operators/sbstc-burdwan-kolkata,Not provided by RailYatri
Shivtara Travels Priyanka,https://www.railyatri.in/bus-operators/shivtara-travels-priyanka,Not provided by RailYatri
Sbstc Kolkata Burdwan A C,https://www.railyatri.in/bus-operators/sbstc-kolkata-burdwan-a-c,Not provided by RailYatri
Sbstc Karunamoyee Burdwan,https://www.railyatri.in/bus-operators/sbstc-karunamoyee-burdwan,Not provided by RailYatri
National Travels Exclusive,https://www.railyatri.in/bus-operators/national-travels-exclusive,Not provided by RailYatri
Shree Jagdamba Travels,https://www.railyatri.in/bus-operators/shree-jagdamba-travels,Not provided by RailYatri
Sbstc Burdwan Karunamoyee A C,https://www.railyatri.in/bus-operators/sbstc-burdwan-karunamoyee-a-c,Not provided by RailYatri
Chandana Travels,https://www.railyatri.in/bus-operators/chandana-travels,Not provided by RailYatri
Sbstc Kolkata Burdwan,https://www.railyatri.in/bus-operators/sbstc-kolkata-burdwan,Not provided by RailYatri
Vishwa Travelsudgir,https://www.railyatri.in/bus-operators/vishwa-travelsudgir,Not provided by RailYatri
Sbstc Kolkata Bagmundi,https://www.railyatri.in/bus-operators/sbstc-kolkata-bagmundi,Not provided by RailYatri
Khushal Travelsgodhavari,https://www.railyatri.in/bus-operators/khushal-travelsgodhavari,Not provided by RailYatri
OSRTC,https://www.railyatri.in/bus-operators/osrtc,Not provided by RailYatri
Sbstc Asansol Kolkata,https://www.railyatri.in/bus-operators/sbstc-asansol-kolkata,Not provided by RailYatri
Sbstc Karunamoyee Asansol,https://www.railyatri.in/bus-operators/sbstc-karunamoyee-asansol,Not provided by RailYatri
Sbstc Burdwan Karunamoyee,https://www.railyatri.in/bus-operators/sbstc-burdwan-karunamoyee,Not provided by RailYatri
Sbstc Durgapur Kolkata,https://www.railyatri.in/bus-operators/sbstc-durgapur-kolkata,Not provided by RailYatri
Sheetal Travelscity Link Travels,https://www.railyatri.in/bus-operators/sheetal-travelscity-link-travels,Not provided by RailYatri
Nmc Travels,https://www.railyatri.in/bus-operators/nmc-travels,Not provided by RailYatri
Purnima Travels,https://www.railyatri.in/bus-operators/purnima-travels,Not provided by RailYatri
New Skyline Travels,https://www.railyatri.in/bus-operators/new-skyline-travels,Not provided by RailYatri
Uttar Pradesh State Road Transport Corporation,https://www.railyatri.in/bus-operators/uttar-pradesh-state-road-transport-corporation,Not provided by RailYatri
Sbstc Haldia Kolkata Non Stop,https://www.railyatri.in/bus-operators/sbstc-haldia-kolkata-non-stop,Not provided by RailYatri
Sbstc Asansol Karunamoyee,https://www.railyatri.in/bus-operators/sbstc-asansol-karunamoyee,Not provided by RailYatri
Shalom Travels,https://www.railyatri.in/bus-operators/shalom-travels,Not provided by RailYatri
Sairath Travels Agency Balaji,https://www.railyatri.in/bus-operators/sairath-travels-agency-balaji,Not provided by RailYatri
Viwin Trans,https://www.railyatri.in/bus-operators/viwin-trans,Not provided by RailYatri
Tiruttani Travels,https://www.railyatri.in/bus-operators/tiruttani-travels,Not provided by RailYatri
Nanjil Travels,https://www.railyatri.in/bus-operators/nanjil-travels,Not provided by RailYatri
Shivbabagirish,https://www.railyatri.in/bus-operators/shivbabagirish,Not provided by RailYatri
Jbr Travels,https://www.railyatri.in/bus-operators/jbr-travels,Not provided by RailYatri
Rajpreet Sunveera Travels,https://www.railyatri.in/bus-operators/rajpreet-sunveera-travels,Not provided by RailYatri
Preeti Travels Platinum Class,https://www.railyatri.in/bus-operators/preeti-travels-platinum-class,Not provided by RailYatri
Sushree Travels,https://www.railyatri.in/bus-operators/sushree-travels,Not provided by RailYatri
Tourist Point,https://www.railyatri.in/bus-operators/tourist-point,Not provided by RailYatri
Musafir Travelscity Link,https://www.railyatri.in/bus-operators/musafir-travelscity-link,Not provided by RailYatri
Shree Mahalaxmi Travels Maharashtra,https://www.railyatri.in/bus-operators/shree-mahalaxmi-travels-maharashtra,Not provided by RailYatri
K P N,https://www.railyatri.in/bus-operators/k-p-n,Not provided by RailYatri
Prasanna Cashless,https://www.railyatri.in/bus-operators/prasanna-cashless,Not provided by RailYatri
Tantia Travels And Cargo Via Suratgarh,https://www.railyatri.in/bus-operators/tantia-travels-and-cargo-via-suratgarh,Not provided by RailYatri
N T New National Travels,https://www.railyatri.in/bus-operators/n-t-new-national-travels,Not provided by RailYatri
Nandu Vishwakarma Travels New,https://www.railyatri.in/bus-operators/nandu-vishwakarma-travels-new,Not provided by RailYatri
Indani Travelsindani Nakoda,https://www.railyatri.in/bus-operators/indani-travelsindani-nakoda,Not provided by RailYatri
Nandan Travels Alpha Non Stop Express,https://www.railyatri.in/bus-operators/nandan-travels-alpha-non-stop-express,Not provided by RailYatri
Shree Nath Travels Hans Travels,https://www.railyatri.in/bus-operators/shree-nath-travels-hans-travels,Not provided by RailYatri
Travel Point,https://www.railyatri.in/bus-operators/travel-point,Not provided by RailYatri
New Satnam Travels,https://www.railyatri.in/bus-operators/new-satnam-travels,Not provided by RailYatri
Sadhika Travels,https://www.railyatri.in/bus-operators/sadhika-travels,Not provided by RailYatri
Srikunja,https://www.railyatri.in/bus-operators/srikunja,Not provided by RailYatri
Rai Bus Servicesashok Travels Ac Heating,https://www.railyatri.in/bus-operators/rai-bus-servicesashok-travels-ac-heating,Not provided by RailYatri
Jay Morlidhar Travelsshree Thulasi Travels,https://www.railyatri.in/bus-operators/jay-morlidhar-travelsshree-thulasi-travels,Not provided by RailYatri
Vishal Travels Brand New,https://www.railyatri.in/bus-operators/vishal-travels-brand-new,Not provided by RailYatri
Shree Sai Travels Shree Sai Travel,https://www.railyatri.in/bus-operators/shree-sai-travels-shree-sai-travel,Not provided by RailYatri
Sheetal Travels Shheetal,https://www.railyatri.in/bus-operators/sheetal-travels-shheetal,Not provided by RailYatri
Mauli Tours And Travels Brand New Mauli Semisleeper,https://www.railyatri.in/bus-operators/mauli-tours-and-travels-brand-new-mauli-semisleeper,Not provided by RailYatri
Aruthra Tours Travels,https://www.railyatri.in/bus-operators/aruthra-tours-travels,Not provided by RailYatri
Shanti Deluxe,https://www.railyatri.in/bus-operators/shanti-deluxe,Not provided by RailYatri
Online Go Ganga,https://www.railyatri.in/bus-operators/online-go-ganga,Not provided by RailYatri
Veinaa Travels,https://www.railyatri.in/bus-operators/veinaa-travels,Not provided by RailYatri
V K Travels,https://www.railyatri.in/bus-operators/v-k-travels,Not provided by RailYatri
Ns Travels,https://www.railyatri.in/bus-operators/ns-travels,Not provided by RailYatri
Prabh Bus Services,https://www.railyatri.in/bus-operators/prabh-bus-services,Not provided by RailYatri
Ksa Travels,https://www.railyatri.in/bus-operators/ksa-travels,Not provided by RailYatri
Chintamani Travelssindh,https://www.railyatri.in/bus-operators/chintamani-travelssindh,Not provided by RailYatri
Jivdani Tours And Travels,https://www.railyatri.in/bus-operators/jivdani-tours-and-travels,Not provided by RailYatri
Yashika Travels,https://www.railyatri.in/bus-operators/yashika-travels,Not provided by RailYatri
N T Meera Travels,https://www.railyatri.in/bus-operators/n-t-meera-travels,Not provided by RailYatri
Shri Balaji Travels Yes,https://www.railyatri.in/bus-operators/shri-balaji-travels-yes,Not provided by RailYatri
Shree Chirag Travels Cool Cool,https://www.railyatri.in/bus-operators/shree-chirag-travels-cool-cool,Not provided by RailYatri
Sana Travelsanand,https://www.railyatri.in/bus-operators/sana-travelsanand,Not provided by RailYatri
Khushal Travelsbrand New Nikhil Express,https://www.railyatri.in/bus-operators/khushal-travelsbrand-new-nikhil-express,Not provided by RailYatri
Zakkas Tours And Travels,https://www.railyatri.in/bus-operators/zakkas-tours-and-travels,Not provided by RailYatri
Uncle Travelsuncle Travel Guruganesh,https://www.railyatri.in/bus-operators/uncle-travelsuncle-travel-guruganesh,Not provided by RailYatri
Shabnam Travels Shabnam,https://www.railyatri.in/bus-operators/shabnam-travels-shabnam,Not provided by RailYatri
Sairaj Travels Mumbai,https://www.railyatri.in/bus-operators/sairaj-travels-mumbai,Not provided by RailYatri
Sagufta Travels,https://www.railyatri.in/bus-operators/sagufta-travels,Not provided by RailYatri
Sharma Travelpadmavati Parking Katraj Dairy Navale Bridge Warje,https://www.railyatri.in/bus-operators/sharma-travelpadmavati-parking-katraj-dairy-navale-bridge-warje,Not provided by RailYatri
Atmaram Tours Travels,https://www.railyatri.in/bus-operators/atmaram-tours-travels,Not provided by RailYatri
Vikas Travels And Cargo Co,https://www.railyatri.in/bus-operators/vikas-travels-and-cargo-co,Not provided by RailYatri
Jay Travels Delux A C Cool Cool,https://www.railyatri.in/bus-operators/jay-travels-delux-a-c-cool-cool,Not provided by RailYatri
Karan Travelsraj,https://www.railyatri.in/bus-operators/karan-travelsraj,Not provided by RailYatri
Gpt Mohan Travelsdadar Sion,https://www.railyatri.in/bus-operators/gpt-mohan-travelsdadar-sion,Not provided by RailYatri
Ctc Prince Travels,https://www.railyatri.in/bus-operators/ctc-prince-travels,Not provided by RailYatri
S A Travels Jay Bhawani White Horse,https://www.railyatri.in/bus-operators/s-a-travels-jay-bhawani-white-horse,Not provided by RailYatri
Sun Light Travels,https://www.railyatri.in/bus-operators/sun-light-travels,Not provided by RailYatri
Chaturvedi Travels,https://www.railyatri.in/bus-operators/chaturvedi-travels,Not provided by RailYatri
Sai Samrit,https://www.railyatri.in/bus-operators/sai-samrit,Not provided by RailYatri
Vetri Vinayagar Tours Travels,https://www.railyatri.in/bus-operators/vetri-vinayagar-tours-travels,Not provided by RailYatri
Padmalaya Travelsgirish Bus,https://www.railyatri.in/bus-operators/padmalaya-travelsgirish-bus,Not provided by RailYatri
Dharmendra Travels,https://www.railyatri.in/bus-operators/dharmendra-travels,Not provided by RailYatri
Godavari Travels Sai Baba,https://www.railyatri.in/bus-operators/godavari-travels-sai-baba,Not provided by RailYatri
National Travels Redbus Exclusive,https://www.railyatri.in/bus-operators/national-travels-redbus-exclusive,Not provided by RailYatri
Chaudhary Travelsint Come,https://www.railyatri.in/bus-operators/chaudhary-travelsint-come,Not provided by RailYatri
New Satnam Travels Sky Height,https://www.railyatri.in/bus-operators/new-satnam-travels-sky-height,Not provided by RailYatri
Tcm Logistics,https://www.railyatri.in/bus-operators/tcm-logistics,Not provided by RailYatri
Mbc Fleets Tours And Travels,https://www.railyatri.in/bus-operators/mbc-fleets-tours-and-travels,Not provided by RailYatri
Aryan,https://www.railyatri.in/bus-operators/aryan,Not provided by RailYatri
Sri Maha Transport,https://www.railyatri.in/bus-operators/sri-maha-transport,Not provided by RailYatri
Sri Hari Travels,https://www.railyatri.in/bus-operators/sri-hari-travels,Not provided by RailYatri
Shreenidhi Travels,https://www.railyatri.in/bus-operators/shreenidhi-travels,Not provided by RailYatri
Saiarpan Travellers,https://www.railyatri.in/bus-operators/saiarpan-travellers,Not provided by RailYatri
Jeron Travels,https://www.railyatri.in/bus-operators/jeron-travels,Not provided by RailYatri
Blueline Travels,https://www.railyatri.in/bus-operators/blueline-travels,Not provided by RailYatri
Grace Travels,https://www.railyatri.in/bus-operators/grace-travels,Not provided by RailYatri
Mariya Tours Travels,https://www.railyatri.in/bus-operators/mariya-tours-travels,Not provided by RailYatri
Pallavi Travels,https://www.railyatri.in/bus-operators/pallavi-travels,Not provided by RailYatri
Vaishnavi Travels,https://www.railyatri.in/bus-operators/vaishnavi-travels,Not provided by RailYatri
N S Travels Shree Gajanan,https://www.railyatri.in/bus-operators/n-s-travels-shree-gajanan,Not provided by RailYatri
Mahaveer Travels Company Bajrang Shree Ji Travels,https://www.railyatri.in/bus-operators/mahaveer-travels-company-bajrang-shree-ji-travels,Not provided by RailYatri
Shri Mahalaxmi Tr Ramjanki,https://www.railyatri.in/bus-operators/shri-mahalaxmi-tr-ramjanki,Not provided by RailYatri
Jkrbus Ac Classy,https://www.railyatri.in/bus-operators/jkrbus-ac-classy,Not provided by RailYatri
Raj Travels City Link Night Riders,https://www.railyatri.in/bus-operators/raj-travels-city-link-night-riders,Not provided by RailYatri
Shree Mahaveer Travels Pooja,https://www.railyatri.in/bus-operators/shree-mahaveer-travels-pooja,Not provided by RailYatri
N T Shree Ganeshtravels,https://www.railyatri.in/bus-operators/n-t-shree-ganeshtravels,Not provided by RailYatri
Sky Height Travels,https://www.railyatri.in/bus-operators/sky-height-travels,Not provided by RailYatri
Bharat Expresssuper Star,https://www.railyatri.in/bus-operators/bharat-expresssuper-star,Not provided by RailYatri
Sharpline Travels Warje Katraj,https://www.railyatri.in/bus-operators/sharpline-travels-warje-katraj,Not provided by RailYatri
Durga Travels,https://www.railyatri.in/bus-operators/durga-travels,Not provided by RailYatri
Sethi Yatra Company Fatehpur Sikri,https://www.railyatri.in/bus-operators/sethi-yatra-company-fatehpur-sikri,Not provided by RailYatri
M S Chirag Travels,https://www.railyatri.in/bus-operators/m-s-chirag-travels,Not provided by RailYatri
Shri Priya Travels,https://www.railyatri.in/bus-operators/shri-priya-travels,Not provided by RailYatri
Tranz King Travels,https://www.railyatri.in/bus-operators/tranz-king-travels,Not provided by RailYatri
N T Pravin Travels,https://www.railyatri.in/bus-operators/n-t-pravin-travels,Not provided by RailYatri
Shrinath Travel Agency Nasik,https://www.railyatri.in/bus-operators/shrinath-travel-agency-nasik,Not provided by RailYatri
Simra Travels Agency,https://www.railyatri.in/bus-operators/simra-travels-agency,Not provided by RailYatri
Jkrbus Jkr Services,https://www.railyatri.in/bus-operators/jkrbus-jkr-services,Not provided by RailYatri
Rlt,https://www.railyatri.in/bus-operators/rlt,Not provided by RailYatri
Vijay Tour And Travelsmaan Sahib,https://www.railyatri.in/bus-operators/vijay-tour-and-travelsmaan-sahib,Not provided by RailYatri
K M Travels,https://www.railyatri.in/bus-operators/k-m-travels,Not provided by RailYatri
Noble Travels Sahara Travels,https://www.railyatri.in/bus-operators/noble-travels-sahara-travels,Not provided by RailYatri
G P T,https://www.railyatri.in/bus-operators/g-p-t,Not provided by RailYatri
Vaishnavi Travels Pune Vaishnvi,https://www.railyatri.in/bus-operators/vaishnavi-travels-pune-vaishnvi,Not provided by RailYatri
Peetambra Travels,https://www.railyatri.in/bus-operators/peetambra-travels,Not provided by RailYatri
N T Sidhhanath Travels,https://www.railyatri.in/bus-operators/n-t-sidhhanath-travels,Not provided by RailYatri
Eagle Express Eagle Express,https://www.railyatri.in/bus-operators/eagle-express-eagle-express,Not provided by RailYatri
Sk Jai Travels,https://www.railyatri.in/bus-operators/sk-jai-travels,Not provided by RailYatri
Pavan Travels Global Travels,https://www.railyatri.in/bus-operators/pavan-travels-global-travels,Not provided by RailYatri
The Bullet Bussrtg,https://www.railyatri.in/bus-operators/the-bullet-bussrtg,Not provided by RailYatri
Indani Travelsindani,https://www.railyatri.in/bus-operators/indani-travelsindani,Not provided by RailYatri
Radhakrishna Travels Drc,https://www.railyatri.in/bus-operators/radhakrishna-travels-drc,Not provided by RailYatri
Muktai Travels Siddhivinayak,https://www.railyatri.in/bus-operators/muktai-travels-siddhivinayak,Not provided by RailYatri
New Akash Travels Deshmukh,https://www.railyatri.in/bus-operators/new-akash-travels-deshmukh,Not provided by RailYatri
N T Shree Durga Travels,https://www.railyatri.in/bus-operators/n-t-shree-durga-travels,Not provided by RailYatri
Vishwa Travels Osmanabadmorning,https://www.railyatri.in/bus-operators/vishwa-travels-osmanabadmorning,Not provided by RailYatri
Jay Bajarang Travels New Brand,https://www.railyatri.in/bus-operators/jay-bajarang-travels-new-brand,Not provided by RailYatri
Shri Balaji Travels Gk Pathan Bus,https://www.railyatri.in/bus-operators/shri-balaji-travels-gk-pathan-bus,Not provided by RailYatri
Jay Jalaram Travels,https://www.railyatri.in/bus-operators/jay-jalaram-travels,Not provided by RailYatri
Jai Ambay Travelling Agency Jaipur To Pushkar Sightseeing To Ajmer Drop,https://www.railyatri.in/bus-operators/jai-ambay-travelling-agency-jaipur-to-pushkar-sightseeing-to-ajmer-drop,Not provided by RailYatri
Sana Travelsarya,https://www.railyatri.in/bus-operators/sana-travelsarya,Not provided by RailYatri
Rudraksh Tandulja Kallamb,https://www.railyatri.in/bus-operators/rudraksh-tandulja-kallamb,Not provided by RailYatri
Cool Himachal Travel,https://www.railyatri.in/bus-operators/cool-himachal-travel,Not provided by RailYatri
Maharashtra Travels Chintamani,https://www.railyatri.in/bus-operators/maharashtra-travels-chintamani,Not provided by RailYatri
Raja Rani Travels Mansi Queen,https://www.railyatri.in/bus-operators/raja-rani-travels-mansi-queen,Not provided by RailYatri
Hbk Travels,https://www.railyatri.in/bus-operators/hbk-travels,Not provided by RailYatri
Maa Baneshwari Travels Kothari Group Crossing From Talbehat,https://www.railyatri.in/bus-operators/maa-baneshwari-travels-kothari-group-crossing-from-talbehat,Not provided by RailYatri
Samy Travels Ganga,https://www.railyatri.in/bus-operators/samy-travels-ganga,Not provided by RailYatri
Khushal Travels Khushal Panchwati Exp,https://www.railyatri.in/bus-operators/khushal-travels-khushal-panchwati-exp,Not provided by RailYatri
Shine Star Luxury Coach And Cargo Pvt Ltd Shreevijayanagar Raisinghnagar,https://www.railyatri.in/bus-operators/shine-star-luxury-coach-and-cargo-pvt-ltd-shreevijayanagar-raisinghnagar,Not provided by RailYatri
Natraj Travels Rajshree,https://www.railyatri.in/bus-operators/natraj-travels-rajshree,Not provided by RailYatri
Ram Travels Kashish Travels,https://www.railyatri.in/bus-operators/ram-travels-kashish-travels,Not provided by RailYatri
Shree Krishna Varun Travels,https://www.railyatri.in/bus-operators/shree-krishna-varun-travels,Not provided by RailYatri
Shreyas Red Queen,https://www.railyatri.in/bus-operators/shreyas-red-queen,Not provided by RailYatri
Hundekari Travels,https://www.railyatri.in/bus-operators/hundekari-travels,Not provided by RailYatri
Radhika Tours And Travels,https://www.railyatri.in/bus-operators/radhika-tours-and-travels,Not provided by RailYatri
Khushal Travelsomkar,https://www.railyatri.in/bus-operators/khushal-travelsomkar,Not provided by RailYatri
Afshee Travels,https://www.railyatri.in/bus-operators/afshee-travels,Not provided by RailYatri
Real Travels,https://www.railyatri.in/bus-operators/real-travels,Not provided by RailYatri
Online Go Aditi,https://www.railyatri.in/bus-operators/online-go-aditi,Not provided by RailYatri
Shivbaba Travels Umar Afreen,https://www.railyatri.in/bus-operators/shivbaba-travels-umar-afreen,Not provided by RailYatri
Jay Bherunath Travels,https://www.railyatri.in/bus-operators/jay-bherunath-travels,Not provided by RailYatri
H R Travels,https://www.railyatri.in/bus-operators/h-r-travels,Not provided by RailYatri
Sai Rath Travel Agency,https://www.railyatri.in/bus-operators/sai-rath-travel-agency,Not provided by RailYatri
Rp Tours And Travels,https://www.railyatri.in/bus-operators/rp-tours-and-travels,Not provided by RailYatri
Ram Travels Vikrant Travels,https://www.railyatri.in/bus-operators/ram-travels-vikrant-travels,Not provided by RailYatri
Vishwa Travels New,https://www.railyatri.in/bus-operators/vishwa-travels-new,Not provided by RailYatri
Shree Maruti Krupa Travels And Cargo Pvt Ltd,https://www.railyatri.in/bus-operators/shree-maruti-krupa-travels-and-cargo-pvt-ltd,Not provided by RailYatri
Online Go,https://www.railyatri.in/bus-operators/online-go,Not provided by RailYatri
Rishabh Travels New A C Sleeper Coach,https://www.railyatri.in/bus-operators/rishabh-travels-new-a-c-sleeper-coach,Not provided by RailYatri
Radhakrishna Travels Ss Travel,https://www.railyatri.in/bus-operators/radhakrishna-travels-ss-travel,Not provided by RailYatri
Maharaja Tours And Travels,https://www.railyatri.in/bus-operators/maharaja-tours-and-travels,Not provided by RailYatri
Diamond Tours And Travels Bhavana,https://www.railyatri.in/bus-operators/diamond-tours-and-travels-bhavana,Not provided by RailYatri
Sabar Eagle Travels,https://www.railyatri.in/bus-operators/sabar-eagle-travels,Not provided by RailYatri
Shree Gajanan Travels Mangalmurti,https://www.railyatri.in/bus-operators/shree-gajanan-travels-mangalmurti,Not provided by RailYatri
Madurai Balajee Travels,https://www.railyatri.in/bus-operators/madurai-balajee-travels,Not provided by RailYatri
Labbaik Tours And Travelsdadar Borivali,https://www.railyatri.in/bus-operators/labbaik-tours-and-travelsdadar-borivali,Not provided by RailYatri
Global Travels New Global Via Wardha,https://www.railyatri.in/bus-operators/global-travels-new-global-via-wardha,Not provided by RailYatri
N T National Travels,https://www.railyatri.in/bus-operators/n-t-national-travels,Not provided by RailYatri
N T Shreyas Travels,https://www.railyatri.in/bus-operators/n-t-shreyas-travels,Not provided by RailYatri
Bala Ji Tourist,https://www.railyatri.in/bus-operators/bala-ji-tourist,Not provided by RailYatri
Godavari Travelskaveri,https://www.railyatri.in/bus-operators/godavari-travelskaveri,Not provided by RailYatri
R S Yadav Travels Pickup By Van To Kathgodam From Nainital,https://www.railyatri.in/bus-operators/r-s-yadav-travels-pickup-by-van-to-kathgodam-from-nainital,Not provided by RailYatri
Labbaik Tours And Travelsthane Borivali M B Link,https://www.railyatri.in/bus-operators/labbaik-tours-and-travelsthane-borivali-m-b-link,Not provided by RailYatri
Saranaa Travels,https://www.railyatri.in/bus-operators/saranaa-travels,Not provided by RailYatri
Daily Transport Service,https://www.railyatri.in/bus-operators/daily-transport-service,Not provided by RailYatri
Prachi Travels Jaibhavani,https://www.railyatri.in/bus-operators/prachi-travels-jaibhavani,Not provided by RailYatri
Star Linker Transport,https://www.railyatri.in/bus-operators/star-linker-transport,Not provided by RailYatri
Srh Travel,https://www.railyatri.in/bus-operators/srh-travel,Not provided by RailYatri
Ranveer Tour And Travels,https://www.railyatri.in/bus-operators/ranveer-tour-and-travels,Not provided by RailYatri
Shri Samarth Krupa Travels,https://www.railyatri.in/bus-operators/shri-samarth-krupa-travels,Not provided by RailYatri
Uts Tours And Travels,https://www.railyatri.in/bus-operators/uts-tours-and-travels,Not provided by RailYatri
Khushal Travelspanchavati,https://www.railyatri.in/bus-operators/khushal-travelspanchavati,Not provided by RailYatri
Raj Kalpana Travels Pvt Ltd Via Raebareli Kunda,https://www.railyatri.in/bus-operators/raj-kalpana-travels-pvt-ltd-via-raebareli-kunda,Not provided by RailYatri
Tantia Travels And Cargohmg,https://www.railyatri.in/bus-operators/tantia-travels-and-cargohmg,Not provided by RailYatri
Shiv Ganga Travels,https://www.railyatri.in/bus-operators/shiv-ganga-travels,Not provided by RailYatri
Navalai Travels Vip Class,https://www.railyatri.in/bus-operators/navalai-travels-vip-class,Not provided by RailYatri
Mahendra Travels Non Stop Premium,https://www.railyatri.in/bus-operators/mahendra-travels-non-stop-premium,Not provided by RailYatri
Paulo Travelsmaharaja,https://www.railyatri.in/bus-operators/paulo-travelsmaharaja,Not provided by RailYatri
Hari Om Travels Agency Himalaya Travels,https://www.railyatri.in/bus-operators/hari-om-travels-agency-himalaya-travels,Not provided by RailYatri
Xena Holidays,https://www.railyatri.in/bus-operators/xena-holidays,Not provided by RailYatri
Babu Travels Navdeep Travels,https://www.railyatri.in/bus-operators/babu-travels-navdeep-travels,Not provided by RailYatri
Santosh Travels Lotus,https://www.railyatri.in/bus-operators/santosh-travels-lotus,Not provided by RailYatri
Mauli Tours And Travelsnew Brand Mauli,https://www.railyatri.in/bus-operators/mauli-tours-and-travelsnew-brand-mauli,Not provided by RailYatri
Dnr Express Brand New Anant Travels,https://www.railyatri.in/bus-operators/dnr-express-brand-new-anant-travels,Not provided by RailYatri
Jamna Travels Jammu,https://www.railyatri.in/bus-operators/jamna-travels-jammu,Not provided by RailYatri
Patel Travelssamartha,https://www.railyatri.in/bus-operators/patel-travelssamartha,Not provided by RailYatri
Sai Arpan Travelswww Saiarpantravels Com,https://www.railyatri.in/bus-operators/sai-arpan-travelswww-saiarpantravels-com,Not provided by RailYatri
Dtccitylink,https://www.railyatri.in/bus-operators/dtccitylink,Not provided by RailYatri
Sagar Express,https://www.railyatri.in/bus-operators/sagar-express,Not provided by RailYatri
Satadhar Travelssatadhar,https://www.railyatri.in/bus-operators/satadhar-travelssatadhar,Not provided by RailYatri
Universal New Uncle Travels,https://www.railyatri.in/bus-operators/universal-new-uncle-travels,Not provided by RailYatri
Gayatri Travels Mahadev Travels,https://www.railyatri.in/bus-operators/gayatri-travels-mahadev-travels,Not provided by RailYatri
Gopnath Travels,https://www.railyatri.in/bus-operators/gopnath-travels,Not provided by RailYatri
Global Travels Baldev Mahesh,https://www.railyatri.in/bus-operators/global-travels-baldev-mahesh,Not provided by RailYatri
Kanker Roadwayskingsize X Ac Seat Sleeper,https://www.railyatri.in/bus-operators/kanker-roadwayskingsize-x-ac-seat-sleeper,Not provided by RailYatri
Savera Manish Travels,https://www.railyatri.in/bus-operators/savera-manish-travels,Not provided by RailYatri
Samay Shatabdi Travels,https://www.railyatri.in/bus-operators/samay-shatabdi-travels,Not provided by RailYatri
R D Tours And Travels,https://www.railyatri.in/bus-operators/r-d-tours-and-travels,Not provided by RailYatri
A P Travels,https://www.railyatri.in/bus-operators/a-p-travels,Not provided by RailYatri
New Loksewa Travels Shrianth Travels,https://www.railyatri.in/bus-operators/new-loksewa-travels-shrianth-travels,Not provided by RailYatri
New Mahalaxmi Travelsjay Ganesh Bus,https://www.railyatri.in/bus-operators/new-mahalaxmi-travelsjay-ganesh-bus,Not provided by RailYatri
New Udaygiri Travels Udaygiri,https://www.railyatri.in/bus-operators/new-udaygiri-travels-udaygiri,Not provided by RailYatri
Jai Durga Travels,https://www.railyatri.in/bus-operators/jai-durga-travels,Not provided by RailYatri
Kb Sagar Travels,https://www.railyatri.in/bus-operators/kb-sagar-travels,Not provided by RailYatri
Global Travels Paulo Maharaja,https://www.railyatri.in/bus-operators/global-travels-paulo-maharaja,Not provided by RailYatri
Raj Travels Suratpatel Express,https://www.railyatri.in/bus-operators/raj-travels-suratpatel-express,Not provided by RailYatri
National Travels Nandednational Swami Plus,https://www.railyatri.in/bus-operators/national-travels-nandednational-swami-plus,Not provided by RailYatri
Saini Travels Pvt Ltd Simba,https://www.railyatri.in/bus-operators/saini-travels-pvt-ltd-simba,Not provided by RailYatri
Laxmi Narayan Travels,https://www.railyatri.in/bus-operators/laxmi-narayan-travels,Not provided by RailYatri
Rameshwer Travels Surat,https://www.railyatri.in/bus-operators/rameshwer-travels-surat,Not provided by RailYatri
Om Travels Ambajogai,https://www.railyatri.in/bus-operators/om-travels-ambajogai,Not provided by RailYatri
Samai Travels Yougeshoweri Exp,https://www.railyatri.in/bus-operators/samai-travels-yougeshoweri-exp,Not provided by RailYatri
Paulo Travelskingsize Familyac Sleeper Seater,https://www.railyatri.in/bus-operators/paulo-travelskingsize-familyac-sleeper-seater,Not provided by RailYatri
Aashu Ruchi Tours And Travelsaashu Ruchi Travels,https://www.railyatri.in/bus-operators/aashu-ruchi-tours-and-travelsaashu-ruchi-travels,Not provided by RailYatri
Prayag Travels,https://www.railyatri.in/bus-operators/prayag-travels,Not provided by RailYatri
Rachna Travelsrachna Simba,https://www.railyatri.in/bus-operators/rachna-travelsrachna-simba,Not provided by RailYatri
Maahi Travels,https://www.railyatri.in/bus-operators/maahi-travels,Not provided by RailYatri
Sarda Tours And Travels,https://www.railyatri.in/bus-operators/sarda-tours-and-travels,Not provided by RailYatri
Shama Sardar Travels,https://www.railyatri.in/bus-operators/shama-sardar-travels,Not provided by RailYatri
Pooja Travels Iso,https://www.railyatri.in/bus-operators/pooja-travels-iso,Not provided by RailYatri
Baba Baidyanath,https://www.railyatri.in/bus-operators/baba-baidyanath,Not provided by RailYatri
Global Travels Golbal,https://www.railyatri.in/bus-operators/global-travels-golbal,Not provided by RailYatri
Saini Travels Pvt Ltd Non Stop X Simba Passion,https://www.railyatri.in/bus-operators/saini-travels-pvt-ltd-non-stop-x-simba-passion,Not provided by RailYatri
Saini Travels Pvt Ltd Non Stop Simba Jumbo,https://www.railyatri.in/bus-operators/saini-travels-pvt-ltd-non-stop-simba-jumbo,Not provided by RailYatri
Tanishq Holidays Tours,https://www.railyatri.in/bus-operators/tanishq-holidays-tours,Not provided by RailYatri
Shreee Vitthala Travels,https://www.railyatri.in/bus-operators/shreee-vitthala-travels,Not provided by RailYatri
Vaishali Travels,https://www.railyatri.in/bus-operators/vaishali-travels,Not provided by RailYatri
Dwaraka Tours Travels Pvt Ltd,https://www.railyatri.in/bus-operators/dwaraka-tours-travels-pvt-ltd,Not provided by RailYatri
Rajendra Travels,https://www.railyatri.in/bus-operators/rajendra-travels,Not provided by RailYatri
Dnr Expressnew Grand Elite Business Class,https://www.railyatri.in/bus-operators/dnr-expressnew-grand-elite-business-class,Not provided by RailYatri
Pushkraj Travels Pushkraaj,https://www.railyatri.in/bus-operators/pushkraj-travels-pushkraaj,Not provided by RailYatri
Preet Travels,https://www.railyatri.in/bus-operators/preet-travels,Not provided by RailYatri
Nandan Travels Volvo Lightning,https://www.railyatri.in/bus-operators/nandan-travels-volvo-lightning,Not provided by RailYatri
Shri Ganraj Travels Asha Travels,https://www.railyatri.in/bus-operators/shri-ganraj-travels-asha-travels,Not provided by RailYatri
Puja Transport,https://www.railyatri.in/bus-operators/puja-transport,Not provided by RailYatri
Aishwarya Travels,https://www.railyatri.in/bus-operators/aishwarya-travels,Not provided by RailYatri
Green Line Travels,https://www.railyatri.in/bus-operators/green-line-travels,Not provided by RailYatri
Jayavin,https://www.railyatri.in/bus-operators/jayavin,Not provided by RailYatri
Dev Tour And Travels,https://www.railyatri.in/bus-operators/dev-tour-and-travels,Not provided by RailYatri
Jayalakshmi Bus,https://www.railyatri.in/bus-operators/jayalakshmi-bus,Not provided by RailYatri
Seema Travelsshreenath Travellers,https://www.railyatri.in/bus-operators/seema-travelsshreenath-travellers,Not provided by RailYatri
Speedlink Travel Services,https://www.railyatri.in/bus-operators/speedlink-travel-services,Not provided by RailYatri
Urvashi Travels Maa Baneshwari,https://www.railyatri.in/bus-operators/urvashi-travels-maa-baneshwari,Not provided by RailYatri
Taniya Travels,https://www.railyatri.in/bus-operators/taniya-travels,Not provided by RailYatri
New Fateh Bus Service,https://www.railyatri.in/bus-operators/new-fateh-bus-service,Not provided by RailYatri
Menariya Travels,https://www.railyatri.in/bus-operators/menariya-travels,Not provided by RailYatri
Raj Travels Udgir Choice,https://www.railyatri.in/bus-operators/raj-travels-udgir-choice,Not provided by RailYatri
Indo Canadian Tpt Co,https://www.railyatri.in/bus-operators/indo-canadian-tpt-co,Not provided by RailYatri
Royal Bengal,https://www.railyatri.in/bus-operators/royal-bengal,Not provided by RailYatri
Mkt Travels,https://www.railyatri.in/bus-operators/mkt-travels,Not provided by RailYatri
R K Travels,https://www.railyatri.in/bus-operators/r-k-travels,Not provided by RailYatri
Musafir Travels Shreyas,https://www.railyatri.in/bus-operators/musafir-travels-shreyas,Not provided by RailYatri
Veer Travelssanjay Travels,https://www.railyatri.in/bus-operators/veer-travelssanjay-travels,Not provided by RailYatri
Shree Sawariya Travels,https://www.railyatri.in/bus-operators/shree-sawariya-travels,Not provided by RailYatri
Shreenath Yadav Travels,https://www.railyatri.in/bus-operators/shreenath-yadav-travels,Not provided by RailYatri
Sangeetam Travelsst,https://www.railyatri.in/bus-operators/sangeetam-travelsst,Not provided by RailYatri
Dreams Connect,https://www.railyatri.in/bus-operators/dreams-connect,Not provided by RailYatri
Godavari Travels New Brand Pragati,https://www.railyatri.in/bus-operators/godavari-travels-new-brand-pragati,Not provided by RailYatri
Sethi Yatra Company Multani Sona Indore,https://www.railyatri.in/bus-operators/sethi-yatra-company-multani-sona-indore,Not provided by RailYatri
Evergreen Travels,https://www.railyatri.in/bus-operators/evergreen-travels,Not provided by RailYatri
Go Bus,https://www.railyatri.in/bus-operators/go-bus,Not provided by RailYatri
Choice Tours And Travels Choice,https://www.railyatri.in/bus-operators/choice-tours-and-travels-choice,Not provided by RailYatri
Sheetal Travelsair Suspension,https://www.railyatri.in/bus-operators/sheetal-travelsair-suspension,Not provided by RailYatri
Sri Muthulakshmi Travels,https://www.railyatri.in/bus-operators/sri-muthulakshmi-travels,Not provided by RailYatri
Ashoka Translines,https://www.railyatri.in/bus-operators/ashoka-translines,Not provided by RailYatri
Mrl Travels,https://www.railyatri.in/bus-operators/mrl-travels,Not provided by RailYatri
Btm Travels,https://www.railyatri.in/bus-operators/btm-travels,Not provided by RailYatri
Shourya Travels Sarthak,https://www.railyatri.in/bus-operators/shourya-travels-sarthak,Not provided by RailYatri
Thasarathan Travels,https://www.railyatri.in/bus-operators/thasarathan-travels,Not provided by RailYatri
Guardian Tour And Travels,https://www.railyatri.in/bus-operators/guardian-tour-and-travels,Not provided by RailYatri
D K Travelsswagat,https://www.railyatri.in/bus-operators/d-k-travelsswagat,Not provided by RailYatri
Ubc Travels,https://www.railyatri.in/bus-operators/ubc-travels,Not provided by RailYatri
New Prathamesh Sairath,https://www.railyatri.in/bus-operators/new-prathamesh-sairath,Not provided by RailYatri
S G T Krishna Travels,https://www.railyatri.in/bus-operators/s-g-t-krishna-travels,Not provided by RailYatri
Kingfisher Translinesbrand New,https://www.railyatri.in/bus-operators/kingfisher-translinesbrand-new,Not provided by RailYatri
Gurjar Travels,https://www.railyatri.in/bus-operators/gurjar-travels,Not provided by RailYatri
Shri Ambika Travels,https://www.railyatri.in/bus-operators/shri-ambika-travels,Not provided by RailYatri
Rajmudra Tours And Travelsrajmudra,https://www.railyatri.in/bus-operators/rajmudra-tours-and-travelsrajmudra,Not provided by RailYatri
Rytham Travels Int Come,https://www.railyatri.in/bus-operators/rytham-travels-int-come,Not provided by RailYatri
Sahil Express,https://www.railyatri.in/bus-operators/sahil-express,Not provided by RailYatri
New Samruddhi Travels Savera,https://www.railyatri.in/bus-operators/new-samruddhi-travels-savera,Not provided by RailYatri
Amaal Travels Shatabdi Express,https://www.railyatri.in/bus-operators/amaal-travels-shatabdi-express,Not provided by RailYatri
Rishabh Travels New Ac Sleeper Seating Coach,https://www.railyatri.in/bus-operators/rishabh-travels-new-ac-sleeper-seating-coach,Not provided by RailYatri
Nh Safari Tours And Travels,https://www.railyatri.in/bus-operators/nh-safari-tours-and-travels,Not provided by RailYatri
Shree Bus Sarthak,https://www.railyatri.in/bus-operators/shree-bus-sarthak,Not provided by RailYatri
Shree Sai Travels Dhariwal Travels Bus No,https://www.railyatri.in/bus-operators/shree-sai-travels-dhariwal-travels-bus-no,Not provided by RailYatri
Shiv Sagar Travels,https://www.railyatri.in/bus-operators/shiv-sagar-travels,Not provided by RailYatri
Shreenath Travellers,https://www.railyatri.in/bus-operators/shreenath-travellers,Not provided by RailYatri
Sai Lucky Travels,https://www.railyatri.in/bus-operators/sai-lucky-travels,Not provided by RailYatri
Maharaja Travels And Transport,https://www.railyatri.in/bus-operators/maharaja-travels-and-transport,Not provided by RailYatri
Samy Travelsh K G N,https://www.railyatri.in/bus-operators/samy-travelsh-k-g-n,Not provided by RailYatri
New Samruddhi Travels Guru Mauli,https://www.railyatri.in/bus-operators/new-samruddhi-travels-guru-mauli,Not provided by RailYatri
Rytham Travels Int Come No,https://www.railyatri.in/bus-operators/rytham-travels-int-come-no,Not provided by RailYatri
Sri Jothi Lakshmi Travels,https://www.railyatri.in/bus-operators/sri-jothi-lakshmi-travels,Not provided by RailYatri
Paulo Travels Kingsize Ac Family Sleeper With Backrest Seater,https://www.railyatri.in/bus-operators/paulo-travels-kingsize-ac-family-sleeper-with-backrest-seater,Not provided by RailYatri
Sanjay Travels Ichalkaranji Thane Boriwali,https://www.railyatri.in/bus-operators/sanjay-travels-ichalkaranji-thane-boriwali,Not provided by RailYatri
The Rayeen Travels Non Stop,https://www.railyatri.in/bus-operators/the-rayeen-travels-non-stop,Not provided by RailYatri
Malani Travels,https://www.railyatri.in/bus-operators/malani-travels,Not provided by RailYatri
Greenline Kerala Travelsbang,https://www.railyatri.in/bus-operators/greenline-kerala-travelsbang,Not provided by RailYatri
Sindh Radhe Travels Sindh Radhe,https://www.railyatri.in/bus-operators/sindh-radhe-travels-sindh-radhe,Not provided by RailYatri
Sana Travels New Dwarkadhish,https://www.railyatri.in/bus-operators/sana-travels-new-dwarkadhish,Not provided by RailYatri
Greenline Bus,https://www.railyatri.in/bus-operators/greenline-bus,Not provided by RailYatri
Manish Travels Non Stop Wide Sleeper,https://www.railyatri.in/bus-operators/manish-travels-non-stop-wide-sleeper,Not provided by RailYatri
Rayeen Travels Brand New Bus,https://www.railyatri.in/bus-operators/rayeen-travels-brand-new-bus,Not provided by RailYatri
Tirumala Road Lines,https://www.railyatri.in/bus-operators/tirumala-road-lines,Not provided by RailYatri
Virat Travels Pune Aayush,https://www.railyatri.in/bus-operators/virat-travels-pune-aayush,Not provided by RailYatri
Heena Travelssuper Queen,https://www.railyatri.in/bus-operators/heena-travelssuper-queen,Not provided by RailYatri
Golden Park Holidays,https://www.railyatri.in/bus-operators/golden-park-holidays,Not provided by RailYatri
Ravi Gajraj Travels Non Stop,https://www.railyatri.in/bus-operators/ravi-gajraj-travels-non-stop,Not provided by RailYatri
Paulo Shihori Travels,https://www.railyatri.in/bus-operators/paulo-shihori-travels,Not provided by RailYatri
Paulo Travels X Volvo Multiaxle Ac Seater Sleeper,https://www.railyatri.in/bus-operators/paulo-travels-x-volvo-multiaxle-ac-seater-sleeper,Not provided by RailYatri
Vijay Roadlines And Logisticsnavkar,https://www.railyatri.in/bus-operators/vijay-roadlines-and-logisticsnavkar,Not provided by RailYatri
Global Travelsglobal,https://www.railyatri.in/bus-operators/global-travelsglobal,Not provided by RailYatri
Luxury Pack Glas Air Suspension,https://www.railyatri.in/bus-operators/luxury-pack-glas-air-suspension,Not provided by RailYatri
Babu Travelsvikas Travels,https://www.railyatri.in/bus-operators/babu-travelsvikas-travels,Not provided by RailYatri
New Shreeraj Travelsnew Brand Bhagyalaxmi,https://www.railyatri.in/bus-operators/new-shreeraj-travelsnew-brand-bhagyalaxmi,Not provided by RailYatri
Sri Vengamamba Bus Transport Pvt Ltd,https://www.railyatri.in/bus-operators/sri-vengamamba-bus-transport-pvt-ltd,Not provided by RailYatri
Madhav Bus Service Malkan Trvl,https://www.railyatri.in/bus-operators/madhav-bus-service-malkan-trvl,Not provided by RailYatri
Rachna Travels Manmandir Travels,https://www.railyatri.in/bus-operators/rachna-travels-manmandir-travels,Not provided by RailYatri
Ram Travels Shri Ganesh,https://www.railyatri.in/bus-operators/ram-travels-shri-ganesh,Not provided by RailYatri
Lnt Travels Swami,https://www.railyatri.in/bus-operators/lnt-travels-swami,Not provided by RailYatri
Swagat Travels Brand New Air Suspension Packed Glass Coach,https://www.railyatri.in/bus-operators/swagat-travels-brand-new-air-suspension-packed-glass-coach,Not provided by RailYatri
The Grand Bhagwati,https://www.railyatri.in/bus-operators/the-grand-bhagwati,Not provided by RailYatri
Madura Tours Travels Madurai,https://www.railyatri.in/bus-operators/madura-tours-travels-madurai,Not provided by RailYatri
Paulo Travels Indani Coach,https://www.railyatri.in/bus-operators/paulo-travels-indani-coach,Not provided by RailYatri
Paulo Travels Goa Bangalore X Air Suspension Sleeper,https://www.railyatri.in/bus-operators/paulo-travels-goa-bangalore-x-air-suspension-sleeper,Not provided by RailYatri
Aniruddha Travels,https://www.railyatri.in/bus-operators/aniruddha-travels,Not provided by RailYatri
Shree Ganesh Tours And Travels,https://www.railyatri.in/bus-operators/shree-ganesh-tours-and-travels,Not provided by RailYatri
Paulo Travels X Ac Sleeper,https://www.railyatri.in/bus-operators/paulo-travels-x-ac-sleeper,Not provided by RailYatri
Khushal Travelsmauli,https://www.railyatri.in/bus-operators/khushal-travelsmauli,Not provided by RailYatri
National Swami Plus,https://www.railyatri.in/bus-operators/national-swami-plus,Not provided by RailYatri
Honey Trvls Brand New Honey,https://www.railyatri.in/bus-operators/honey-trvls-brand-new-honey,Not provided by RailYatri
Sharma Travelcst,https://www.railyatri.in/bus-operators/sharma-travelcst,Not provided by RailYatri
Transit Translines,https://www.railyatri.in/bus-operators/transit-translines,Not provided by RailYatri
New Lucky Travels Raj Mandir,https://www.railyatri.in/bus-operators/new-lucky-travels-raj-mandir,Not provided by RailYatri
Shri Sadguru Travels Rodiwal,https://www.railyatri.in/bus-operators/shri-sadguru-travels-rodiwal,Not provided by RailYatri
Jalaram Darshan Travels,https://www.railyatri.in/bus-operators/jalaram-darshan-travels,Not provided by RailYatri
Dnr Expressnew Grand Elite Business Clas,https://www.railyatri.in/bus-operators/dnr-expressnew-grand-elite-business-clas,Not provided by RailYatri
R K Tours And Travels,https://www.railyatri.in/bus-operators/r-k-tours-and-travels,Not provided by RailYatri
Mahadev Travels Agency New Bus Pack Glass,https://www.railyatri.in/bus-operators/mahadev-travels-agency-new-bus-pack-glass,Not provided by RailYatri
Patel Travels Shabnam White,https://www.railyatri.in/bus-operators/patel-travels-shabnam-white,Not provided by RailYatri
Manmandir Rahul Travels,https://www.railyatri.in/bus-operators/manmandir-rahul-travels,Not provided by RailYatri
Legend Bus Service,https://www.railyatri.in/bus-operators/legend-bus-service,Not provided by RailYatri
Navya Travels,https://www.railyatri.in/bus-operators/navya-travels,Not provided by RailYatri
Gosuperbus,https://www.railyatri.in/bus-operators/gosuperbus,Not provided by RailYatri
Saanvi Travels,https://www.railyatri.in/bus-operators/saanvi-travels,Not provided by RailYatri
Mb Travels Kumar New Brand Kumar New Brand Kumar New Brand Kumar New Brand Kumar New Brand Kumar New,https://www.railyatri.in/bus-operators/mb-travels-kumar-new-brand-kumar-new-brand-kumar-new-brand-kumar-new-brand-kumar-new-brand-kumar-new,Not provided by RailYatri
Vaishnavi Travels Pune Vaishnavi,https://www.railyatri.in/bus-operators/vaishnavi-travels-pune-vaishnavi,Not provided by RailYatri
Maa Vaishno Devi,https://www.railyatri.in/bus-operators/maa-vaishno-devi,Not provided by RailYatri
Sheetal Travelstayal Simba,https://www.railyatri.in/bus-operators/sheetal-travelstayal-simba,Not provided by RailYatri
Santosh Travelsmaitree,https://www.railyatri.in/bus-operators/santosh-travelsmaitree,Not provided by RailYatri
Somnath Travels,https://www.railyatri.in/bus-operators/somnath-travels,Not provided by RailYatri
Hind Tour And Travel Services,https://www.railyatri.in/bus-operators/hind-tour-and-travel-services,Not provided by RailYatri
Global Travels Shree Patel,https://www.railyatri.in/bus-operators/global-travels-shree-patel,Not provided by RailYatri
Red National Travels Rnt,https://www.railyatri.in/bus-operators/red-national-travels-rnt,Not provided by RailYatri
Raja Rani Travels Mansi Princess,https://www.railyatri.in/bus-operators/raja-rani-travels-mansi-princess,Not provided by RailYatri
Global Travelskashish,https://www.railyatri.in/bus-operators/global-travelskashish,Not provided by RailYatri
Royalstar Rts Royal Tourist,https://www.railyatri.in/bus-operators/royalstar-rts-royal-tourist,Not provided by RailYatri
Archana Holidays,https://www.railyatri.in/bus-operators/archana-holidays,Not provided by RailYatri
Hindusthan Travels,https://www.railyatri.in/bus-operators/hindusthan-travels,Not provided by RailYatri
Bhavyasri Bus,https://www.railyatri.in/bus-operators/bhavyasri-bus,Not provided by RailYatri
S Virani Saraswati,https://www.railyatri.in/bus-operators/s-virani-saraswati,Not provided by RailYatri
Eeshan Logisticpareek Travels,https://www.railyatri.in/bus-operators/eeshan-logisticpareek-travels,Not provided by RailYatri
Riyalink Travelsnew Brand,https://www.railyatri.in/bus-operators/riyalink-travelsnew-brand,Not provided by RailYatri
New Pooja Travelsmahakali,https://www.railyatri.in/bus-operators/new-pooja-travelsmahakali,Not provided by RailYatri
Naya Rath Motor Service,https://www.railyatri.in/bus-operators/naya-rath-motor-service,Not provided by RailYatri
Dnr Express Non Stop,https://www.railyatri.in/bus-operators/dnr-express-non-stop,Not provided by RailYatri
Labbaik Tours And Travelstirupati,https://www.railyatri.in/bus-operators/labbaik-tours-and-travelstirupati,Not provided by RailYatri
Musafir Travels Shivtara,https://www.railyatri.in/bus-operators/musafir-travels-shivtara,Not provided by RailYatri
Sana Travelsazeem,https://www.railyatri.in/bus-operators/sana-travelsazeem,Not provided by RailYatri
Samy Travelsmeera,https://www.railyatri.in/bus-operators/samy-travelsmeera,Not provided by RailYatri
Mitra Travels,https://www.railyatri.in/bus-operators/mitra-travels,Not provided by RailYatri
Moon Light Travels Katra,https://www.railyatri.in/bus-operators/moon-light-travels-katra,Not provided by RailYatri
A N Holidays,https://www.railyatri.in/bus-operators/a-n-holidays,Not provided by RailYatri
Online Go Pandurang,https://www.railyatri.in/bus-operators/online-go-pandurang,Not provided by RailYatri
Royal Travels India,https://www.railyatri.in/bus-operators/royal-travels-india,Not provided by RailYatri
Radhakrishna Travelsshreyas,https://www.railyatri.in/bus-operators/radhakrishna-travelsshreyas,Not provided by RailYatri
Salasar Travels,https://www.railyatri.in/bus-operators/salasar-travels,Not provided by RailYatri
Narmadared,https://www.railyatri.in/bus-operators/narmadared,Not provided by RailYatri
Shri Siddhivinayak,https://www.railyatri.in/bus-operators/shri-siddhivinayak,Not provided by RailYatri
Tholan Travels And Tours,https://www.railyatri.in/bus-operators/tholan-travels-and-tours,Not provided by RailYatri
Babu Travelsdelux Coach,https://www.railyatri.in/bus-operators/babu-travelsdelux-coach,Not provided by RailYatri
Harikesh Tour N Travels,https://www.railyatri.in/bus-operators/harikesh-tour-n-travels,Not provided by RailYatri
Jai Durga Travels Sant Prayag,https://www.railyatri.in/bus-operators/jai-durga-travels-sant-prayag,Not provided by RailYatri
N T Musafir Sanjay Travels,https://www.railyatri.in/bus-operators/n-t-musafir-sanjay-travels,Not provided by RailYatri
Pranav Travels,https://www.railyatri.in/bus-operators/pranav-travels,Not provided by RailYatri
Krishna Travels Latur Krishna Boriwali Spl,https://www.railyatri.in/bus-operators/krishna-travels-latur-krishna-boriwali-spl,Not provided by RailYatri
Rudraksha Tours And Travels,https://www.railyatri.in/bus-operators/rudraksha-tours-and-travels,Not provided by RailYatri
Om Sai Prasanna Shreyas,https://www.railyatri.in/bus-operators/om-sai-prasanna-shreyas,Not provided by RailYatri
Bajrang Shreeji Travels Shreeji,https://www.railyatri.in/bus-operators/bajrang-shreeji-travels-shreeji,Not provided by RailYatri
Samai Travels Pune,https://www.railyatri.in/bus-operators/samai-travels-pune,Not provided by RailYatri
Sanjay Travels Ichalkaranji Mumbai Sangali Ichalkaranjii,https://www.railyatri.in/bus-operators/sanjay-travels-ichalkaranji-mumbai-sangali-ichalkaranjii,Not provided by RailYatri
Maharashtra Tranels National,https://www.railyatri.in/bus-operators/maharashtra-tranels-national,Not provided by RailYatri
Gpt Mohan Travels Badlapur Ambarnath Ulhasnagar Kalyan,https://www.railyatri.in/bus-operators/gpt-mohan-travels-badlapur-ambarnath-ulhasnagar-kalyan,Not provided by RailYatri
Pro Active Journey Management Pvt Ltd,https://www.railyatri.in/bus-operators/pro-active-journey-management-pvt-ltd,Not provided by RailYatri
Shri Lakshmi Sai Insulation,https://www.railyatri.in/bus-operators/shri-lakshmi-sai-insulation,Not provided by RailYatri
Shree Krishna Varun Travels Krishna Brand New,https://www.railyatri.in/bus-operators/shree-krishna-varun-travels-krishna-brand-new,Not provided by RailYatri
New Punjab Mahendra Travels,https://www.railyatri.in/bus-operators/new-punjab-mahendra-travels,Not provided by RailYatri
Shri Ganesh Tours And Travels,https://www.railyatri.in/bus-operators/shri-ganesh-tours-and-travels,Not provided by RailYatri
Maa Ugata Ni Meldi Travels,https://www.railyatri.in/bus-operators/maa-ugata-ni-meldi-travels,Not provided by RailYatri
The Bullet Bushmg,https://www.railyatri.in/bus-operators/the-bullet-bushmg,Not provided by RailYatri
Shree Durga Travels Cst,https://www.railyatri.in/bus-operators/shree-durga-travels-cst,Not provided by RailYatri
Vishwa Travelsnew X Seating,https://www.railyatri.in/bus-operators/vishwa-travelsnew-x-seating,Not provided by RailYatri
Loksewashreenath Tours And Travels,https://www.railyatri.in/bus-operators/loksewashreenath-tours-and-travels,Not provided by RailYatri
Uncle Travels Jalgaonsyndicate Bus,https://www.railyatri.in/bus-operators/uncle-travels-jalgaonsyndicate-bus,Not provided by RailYatri
Shree Abhishek Travels,https://www.railyatri.in/bus-operators/shree-abhishek-travels,Not provided by RailYatri
Abhinandan Travels,https://www.railyatri.in/bus-operators/abhinandan-travels,Not provided by RailYatri
Rishabh Travelsnon Ac,https://www.railyatri.in/bus-operators/rishabh-travelsnon-ac,Not provided by RailYatri
Parswanath Travels,https://www.railyatri.in/bus-operators/parswanath-travels,Not provided by RailYatri
Mahaveer Travel Company,https://www.railyatri.in/bus-operators/mahaveer-travel-company,Not provided by RailYatri
N T Pawan Maharaja,https://www.railyatri.in/bus-operators/n-t-pawan-maharaja,Not provided by RailYatri
Paulo Travels X Volvo Multi Axle Family Sleeper Wirh Backrest Seater X,https://www.railyatri.in/bus-operators/paulo-travels-x-volvo-multi-axle-family-sleeper-wirh-backrest-seater-x,Not provided by RailYatri
Rajnandini Travelsabhinav,https://www.railyatri.in/bus-operators/rajnandini-travelsabhinav,Not provided by RailYatri
New Jeevan Bus Service,https://www.railyatri.in/bus-operators/new-jeevan-bus-service,Not provided by RailYatri
Sana Travelsshifa Queen,https://www.railyatri.in/bus-operators/sana-travelsshifa-queen,Not provided by RailYatri
High Tech Tours And Travels,https://www.railyatri.in/bus-operators/high-tech-tours-and-travels,Not provided by RailYatri
Bhopal Travelsjain Bus,https://www.railyatri.in/bus-operators/bhopal-travelsjain-bus,Not provided by RailYatri
Sangeetam Travelslakshmi Travels,https://www.railyatri.in/bus-operators/sangeetam-travelslakshmi-travels,Not provided by RailYatri
Shree Ramraj Travels Agency,https://www.railyatri.in/bus-operators/shree-ramraj-travels-agency,Not provided by RailYatri
New Heena Travels Beedgolden,https://www.railyatri.in/bus-operators/new-heena-travels-beedgolden,Not provided by RailYatri
Sangeetam Travels Sangeetam,https://www.railyatri.in/bus-operators/sangeetam-travels-sangeetam,Not provided by RailYatri
Sangwan Travels Shatabdi Travels,https://www.railyatri.in/bus-operators/sangwan-travels-shatabdi-travels,Not provided by RailYatri
Om Aashuruchi Via Ahmedngar,https://www.railyatri.in/bus-operators/om-aashuruchi-via-ahmedngar,Not provided by RailYatri
Rajmata,https://www.railyatri.in/bus-operators/rajmata,Not provided by RailYatri
Neelkanth Travelsjay Meldi New Bus,https://www.railyatri.in/bus-operators/neelkanth-travelsjay-meldi-new-bus,Not provided by RailYatri
Bhopal Travels Sai Yatra Travels,https://www.railyatri.in/bus-operators/bhopal-travels-sai-yatra-travels,Not provided by RailYatri
Global Travelsdheeraj,https://www.railyatri.in/bus-operators/global-travelsdheeraj,Not provided by RailYatri
Kvt Narmadablue Plus,https://www.railyatri.in/bus-operators/kvt-narmadablue-plus,Not provided by RailYatri
Sai Tours And Travels,https://www.railyatri.in/bus-operators/sai-tours-and-travels,Not provided by RailYatri
Babu Travelsa C Royal Safari,https://www.railyatri.in/bus-operators/babu-travelsa-c-royal-safari,Not provided by RailYatri
Pai Travels,https://www.railyatri.in/bus-operators/pai-travels,Not provided by RailYatri
Abhishek Tours And Travelsmahendra,https://www.railyatri.in/bus-operators/abhishek-tours-and-travelsmahendra,Not provided by RailYatri
New Uncle Dwarkadhish,https://www.railyatri.in/bus-operators/new-uncle-dwarkadhish,Not provided by RailYatri
Rajan Travelsmahasagar Travels,https://www.railyatri.in/bus-operators/rajan-travelsmahasagar-travels,Not provided by RailYatri
Balaji Dolphin Travels,https://www.railyatri.in/bus-operators/balaji-dolphin-travels,Not provided by RailYatri
Rao Tourist Services Private Limited,https://www.railyatri.in/bus-operators/rao-tourist-services-private-limited,Not provided by RailYatri
Maharaja Express Boriwali Special,https://www.railyatri.in/bus-operators/maharaja-express-boriwali-special,Not provided by RailYatri
Navkar Travelsom Shrinath Travels,https://www.railyatri.in/bus-operators/navkar-travelsom-shrinath-travels,Not provided by RailYatri
Shivam,https://www.railyatri.in/bus-operators/shivam,Not provided by RailYatri
Swami Travels Pune New Swami,https://www.railyatri.in/bus-operators/swami-travels-pune-new-swami,Not provided by RailYatri
Zakas Tours And Travels Tornai,https://www.railyatri.in/bus-operators/zakas-tours-and-travels-tornai,Not provided by RailYatri
Shree Ganraj Logistics,https://www.railyatri.in/bus-operators/shree-ganraj-logistics,Not provided by RailYatri
Sant Prayag Tours And Travels,https://www.railyatri.in/bus-operators/sant-prayag-tours-and-travels,Not provided by RailYatri
Naresh Travels Maharaja Seat And Kingsize Sleeper,https://www.railyatri.in/bus-operators/naresh-travels-maharaja-seat-and-kingsize-sleeper,Not provided by RailYatri
Kashish,https://www.railyatri.in/bus-operators/kashish,Not provided by RailYatri
N S Travels Patil Bus,https://www.railyatri.in/bus-operators/n-s-travels-patil-bus,Not provided by RailYatri
Aron Transports,https://www.railyatri.in/bus-operators/aron-transports,Not provided by RailYatri
Labbaik Tours And Travels Vaibhav,https://www.railyatri.in/bus-operators/labbaik-tours-and-travels-vaibhav,Not provided by RailYatri
A R M T Co Amish Travels,https://www.railyatri.in/bus-operators/a-r-m-t-co-amish-travels,Not provided by RailYatri
Balaji Tours And Travels Chalisgaonbrand New,https://www.railyatri.in/bus-operators/balaji-tours-and-travels-chalisgaonbrand-new,Not provided by RailYatri
Sheetal Travels Sheetal,https://www.railyatri.in/bus-operators/sheetal-travels-sheetal,Not provided by RailYatri
Rudranee Travels,https://www.railyatri.in/bus-operators/rudranee-travels,Not provided by RailYatri
Musafir Travels Red Fox,https://www.railyatri.in/bus-operators/musafir-travels-red-fox,Not provided by RailYatri
Ast Travels,https://www.railyatri.in/bus-operators/ast-travels,Not provided by RailYatri
Shefali Tours And Travels New Brand,https://www.railyatri.in/bus-operators/shefali-tours-and-travels-new-brand,Not provided by RailYatri
Om Namha Shivay Travelssavita,https://www.railyatri.in/bus-operators/om-namha-shivay-travelssavita,Not provided by RailYatri
Jmdt Patel,https://www.railyatri.in/bus-operators/jmdt-patel,Not provided by RailYatri
Dnr Expressbrand New,https://www.railyatri.in/bus-operators/dnr-expressbrand-new,Not provided by RailYatri
Radhakrishna Travelsshri Sairath,https://www.railyatri.in/bus-operators/radhakrishna-travelsshri-sairath,Not provided by RailYatri
Happy Travels,https://www.railyatri.in/bus-operators/happy-travels,Not provided by RailYatri
Jts Tours And Travels,https://www.railyatri.in/bus-operators/jts-tours-and-travels,Not provided by RailYatri
Mmk Travels,https://www.railyatri.in/bus-operators/mmk-travels,Not provided by RailYatri
Veer Travels Joshi Travels,https://www.railyatri.in/bus-operators/veer-travels-joshi-travels,Not provided by RailYatri
Khajuraho Travels,https://www.railyatri.in/bus-operators/khajuraho-travels,Not provided by RailYatri
Abi And Abi Express,https://www.railyatri.in/bus-operators/abi-and-abi-express,Not provided by RailYatri
Dnr Express Brand Newbrand New,https://www.railyatri.in/bus-operators/dnr-express-brand-newbrand-new,Not provided by RailYatri
Online Go Morya,https://www.railyatri.in/bus-operators/online-go-morya,Not provided by RailYatri
Heena Travels Super Delux,https://www.railyatri.in/bus-operators/heena-travels-super-delux,Not provided by RailYatri
Kalpana Travels Regd,https://www.railyatri.in/bus-operators/kalpana-travels-regd,Not provided by RailYatri
Amber Travels Amber,https://www.railyatri.in/bus-operators/amber-travels-amber,Not provided by RailYatri
Rct,https://www.railyatri.in/bus-operators/rct,Not provided by RailYatri
Ram Travels Vikrant Travel,https://www.railyatri.in/bus-operators/ram-travels-vikrant-travel,Not provided by RailYatri
Santosh Travels Pari White,https://www.railyatri.in/bus-operators/santosh-travels-pari-white,Not provided by RailYatri
Baglamukhi Holidays,https://www.railyatri.in/bus-operators/baglamukhi-holidays,Not provided by RailYatri
Wego Travels,https://www.railyatri.in/bus-operators/wego-travels,Not provided by RailYatri
Galaxy,https://www.railyatri.in/bus-operators/galaxy,Not provided by RailYatri
Vaishno Travels,https://www.railyatri.in/bus-operators/vaishno-travels,Not provided by RailYatri
Chanchal Travels Vishal,https://www.railyatri.in/bus-operators/chanchal-travels-vishal,Not provided by RailYatri
Tirth Travels Off On Www Tirthbus In,https://www.railyatri.in/bus-operators/tirth-travels-off-on-www-tirthbus-in,Not provided by RailYatri
Bhagyashripatil Travels,https://www.railyatri.in/bus-operators/bhagyashripatil-travels,Not provided by RailYatri
Hanuman Travels New Brand Express Bus,https://www.railyatri.in/bus-operators/hanuman-travels-new-brand-express-bus,Not provided by RailYatri
Pallavi Travelsshreyas,https://www.railyatri.in/bus-operators/pallavi-travelsshreyas,Not provided by RailYatri
Maharaja Express Kalyan Thane Borivali Spl,https://www.railyatri.in/bus-operators/maharaja-express-kalyan-thane-borivali-spl,Not provided by RailYatri
Pareek Travelssanjay Travel,https://www.railyatri.in/bus-operators/pareek-travelssanjay-travel,Not provided by RailYatri
Sangita Travel Agency Gold Class,https://www.railyatri.in/bus-operators/sangita-travel-agency-gold-class,Not provided by RailYatri
Kvt Narmada Yellow Narmada,https://www.railyatri.in/bus-operators/kvt-narmada-yellow-narmada,Not provided by RailYatri
Heena Travelsboriwali Special,https://www.railyatri.in/bus-operators/heena-travelsboriwali-special,Not provided by RailYatri
Mks Travels,https://www.railyatri.in/bus-operators/mks-travels,Not provided by RailYatri
New Gajanan Travelskailash Bus,https://www.railyatri.in/bus-operators/new-gajanan-travelskailash-bus,Not provided by RailYatri
Heena Travelsheena,https://www.railyatri.in/bus-operators/heena-travelsheena,Not provided by RailYatri
Kanker Roadways Pvt Ltd X Ac Seater Sleeper X Ac Seater Sleeper,https://www.railyatri.in/bus-operators/kanker-roadways-pvt-ltd-x-ac-seater-sleeper-x-ac-seater-sleeper,Not provided by RailYatri
Namasivaya Travels,https://www.railyatri.in/bus-operators/namasivaya-travels,Not provided by RailYatri
N T Labbaik Travels,https://www.railyatri.in/bus-operators/n-t-labbaik-travels,Not provided by RailYatri
Barkoti Travels,https://www.railyatri.in/bus-operators/barkoti-travels,Not provided by RailYatri
Amr Tours And Travels,https://www.railyatri.in/bus-operators/amr-tours-and-travels,Not provided by RailYatri
Royal Cars Plus Sai Prasanna,https://www.railyatri.in/bus-operators/royal-cars-plus-sai-prasanna,Not provided by RailYatri
Abhay Express,https://www.railyatri.in/bus-operators/abhay-express,Not provided by RailYatri
Skr Travels,https://www.railyatri.in/bus-operators/skr-travels,Not provided by RailYatri
Rachna Travelschawla Travels,https://www.railyatri.in/bus-operators/rachna-travelschawla-travels,Not provided by RailYatri
Fareena Shbr Travels,https://www.railyatri.in/bus-operators/fareena-shbr-travels,Not provided by RailYatri
Shreenath Travellers Iso Certifiednew Extra Bus,https://www.railyatri.in/bus-operators/shreenath-travellers-iso-certifiednew-extra-bus,Not provided by RailYatri
Shree Swami Travels Brand New,https://www.railyatri.in/bus-operators/shree-swami-travels-brand-new,Not provided by RailYatri
Saffron Travel Solutions,https://www.railyatri.in/bus-operators/saffron-travel-solutions,Not provided by RailYatri
Pareek Tour And Travels,https://www.railyatri.in/bus-operators/pareek-tour-and-travels,Not provided by RailYatri
Rst Roadways,https://www.railyatri.in/bus-operators/rst-roadways,Not provided by RailYatri
Supreme Travels,https://www.railyatri.in/bus-operators/supreme-travels,Not provided by RailYatri
Hebron Bus,https://www.railyatri.in/bus-operators/hebron-bus,Not provided by RailYatri
Khushal Travels,https://www.railyatri.in/bus-operators/khushal-travels,Not provided by RailYatri
Siddhanath Dadar Crowford Market,https://www.railyatri.in/bus-operators/siddhanath-dadar-crowford-market,Not provided by RailYatri
Pushkraj Travelsintercity With Toilet,https://www.railyatri.in/bus-operators/pushkraj-travelsintercity-with-toilet,Not provided by RailYatri
Natchiya Travels,https://www.railyatri.in/bus-operators/natchiya-travels,Not provided by RailYatri
Radha Prem Travel Agency,https://www.railyatri.in/bus-operators/radha-prem-travel-agency,Not provided by RailYatri
Shree Deep Tours And Travels,https://www.railyatri.in/bus-operators/shree-deep-tours-and-travels,Not provided by RailYatri
Narmadaabhinav,https://www.railyatri.in/bus-operators/narmadaabhinav,Not provided by RailYatri
Kannan Bus Service,https://www.railyatri.in/bus-operators/kannan-bus-service,Not provided by RailYatri
Hare Krishna Travels King,https://www.railyatri.in/bus-operators/hare-krishna-travels-king,Not provided by RailYatri
Paulo Travels X Volvo Multi Axle Family Sleeper Wirh Backrest Seater,https://www.railyatri.in/bus-operators/paulo-travels-x-volvo-multi-axle-family-sleeper-wirh-backrest-seater,Not provided by RailYatri
Samy Travels Murudheshwar,https://www.railyatri.in/bus-operators/samy-travels-murudheshwar,Not provided by RailYatri
Shri Swaminarayan Travelsshri Swaminarayan,https://www.railyatri.in/bus-operators/shri-swaminarayan-travelsshri-swaminarayan,Not provided by RailYatri
Shree Gajanan Travels Maa Gayatri,https://www.railyatri.in/bus-operators/shree-gajanan-travels-maa-gayatri,Not provided by RailYatri
Paulo Travels X King Size Ac Family Sleeper Seater,https://www.railyatri.in/bus-operators/paulo-travels-x-king-size-ac-family-sleeper-seater,Not provided by RailYatri
Cochiin Express,https://www.railyatri.in/bus-operators/cochiin-express,Not provided by RailYatri
Online Go Tirupati,https://www.railyatri.in/bus-operators/online-go-tirupati,Not provided by RailYatri
New Shree Patel Travelskrishna Varun,https://www.railyatri.in/bus-operators/new-shree-patel-travelskrishna-varun,Not provided by RailYatri
Dharmendra Travels Gwalior Ashok Travels Indore,https://www.railyatri.in/bus-operators/dharmendra-travels-gwalior-ashok-travels-indore,Not provided by RailYatri
Kishore Travels,https://www.railyatri.in/bus-operators/kishore-travels,Not provided by RailYatri
Uncle Travelsroyal Star,https://www.railyatri.in/bus-operators/uncle-travelsroyal-star,Not provided by RailYatri
Sethi Yatra Companysayla Bagoda,https://www.railyatri.in/bus-operators/sethi-yatra-companysayla-bagoda,Not provided by RailYatri
Hk Hirani Travels,https://www.railyatri.in/bus-operators/hk-hirani-travels,Not provided by RailYatri
Sanjay Travels Ichalkaranji Borivali Sangali Ichalkaranjii,https://www.railyatri.in/bus-operators/sanjay-travels-ichalkaranji-borivali-sangali-ichalkaranjii,Not provided by RailYatri
Khurana Express Services Via Amravati Karnja Lad Washim,https://www.railyatri.in/bus-operators/khurana-express-services-via-amravati-karnja-lad-washim,Not provided by RailYatri
Aashin Travels,https://www.railyatri.in/bus-operators/aashin-travels,Not provided by RailYatri
Jivdani Travels Jivdani Travels,https://www.railyatri.in/bus-operators/jivdani-travels-jivdani-travels,Not provided by RailYatri
Paulo Travels X Nac Sleeper,https://www.railyatri.in/bus-operators/paulo-travels-x-nac-sleeper,Not provided by RailYatri
Samy Travelsmahi Travels,https://www.railyatri.in/bus-operators/samy-travelsmahi-travels,Not provided by RailYatri
Durga Services Durga,https://www.railyatri.in/bus-operators/durga-services-durga,Not provided by RailYatri
Narmadablue,https://www.railyatri.in/bus-operators/narmadablue,Not provided by RailYatri
Chaudhary Travels,https://www.railyatri.in/bus-operators/chaudhary-travels,Not provided by RailYatri
Shinde Travelsbasweshwar,https://www.railyatri.in/bus-operators/shinde-travelsbasweshwar,Not provided by RailYatri
Global Travelsbhagyalaxmi,https://www.railyatri.in/bus-operators/global-travelsbhagyalaxmi,Not provided by RailYatri
Abhinavnarmada,https://www.railyatri.in/bus-operators/abhinavnarmada,Not provided by RailYatri
Mb Travelskumar New Brand,https://www.railyatri.in/bus-operators/mb-travelskumar-new-brand,Not provided by RailYatri
Shri Ganraj Travelsshri Ashirwad,https://www.railyatri.in/bus-operators/shri-ganraj-travelsshri-ashirwad,Not provided by RailYatri
Pushkraj Travels,https://www.railyatri.in/bus-operators/pushkraj-travels,Not provided by RailYatri
Five Star Travels Ekta Bus Nac Sleeper,https://www.railyatri.in/bus-operators/five-star-travels-ekta-bus-nac-sleeper,Not provided by RailYatri
Mujahid Travels,https://www.railyatri.in/bus-operators/mujahid-travels,Not provided by RailYatri
Ashoka Travels Thane Borivali,https://www.railyatri.in/bus-operators/ashoka-travels-thane-borivali,Not provided by RailYatri
Mahendra Rajhans Travelsvishal,https://www.railyatri.in/bus-operators/mahendra-rajhans-travelsvishal,Not provided by RailYatri
Gogobus,https://www.railyatri.in/bus-operators/gogobus,Not provided by RailYatri
Sethi Yatra Companylucknow,https://www.railyatri.in/bus-operators/sethi-yatra-companylucknow,Not provided by RailYatri
Indo Express Bus,https://www.railyatri.in/bus-operators/indo-express-bus,Not provided by RailYatri
Vishwa Travelsvia Osmanabad,https://www.railyatri.in/bus-operators/vishwa-travelsvia-osmanabad,Not provided by RailYatri
Travel N Shine,https://www.railyatri.in/bus-operators/travel-n-shine,Not provided by RailYatri
Tirupati Travels,https://www.railyatri.in/bus-operators/tirupati-travels,Not provided by RailYatri
Narmadayellow,https://www.railyatri.in/bus-operators/narmadayellow,Not provided by RailYatri
Ps Choudhary Bus,https://www.railyatri.in/bus-operators/ps-choudhary-bus,Not provided by RailYatri
Margic Transports,https://www.railyatri.in/bus-operators/margic-transports,Not provided by RailYatri
Ravina Travels Ac Sleepar,https://www.railyatri.in/bus-operators/ravina-travels-ac-sleepar,Not provided by RailYatri
Royal Bus Service,https://www.railyatri.in/bus-operators/royal-bus-service,Not provided by RailYatri
Chintamani Travels Royal,https://www.railyatri.in/bus-operators/chintamani-travels-royal,Not provided by RailYatri
Sana Travelsm B Liks,https://www.railyatri.in/bus-operators/sana-travelsm-b-liks,Not provided by RailYatri
Raj Kalpana Travels Pvt Ltd Via Palanpur Aburoad Pali Ajmer Jaipur,https://www.railyatri.in/bus-operators/raj-kalpana-travels-pvt-ltd-via-palanpur-aburoad-pali-ajmer-jaipur,Not provided by RailYatri
Psk Tours And Travels,https://www.railyatri.in/bus-operators/psk-tours-and-travels,Not provided by RailYatri
Ashwin Roadways Pvt Ltd,https://www.railyatri.in/bus-operators/ashwin-roadways-pvt-ltd,Not provided by RailYatri
Bedi Holidays,https://www.railyatri.in/bus-operators/bedi-holidays,Not provided by RailYatri
Ramraj Tours And Travels,https://www.railyatri.in/bus-operators/ramraj-tours-and-travels,Not provided by RailYatri
New Akash Travelsmansi,https://www.railyatri.in/bus-operators/new-akash-travelsmansi,Not provided by RailYatri
Chouhan Tour And Travel,https://www.railyatri.in/bus-operators/chouhan-tour-and-travel,Not provided by RailYatri
Vishal Travels Led Charger Cushion Brand New,https://www.railyatri.in/bus-operators/vishal-travels-led-charger-cushion-brand-new,Not provided by RailYatri
Jesus Tours And Travels,https://www.railyatri.in/bus-operators/jesus-tours-and-travels,Not provided by RailYatri
New Pal Tour Travel,https://www.railyatri.in/bus-operators/new-pal-tour-travel,Not provided by RailYatri
N T New Akash Travels,https://www.railyatri.in/bus-operators/n-t-new-akash-travels,Not provided by RailYatri
Malkan Travels Madhav,https://www.railyatri.in/bus-operators/malkan-travels-madhav,Not provided by RailYatri
Rms Travels,https://www.railyatri.in/bus-operators/rms-travels,Not provided by RailYatri
A Arthi Transports,https://www.railyatri.in/bus-operators/a-arthi-transports,Not provided by RailYatri
Cashless Travels Cashless Travels,https://www.railyatri.in/bus-operators/cashless-travels-cashless-travels,Not provided by RailYatri
Island Travels,https://www.railyatri.in/bus-operators/island-travels,Not provided by RailYatri
Reddy Express Tours And Travels,https://www.railyatri.in/bus-operators/reddy-express-tours-and-travels,Not provided by RailYatri
Urvashi Travels Brand New Bus,https://www.railyatri.in/bus-operators/urvashi-travels-brand-new-bus,Not provided by RailYatri
Shah Travelsnew Brand,https://www.railyatri.in/bus-operators/shah-travelsnew-brand,Not provided by RailYatri
Sethi Yatra Companygorakhpur,https://www.railyatri.in/bus-operators/sethi-yatra-companygorakhpur,Not provided by RailYatri
Raghuveer Travels,https://www.railyatri.in/bus-operators/raghuveer-travels,Not provided by RailYatri
Jay Goga Travels,https://www.railyatri.in/bus-operators/jay-goga-travels,Not provided by RailYatri
Sanjay Travels Ichalkaranji,https://www.railyatri.in/bus-operators/sanjay-travels-ichalkaranji,Not provided by RailYatri
Deccanspeedlink,https://www.railyatri.in/bus-operators/deccanspeedlink,Not provided by RailYatri
Veer Travelsnew Brand Coach Glass Cabin,https://www.railyatri.in/bus-operators/veer-travelsnew-brand-coach-glass-cabin,Not provided by RailYatri
White Line Tours,https://www.railyatri.in/bus-operators/white-line-tours,Not provided by RailYatri
New Eureka Travels Club,https://www.railyatri.in/bus-operators/new-eureka-travels-club,Not provided by RailYatri
Vaishno Yatra Travels,https://www.railyatri.in/bus-operators/vaishno-yatra-travels,Not provided by RailYatri
Sadiq Tours And Travels,https://www.railyatri.in/bus-operators/sadiq-tours-and-travels,Not provided by RailYatri
Lavi Travels New Brand Bus,https://www.railyatri.in/bus-operators/lavi-travels-new-brand-bus,Not provided by RailYatri
Olive Travels,https://www.railyatri.in/bus-operators/olive-travels,Not provided by RailYatri
Baldev Travels,https://www.railyatri.in/bus-operators/baldev-travels,Not provided by RailYatri
Navalai Travels Konkan Spl,https://www.railyatri.in/bus-operators/navalai-travels-konkan-spl,Not provided by RailYatri
Jogeshwari Travels,https://www.railyatri.in/bus-operators/jogeshwari-travels,Not provided by RailYatri
Anjaniputra Travels,https://www.railyatri.in/bus-operators/anjaniputra-travels,Not provided by RailYatri
Aashu Ruchi Tours And Travels Aashuruchi Bus,https://www.railyatri.in/bus-operators/aashu-ruchi-tours-and-travels-aashuruchi-bus,Not provided by RailYatri
Samy Travels Nayan,https://www.railyatri.in/bus-operators/samy-travels-nayan,Not provided by RailYatri
Samai Travels,https://www.railyatri.in/bus-operators/samai-travels,Not provided by RailYatri
Ram Travelsshri Ganesh Travel,https://www.railyatri.in/bus-operators/ram-travelsshri-ganesh-travel,Not provided by RailYatri
National Travels Punenational,https://www.railyatri.in/bus-operators/national-travels-punenational,Not provided by RailYatri
Sharma Travelboriwali,https://www.railyatri.in/bus-operators/sharma-travelboriwali,Not provided by RailYatri
Global Travels Of India,https://www.railyatri.in/bus-operators/global-travels-of-india,Not provided by RailYatri
Siddaganga Travels,https://www.railyatri.in/bus-operators/siddaganga-travels,Not provided by RailYatri
Sri Murugan Travels,https://www.railyatri.in/bus-operators/sri-murugan-travels,Not provided by RailYatri
Amaal Travelshyatt,https://www.railyatri.in/bus-operators/amaal-travelshyatt,Not provided by RailYatri
Skybird Travelsekta New Brand,https://www.railyatri.in/bus-operators/skybird-travelsekta-new-brand,Not provided by RailYatri
Akash Tours And Travels,https://www.railyatri.in/bus-operators/akash-tours-and-travels,Not provided by RailYatri
Yog Laxmi,https://www.railyatri.in/bus-operators/yog-laxmi,Not provided by RailYatri
Singhvi Travels,https://www.railyatri.in/bus-operators/singhvi-travels,Not provided by RailYatri
N T Maharaja Travels,https://www.railyatri.in/bus-operators/n-t-maharaja-travels,Not provided by RailYatri
Rudraksh New Gajal Green,https://www.railyatri.in/bus-operators/rudraksh-new-gajal-green,Not provided by RailYatri
Mahadev Travels Jakhar,https://www.railyatri.in/bus-operators/mahadev-travels-jakhar,Not provided by RailYatri
Ds Travels,https://www.railyatri.in/bus-operators/ds-travels,Not provided by RailYatri
Siddhi Vinayak Travels Jain Travels,https://www.railyatri.in/bus-operators/siddhi-vinayak-travels-jain-travels,Not provided by RailYatri
K S Tour And Travels Washroom,https://www.railyatri.in/bus-operators/k-s-tour-and-travels-washroom,Not provided by RailYatri
Shri Ganraj Travelsasha,https://www.railyatri.in/bus-operators/shri-ganraj-travelsasha,Not provided by RailYatri
Malkan Travels,https://www.railyatri.in/bus-operators/malkan-travels,Not provided by RailYatri
Shree Gayatri Travels,https://www.railyatri.in/bus-operators/shree-gayatri-travels,Not provided by RailYatri
Rachna Travelsom Sairam,https://www.railyatri.in/bus-operators/rachna-travelsom-sairam,Not provided by RailYatri
Cool Cool Tour And Travels Luxury Air Suspensiom,https://www.railyatri.in/bus-operators/cool-cool-tour-and-travels-luxury-air-suspensiom,Not provided by RailYatri
Rajdeep Travels,https://www.railyatri.in/bus-operators/rajdeep-travels,Not provided by RailYatri
Maharaja Express Maharaja,https://www.railyatri.in/bus-operators/maharaja-express-maharaja,Not provided by RailYatri
Savera,https://www.railyatri.in/bus-operators/savera,Not provided by RailYatri
Shreenath Travellers Co Iso Brand New A C Sleeper Coach With Wash Room,https://www.railyatri.in/bus-operators/shreenath-travellers-co-iso-brand-new-a-c-sleeper-coach-with-wash-room,Not provided by RailYatri
Pavithram Travels,https://www.railyatri.in/bus-operators/pavithram-travels,Not provided by RailYatri
Jay Swaminarayan Travels,https://www.railyatri.in/bus-operators/jay-swaminarayan-travels,Not provided by RailYatri
Tulsi Travels Brand New,https://www.railyatri.in/bus-operators/tulsi-travels-brand-new,Not provided by RailYatri
Red Line Tour And Travels,https://www.railyatri.in/bus-operators/red-line-tour-and-travels,Not provided by RailYatri
Laxman Travels Laxman Rahulraj,https://www.railyatri.in/bus-operators/laxman-travels-laxman-rahulraj,Not provided by RailYatri
Paulo Travels X Kingsize Family Ac Sleepeer Seater,https://www.railyatri.in/bus-operators/paulo-travels-x-kingsize-family-ac-sleepeer-seater,Not provided by RailYatri
Pvr Tours And Travelspvr,https://www.railyatri.in/bus-operators/pvr-tours-and-travelspvr,Not provided by RailYatri
Fasttrack Travels,https://www.railyatri.in/bus-operators/fasttrack-travels,Not provided by RailYatri
Balaji Travel Agency,https://www.railyatri.in/bus-operators/balaji-travel-agency,Not provided by RailYatri
Shree Gajanan Tours And Travelskunal Travels,https://www.railyatri.in/bus-operators/shree-gajanan-tours-and-travelskunal-travels,Not provided by RailYatri
Bhavana Travelsbhavana,https://www.railyatri.in/bus-operators/bhavana-travelsbhavana,Not provided by RailYatri
Priyanka Travelspriyanka,https://www.railyatri.in/bus-operators/priyanka-travelspriyanka,Not provided by RailYatri
Shivbaba,https://www.railyatri.in/bus-operators/shivbaba,Not provided by RailYatri
Eagle Travels Sai Travels,https://www.railyatri.in/bus-operators/eagle-travels-sai-travels,Not provided by RailYatri
Kings Cruiser,https://www.railyatri.in/bus-operators/kings-cruiser,Not provided by RailYatri
Rajlaxmi Dewasi Travels Rajlaxmi,https://www.railyatri.in/bus-operators/rajlaxmi-dewasi-travels-rajlaxmi,Not provided by RailYatri
Abhinavrich Class,https://www.railyatri.in/bus-operators/abhinavrich-class,Not provided by RailYatri
Swami Rameshwar Travels,https://www.railyatri.in/bus-operators/swami-rameshwar-travels,Not provided by RailYatri
Kudrat Tour And Travels,https://www.railyatri.in/bus-operators/kudrat-tour-and-travels,Not provided by RailYatri
Kothari Travelssuperfast Service,https://www.railyatri.in/bus-operators/kothari-travelssuperfast-service,Not provided by RailYatri
Sri Renu Travels,https://www.railyatri.in/bus-operators/sri-renu-travels,Not provided by RailYatri
Yadav Travel Jabalpur,https://www.railyatri.in/bus-operators/yadav-travel-jabalpur,Not provided by RailYatri
Gowri Shankar Travels,https://www.railyatri.in/bus-operators/gowri-shankar-travels,Not provided by RailYatri
Rajlaxmi Travelsbrand New,https://www.railyatri.in/bus-operators/rajlaxmi-travelsbrand-new,Not provided by RailYatri
Evans Tours And Travels,https://www.railyatri.in/bus-operators/evans-tours-and-travels,Not provided by RailYatri
Universal Gupta Travels,https://www.railyatri.in/bus-operators/universal-gupta-travels,Not provided by RailYatri
Geetha S Tours And Travels,https://www.railyatri.in/bus-operators/geetha-s-tours-and-travels,Not provided by RailYatri
Bigbus,https://www.railyatri.in/bus-operators/bigbus,Not provided by RailYatri
Ashoka Travelsdadar,https://www.railyatri.in/bus-operators/ashoka-travelsdadar,Not provided by RailYatri
Ag Holidays,https://www.railyatri.in/bus-operators/ag-holidays,Not provided by RailYatri
Relax Holiday,https://www.railyatri.in/bus-operators/relax-holiday,Not provided by RailYatri
Patel Eagle Travelsbrand New Coach,https://www.railyatri.in/bus-operators/patel-eagle-travelsbrand-new-coach,Not provided by RailYatri
Chhabra Bus Service,https://www.railyatri.in/bus-operators/chhabra-bus-service,Not provided by RailYatri
Saiveerbhadra,https://www.railyatri.in/bus-operators/saiveerbhadra,Not provided by RailYatri
Yes Travelsbrand New,https://www.railyatri.in/bus-operators/yes-travelsbrand-new,Not provided by RailYatri
Sai Ratna Travel,https://www.railyatri.in/bus-operators/sai-ratna-travel,Not provided by RailYatri
Musafir Travels Goodluck,https://www.railyatri.in/bus-operators/musafir-travels-goodluck,Not provided by RailYatri
Rajmudra Tours And Travels Malegaon,https://www.railyatri.in/bus-operators/rajmudra-tours-and-travels-malegaon,Not provided by RailYatri
Grand Style Travels,https://www.railyatri.in/bus-operators/grand-style-travels,Not provided by RailYatri
Mahendra Travels Mahendra Travels,https://www.railyatri.in/bus-operators/mahendra-travels-mahendra-travels,Not provided by RailYatri
Sheetal Travelsakot Express,https://www.railyatri.in/bus-operators/sheetal-travelsakot-express,Not provided by RailYatri
Karan Maharaja Travels Jain Travels,https://www.railyatri.in/bus-operators/karan-maharaja-travels-jain-travels,Not provided by RailYatri
Shree Shanti Travels With Hiter,https://www.railyatri.in/bus-operators/shree-shanti-travels-with-hiter,Not provided by RailYatri
Kanker Roadways Pvt Ltd Kingsize X Ac Sleeper,https://www.railyatri.in/bus-operators/kanker-roadways-pvt-ltd-kingsize-x-ac-sleeper,Not provided by RailYatri
Essaar,https://www.railyatri.in/bus-operators/essaar,Not provided by RailYatri
Sana Travelsnakoda,https://www.railyatri.in/bus-operators/sana-travelsnakoda,Not provided by RailYatri
Radhakrishna Travels Ramleela,https://www.railyatri.in/bus-operators/radhakrishna-travels-ramleela,Not provided by RailYatri
H S Bus,https://www.railyatri.in/bus-operators/h-s-bus,Not provided by RailYatri
Yug Tours And Travels,https://www.railyatri.in/bus-operators/yug-tours-and-travels,Not provided by RailYatri
Sana Samarth Travelsrajendra,https://www.railyatri.in/bus-operators/sana-samarth-travelsrajendra,Not provided by RailYatri
Jay Babaraj Travels,https://www.railyatri.in/bus-operators/jay-babaraj-travels,Not provided by RailYatri
Kgn Travelssrt,https://www.railyatri.in/bus-operators/kgn-travelssrt,Not provided by RailYatri
Uncle Travels Guruganesh Travel,https://www.railyatri.in/bus-operators/uncle-travels-guruganesh-travel,Not provided by RailYatri
Ram Travelsshatabdi,https://www.railyatri.in/bus-operators/ram-travelsshatabdi,Not provided by RailYatri
Prasanna Tirupati,https://www.railyatri.in/bus-operators/prasanna-tirupati,Not provided by RailYatri
Paulo Travels Kingsize Familyac Sleeper Seaterkingsize Familyac Sleeper Se,https://www.railyatri.in/bus-operators/paulo-travels-kingsize-familyac-sleeper-seaterkingsize-familyac-sleeper-se,Not provided by RailYatri
Kvt Narmada Narmada Pink,https://www.railyatri.in/bus-operators/kvt-narmada-narmada-pink,Not provided by RailYatri
Paulo Travelspaulo Maharaja,https://www.railyatri.in/bus-operators/paulo-travelspaulo-maharaja,Not provided by RailYatri
Honey Trvlsshatabdi Brand New,https://www.railyatri.in/bus-operators/honey-trvlsshatabdi-brand-new,Not provided by RailYatri
Chirag Travels Co,https://www.railyatri.in/bus-operators/chirag-travels-co,Not provided by RailYatri
Laxmi Travelers,https://www.railyatri.in/bus-operators/laxmi-travelers,Not provided by RailYatri
Naresh Travelsairsuspension X Ac Seat Sleeper,https://www.railyatri.in/bus-operators/naresh-travelsairsuspension-x-ac-seat-sleeper,Not provided by RailYatri
Ashapura Travels Udr,https://www.railyatri.in/bus-operators/ashapura-travels-udr,Not provided by RailYatri
Khushi Travels,https://www.railyatri.in/bus-operators/khushi-travels,Not provided by RailYatri
New Sagar Travels,https://www.railyatri.in/bus-operators/new-sagar-travels,Not provided by RailYatri
Sanjay Travel Paulo,https://www.railyatri.in/bus-operators/sanjay-travel-paulo,Not provided by RailYatri
Royal Tours And Travels,https://www.railyatri.in/bus-operators/royal-tours-and-travels,Not provided by RailYatri
Sana Travelsb K,https://www.railyatri.in/bus-operators/sana-travelsb-k,Not provided by RailYatri
Natekar Travels,https://www.railyatri.in/bus-operators/natekar-travels,Not provided by RailYatri
Saini Travels Churu,https://www.railyatri.in/bus-operators/saini-travels-churu,Not provided by RailYatri
Veer Travels Brand New Glass Cabbin With Charger Point,https://www.railyatri.in/bus-operators/veer-travels-brand-new-glass-cabbin-with-charger-point,Not provided by RailYatri
New Uncle Manish Travel,https://www.railyatri.in/bus-operators/new-uncle-manish-travel,Not provided by RailYatri
Shree Krishna Varun Travelskrishna Varun Brand New,https://www.railyatri.in/bus-operators/shree-krishna-varun-travelskrishna-varun-brand-new,Not provided by RailYatri
Royalstar Rts Royal Tourist Travel Star,https://www.railyatri.in/bus-operators/royalstar-rts-royal-tourist-travel-star,Not provided by RailYatri
Babu Travelssleeper Coach,https://www.railyatri.in/bus-operators/babu-travelssleeper-coach,Not provided by RailYatri
Babu Travelsnew A C Packglass,https://www.railyatri.in/bus-operators/babu-travelsnew-a-c-packglass,Not provided by RailYatri
Samy Travelskohinoor,https://www.railyatri.in/bus-operators/samy-travelskohinoor,Not provided by RailYatri
Swarali Travels Vai Karanja,https://www.railyatri.in/bus-operators/swarali-travels-vai-karanja,Not provided by RailYatri
Metro Star Citylink Travels,https://www.railyatri.in/bus-operators/metro-star-citylink-travels,Not provided by RailYatri
Sethi Yatra Company Jaipur,https://www.railyatri.in/bus-operators/sethi-yatra-company-jaipur,Not provided by RailYatri
Shree Kalpana Travels,https://www.railyatri.in/bus-operators/shree-kalpana-travels,Not provided by RailYatri
Sai Arpan Travels Vipul,https://www.railyatri.in/bus-operators/sai-arpan-travels-vipul,Not provided by RailYatri
Paulo Travels X Kingsize Ac Family Sleeper With Backrest Seater,https://www.railyatri.in/bus-operators/paulo-travels-x-kingsize-ac-family-sleeper-with-backrest-seater,Not provided by RailYatri
Paulo Travels X Kingsize Family Non Ac Seater Sleeper,https://www.railyatri.in/bus-operators/paulo-travels-x-kingsize-family-non-ac-seater-sleeper,Not provided by RailYatri
Just Shivam Travels,https://www.railyatri.in/bus-operators/just-shivam-travels,Not provided by RailYatri
Sana Travelsm B Link,https://www.railyatri.in/bus-operators/sana-travelsm-b-link,Not provided by RailYatri
Vishwa Travelsintercity Magna,https://www.railyatri.in/bus-operators/vishwa-travelsintercity-magna,Not provided by RailYatri
Intercity Travels Dhariwalintercity Dhariwal Travels,https://www.railyatri.in/bus-operators/intercity-travels-dhariwalintercity-dhariwal-travels,Not provided by RailYatri
Sheetal Travels Sheetal Queen,https://www.railyatri.in/bus-operators/sheetal-travels-sheetal-queen,Not provided by RailYatri
Balajivaibhav,https://www.railyatri.in/bus-operators/balajivaibhav,Not provided by RailYatri
Mantri Travels,https://www.railyatri.in/bus-operators/mantri-travels,Not provided by RailYatri
Paulo Travels X King Size Ac Seater Sleeper With Backrest,https://www.railyatri.in/bus-operators/paulo-travels-x-king-size-ac-seater-sleeper-with-backrest,Not provided by RailYatri
Harikesh Tour And Travels,https://www.railyatri.in/bus-operators/harikesh-tour-and-travels,Not provided by RailYatri
Paulo Travels X Air Suspension Non Ac Seater Sleeper,https://www.railyatri.in/bus-operators/paulo-travels-x-air-suspension-non-ac-seater-sleeper,Not provided by RailYatri
Punjab Travels Brand New Premium Coch,https://www.railyatri.in/bus-operators/punjab-travels-brand-new-premium-coch,Not provided by RailYatri
Shefali Tours And Travels Via Islampur Sangli Miraj Jaysingpur,https://www.railyatri.in/bus-operators/shefali-tours-and-travels-via-islampur-sangli-miraj-jaysingpur,Not provided by RailYatri
Muktai Travels,https://www.railyatri.in/bus-operators/muktai-travels,Not provided by RailYatri
Pawan Travelsbrand New Bus,https://www.railyatri.in/bus-operators/pawan-travelsbrand-new-bus,Not provided by RailYatri
Gauri Travels Pangaon Quine,https://www.railyatri.in/bus-operators/gauri-travels-pangaon-quine,Not provided by RailYatri
Girnar Travels Business Class,https://www.railyatri.in/bus-operators/girnar-travels-business-class,Not provided by RailYatri
Kothari Travel,https://www.railyatri.in/bus-operators/kothari-travel,Not provided by RailYatri
Narmadagold,https://www.railyatri.in/bus-operators/narmadagold,Not provided by RailYatri
Rao Tourist Pvt Ltd,https://www.railyatri.in/bus-operators/rao-tourist-pvt-ltd,Not provided by RailYatri
Shree Mahalaxmi Travelsvaishnavi Simba,https://www.railyatri.in/bus-operators/shree-mahalaxmi-travelsvaishnavi-simba,Not provided by RailYatri
India Travels Mahakali,https://www.railyatri.in/bus-operators/india-travels-mahakali,Not provided by RailYatri
Manish Travels Manish Sai Veerbhadra,https://www.railyatri.in/bus-operators/manish-travels-manish-sai-veerbhadra,Not provided by RailYatri
P G Travels,https://www.railyatri.in/bus-operators/p-g-travels,Not provided by RailYatri
A R M T Co,https://www.railyatri.in/bus-operators/a-r-m-t-co,Not provided by RailYatri
Goodwill Travels Goodwill,https://www.railyatri.in/bus-operators/goodwill-travels-goodwill,Not provided by RailYatri
Radhe Krishna Travels,https://www.railyatri.in/bus-operators/radhe-krishna-travels,Not provided by RailYatri
Babu Travels Ravi Travels,https://www.railyatri.in/bus-operators/babu-travels-ravi-travels,Not provided by RailYatri
Ahil K R D Travels,https://www.railyatri.in/bus-operators/ahil-k-r-d-travels,Not provided by RailYatri
Maa Pitambari Travels Shivpuri,https://www.railyatri.in/bus-operators/maa-pitambari-travels-shivpuri,Not provided by RailYatri
Paulo Travels X King Size A C Sleeper Seater,https://www.railyatri.in/bus-operators/paulo-travels-x-king-size-a-c-sleeper-seater,Not provided by RailYatri
Savita Tours And Travels,https://www.railyatri.in/bus-operators/savita-tours-and-travels,Not provided by RailYatri
King Travels Shirdi,https://www.railyatri.in/bus-operators/king-travels-shirdi,Not provided by RailYatri
Vijay Tour And Travels Raj Skr,https://www.railyatri.in/bus-operators/vijay-tour-and-travels-raj-skr,Not provided by RailYatri
Rajdhani Travels Ravi Multanisona Travels,https://www.railyatri.in/bus-operators/rajdhani-travels-ravi-multanisona-travels,Not provided by RailYatri
Eeshan Logisticpareek,https://www.railyatri.in/bus-operators/eeshan-logisticpareek,Not provided by RailYatri
Sairath Maharana Travels,https://www.railyatri.in/bus-operators/sairath-maharana-travels,Not provided by RailYatri
Gajraj Travelsnon Stop,https://www.railyatri.in/bus-operators/gajraj-travelsnon-stop,Not provided by RailYatri
Rudra Travels,https://www.railyatri.in/bus-operators/rudra-travels,Not provided by RailYatri
Shivalay Tours And Travels Indu Travels,https://www.railyatri.in/bus-operators/shivalay-tours-and-travels-indu-travels,Not provided by RailYatri
Easy Trip Travels,https://www.railyatri.in/bus-operators/easy-trip-travels,Not provided by RailYatri
B R Travels Dhariwal Travels,https://www.railyatri.in/bus-operators/b-r-travels-dhariwal-travels,Not provided by RailYatri
Sana Travels Humsafar,https://www.railyatri.in/bus-operators/sana-travels-humsafar,Not provided by RailYatri
Sana Travels Jay Dwarkadhish,https://www.railyatri.in/bus-operators/sana-travels-jay-dwarkadhish,Not provided by RailYatri
Md Travels Lucknow,https://www.railyatri.in/bus-operators/md-travels-lucknow,Not provided by RailYatri
Asian Travelink,https://www.railyatri.in/bus-operators/asian-travelink,Not provided by RailYatri
Nsb Tours,https://www.railyatri.in/bus-operators/nsb-tours,Not provided by RailYatri
Shri Ashirwad,https://www.railyatri.in/bus-operators/shri-ashirwad,Not provided by RailYatri
Ravi Multanisona Travels,https://www.railyatri.in/bus-operators/ravi-multanisona-travels,Not provided by RailYatri
Saheel Tours Travels,https://www.railyatri.in/bus-operators/saheel-tours-travels,Not provided by RailYatri
New Prathamesh Siddhivinayak,https://www.railyatri.in/bus-operators/new-prathamesh-siddhivinayak,Not provided by RailYatri
Patel Travels Sagwara,https://www.railyatri.in/bus-operators/patel-travels-sagwara,Not provided by RailYatri
Sapna Travels,https://www.railyatri.in/bus-operators/sapna-travels,Not provided by RailYatri
Cashless Travels Prasanna,https://www.railyatri.in/bus-operators/cashless-travels-prasanna,Not provided by RailYatri
Covai Express Tours Travels,https://www.railyatri.in/bus-operators/covai-express-tours-travels,Not provided by RailYatri
A One Tourist Agency,https://www.railyatri.in/bus-operators/a-one-tourist-agency,Not provided by RailYatri
Pareek Travelspawan,https://www.railyatri.in/bus-operators/pareek-travelspawan,Not provided by RailYatri
Gorakhdham Express Bus Service,https://www.railyatri.in/bus-operators/gorakhdham-express-bus-service,Not provided by RailYatri
Mahashakti Travels,https://www.railyatri.in/bus-operators/mahashakti-travels,Not provided by RailYatri
Godavari Travels Godavari,https://www.railyatri.in/bus-operators/godavari-travels-godavari,Not provided by RailYatri
Abhinavdiamond Class,https://www.railyatri.in/bus-operators/abhinavdiamond-class,Not provided by RailYatri
Kvt Narmada Skyblue,https://www.railyatri.in/bus-operators/kvt-narmada-skyblue,Not provided by RailYatri
New Apex Chandra Travelsmercedes Benz,https://www.railyatri.in/bus-operators/new-apex-chandra-travelsmercedes-benz,Not provided by RailYatri
Saini Travels Pvt Ltd Non Stop Simba Cruizenon Stop Simba Cruize,https://www.railyatri.in/bus-operators/saini-travels-pvt-ltd-non-stop-simba-cruizenon-stop-simba-cruize,Not provided by RailYatri
Rytham Travels New Brand A C Bus Int Come,https://www.railyatri.in/bus-operators/rytham-travels-new-brand-a-c-bus-int-come,Not provided by RailYatri
Sanjay Travels Indore,https://www.railyatri.in/bus-operators/sanjay-travels-indore,Not provided by RailYatri
Vav Travels,https://www.railyatri.in/bus-operators/vav-travels,Not provided by RailYatri
Paulo Travels X Kingsize Ac Seater Sleeper,https://www.railyatri.in/bus-operators/paulo-travels-x-kingsize-ac-seater-sleeper,Not provided by RailYatri
Ramleela Tours And Travels,https://www.railyatri.in/bus-operators/ramleela-tours-and-travels,Not provided by RailYatri
Gajraj Travels Pack Glass,https://www.railyatri.in/bus-operators/gajraj-travels-pack-glass,Not provided by RailYatri
New Akash Travelssaini Palace,https://www.railyatri.in/bus-operators/new-akash-travelssaini-palace,Not provided by RailYatri
Varun Tours And Travels,https://www.railyatri.in/bus-operators/varun-tours-and-travels,Not provided by RailYatri
Kundu Tour Travels,https://www.railyatri.in/bus-operators/kundu-tour-travels,Not provided by RailYatri
International Tourist Centre,https://www.railyatri.in/bus-operators/international-tourist-centre,Not provided by RailYatri
Abhinavabhinav,https://www.railyatri.in/bus-operators/abhinavabhinav,Not provided by RailYatri
Gujarat Travelspremium Plus,https://www.railyatri.in/bus-operators/gujarat-travelspremium-plus,Not provided by RailYatri
Sana Travelssanjay,https://www.railyatri.in/bus-operators/sana-travelssanjay,Not provided by RailYatri
Sri Abirami Travels,https://www.railyatri.in/bus-operators/sri-abirami-travels,Not provided by RailYatri
Pawan Tourist,https://www.railyatri.in/bus-operators/pawan-tourist,Not provided by RailYatri
Lavi Travelsbrand New Golden Bus,https://www.railyatri.in/bus-operators/lavi-travelsbrand-new-golden-bus,Not provided by RailYatri
Hanuman Travelsnon Stop Express Bus,https://www.railyatri.in/bus-operators/hanuman-travelsnon-stop-express-bus,Not provided by RailYatri
Sharma Travels Cool Coach,https://www.railyatri.in/bus-operators/sharma-travels-cool-coach,Not provided by RailYatri
Jugnu Travels Agency,https://www.railyatri.in/bus-operators/jugnu-travels-agency,Not provided by RailYatri
Rahul Travels Amber Queen,https://www.railyatri.in/bus-operators/rahul-travels-amber-queen,Not provided by RailYatri
Amul Travels,https://www.railyatri.in/bus-operators/amul-travels,Not provided by RailYatri
Optiprods Business Solutions Private Limited,https://www.railyatri.in/bus-operators/optiprods-business-solutions-private-limited,Not provided by RailYatri
Mishra Transport Service,https://www.railyatri.in/bus-operators/mishra-transport-service,Not provided by RailYatri
Sr Travelssr,https://www.railyatri.in/bus-operators/sr-travelssr,Not provided by RailYatri
Sapna Travels Beed Sapna,https://www.railyatri.in/bus-operators/sapna-travels-beed-sapna,Not provided by RailYatri
Rai Bus Services,https://www.railyatri.in/bus-operators/rai-bus-services,Not provided by RailYatri
Sms Tours And Travels,https://www.railyatri.in/bus-operators/sms-tours-and-travels,Not provided by RailYatri
Varsha Travels,https://www.railyatri.in/bus-operators/varsha-travels,Not provided by RailYatri
Intercity Business Class,https://www.railyatri.in/bus-operators/intercity-business-class,Not provided by RailYatri
Om Aashuruchi Tours And Travels,https://www.railyatri.in/bus-operators/om-aashuruchi-tours-and-travels,Not provided by RailYatri
Shreenath Travellers Iso Certified Sharama Travels,https://www.railyatri.in/bus-operators/shreenath-travellers-iso-certified-sharama-travels,Not provided by RailYatri
Kanker Roadways X Non Ac Sleeper,https://www.railyatri.in/bus-operators/kanker-roadways-x-non-ac-sleeper,Not provided by RailYatri
Diamond Travelsbrand New High Class,https://www.railyatri.in/bus-operators/diamond-travelsbrand-new-high-class,Not provided by RailYatri
Maa Adishakti Express,https://www.railyatri.in/bus-operators/maa-adishakti-express,Not provided by RailYatri
Jain Travels Suratjain,https://www.railyatri.in/bus-operators/jain-travels-suratjain,Not provided by RailYatri
Vega Vahini Roadlines India Private Limited,https://www.railyatri.in/bus-operators/vega-vahini-roadlines-india-private-limited,Not provided by RailYatri
Bhopal Travels Intercity Travels,https://www.railyatri.in/bus-operators/bhopal-travels-intercity-travels,Not provided by RailYatri
Vir Gurjar Devnarayan Travelsbrand New Ajay Shreenath Bus,https://www.railyatri.in/bus-operators/vir-gurjar-devnarayan-travelsbrand-new-ajay-shreenath-bus,Not provided by RailYatri
Sun Express Travels,https://www.railyatri.in/bus-operators/sun-express-travels,Not provided by RailYatri
Goodwill Travels,https://www.railyatri.in/bus-operators/goodwill-travels,Not provided by RailYatri
Yes Travels,https://www.railyatri.in/bus-operators/yes-travels,Not provided by RailYatri
Skn Travels,https://www.railyatri.in/bus-operators/skn-travels,Not provided by RailYatri
Nagpur Travels,https://www.railyatri.in/bus-operators/nagpur-travels,Not provided by RailYatri
Maharaja Express,https://www.railyatri.in/bus-operators/maharaja-express,Not provided by RailYatri
Gujarat Travels For Baroda Ahmedabad Crossing,https://www.railyatri.in/bus-operators/gujarat-travels-for-baroda-ahmedabad-crossing,Not provided by RailYatri
Inter City,https://www.railyatri.in/bus-operators/inter-city,Not provided by RailYatri
Shiv Shakti Travels Una,https://www.railyatri.in/bus-operators/shiv-shakti-travels-una,Not provided by RailYatri
Seyon Transports,https://www.railyatri.in/bus-operators/seyon-transports,Not provided by RailYatri
A K Travels Pawan Travels,https://www.railyatri.in/bus-operators/a-k-travels-pawan-travels,Not provided by RailYatri
Lakshmi Travels,https://www.railyatri.in/bus-operators/lakshmi-travels,Not provided by RailYatri
Raj Kalpana Travels Pvt Ltdvia Jaipur Ajmer Pali Aburoad Palanpur,https://www.railyatri.in/bus-operators/raj-kalpana-travels-pvt-ltdvia-jaipur-ajmer-pali-aburoad-palanpur,Not provided by RailYatri
Sitara Travels,https://www.railyatri.in/bus-operators/sitara-travels,Not provided by RailYatri
Ram Travelskashish Bus,https://www.railyatri.in/bus-operators/ram-travelskashish-bus,Not provided by RailYatri
Gujarat Travels Premium Class,https://www.railyatri.in/bus-operators/gujarat-travels-premium-class,Not provided by RailYatri
The Bullet Busmulti Axle Volvo,https://www.railyatri.in/bus-operators/the-bullet-busmulti-axle-volvo,Not provided by RailYatri
Kanker Roadwayskingsize X Seater Sleeper,https://www.railyatri.in/bus-operators/kanker-roadwayskingsize-x-seater-sleeper,Not provided by RailYatri
Rishabh Travels Bharat Benz,https://www.railyatri.in/bus-operators/rishabh-travels-bharat-benz,Not provided by RailYatri
Shri Sawriya Travels G K,https://www.railyatri.in/bus-operators/shri-sawriya-travels-g-k,Not provided by RailYatri
Aayush Travels,https://www.railyatri.in/bus-operators/aayush-travels,Not provided by RailYatri
Narmada Skyblue,https://www.railyatri.in/bus-operators/narmada-skyblue,Not provided by RailYatri
Sri Annai Travels,https://www.railyatri.in/bus-operators/sri-annai-travels,Not provided by RailYatri
Konkan Travels Mahamaya,https://www.railyatri.in/bus-operators/konkan-travels-mahamaya,Not provided by RailYatri
Pawan Executivesmaharaja Non Stop Service,https://www.railyatri.in/bus-operators/pawan-executivesmaharaja-non-stop-service,Not provided by RailYatri
Sree Pnr Travels,https://www.railyatri.in/bus-operators/sree-pnr-travels,Not provided by RailYatri
Ravi Gajraj Travels,https://www.railyatri.in/bus-operators/ravi-gajraj-travels,Not provided by RailYatri
Ganga Dimond City,https://www.railyatri.in/bus-operators/ganga-dimond-city,Not provided by RailYatri
Ravi Gajraj Travelsbg Travels,https://www.railyatri.in/bus-operators/ravi-gajraj-travelsbg-travels,Not provided by RailYatri
Smruti Travels And Cargo Patel Eagle,https://www.railyatri.in/bus-operators/smruti-travels-and-cargo-patel-eagle,Not provided by RailYatri
Kgn Roadlines,https://www.railyatri.in/bus-operators/kgn-roadlines,Not provided by RailYatri
Gagan Tourist Brand New,https://www.railyatri.in/bus-operators/gagan-tourist-brand-new,Not provided by RailYatri
Sana Travels Ashoka,https://www.railyatri.in/bus-operators/sana-travels-ashoka,Not provided by RailYatri
Shatabdi Travelsshatabdi Banswara,https://www.railyatri.in/bus-operators/shatabdi-travelsshatabdi-banswara,Not provided by RailYatri
Shree Swami Samarth,https://www.railyatri.in/bus-operators/shree-swami-samarth,Not provided by RailYatri
Jain Travels Sikar,https://www.railyatri.in/bus-operators/jain-travels-sikar,Not provided by RailYatri
Vardhman Travels,https://www.railyatri.in/bus-operators/vardhman-travels,Not provided by RailYatri
Shrinath Travel Agency Pvt Ltd Shrinath Kalpana,https://www.railyatri.in/bus-operators/shrinath-travel-agency-pvt-ltd-shrinath-kalpana,Not provided by RailYatri
Bhagyalaxmi Travelsjalgaon Pune,https://www.railyatri.in/bus-operators/bhagyalaxmi-travelsjalgaon-pune,Not provided by RailYatri
Mahesh Travels,https://www.railyatri.in/bus-operators/mahesh-travels,Not provided by RailYatri
S K Jain Travels,https://www.railyatri.in/bus-operators/s-k-jain-travels,Not provided by RailYatri
New Gajanan Travelsmanjara,https://www.railyatri.in/bus-operators/new-gajanan-travelsmanjara,Not provided by RailYatri
Rai Bus Servicesashok Travels Jhansi,https://www.railyatri.in/bus-operators/rai-bus-servicesashok-travels-jhansi,Not provided by RailYatri
Nelson Travels,https://www.railyatri.in/bus-operators/nelson-travels,Not provided by RailYatri
Manish Travels Manish Travels,https://www.railyatri.in/bus-operators/manish-travels-manish-travels,Not provided by RailYatri
Shreenidhi,https://www.railyatri.in/bus-operators/shreenidhi,Not provided by RailYatri
Rai Bus Services Ashok Rai Bus Service,https://www.railyatri.in/bus-operators/rai-bus-services-ashok-rai-bus-service,Not provided by RailYatri
Naresh Travelsair Suspension X Ac Seater Sleeper,https://www.railyatri.in/bus-operators/naresh-travelsair-suspension-x-ac-seater-sleeper,Not provided by RailYatri
North India Tour And Travel,https://www.railyatri.in/bus-operators/north-india-tour-and-travel,Not provided by RailYatri
Abhinav Gold Class,https://www.railyatri.in/bus-operators/abhinav-gold-class,Not provided by RailYatri
Aps Travels,https://www.railyatri.in/bus-operators/aps-travels,Not provided by RailYatri
Sharma Travelsemi Slp,https://www.railyatri.in/bus-operators/sharma-travelsemi-slp,Not provided by RailYatri
R S Yadav Travels From Kathmandu To Butwal Boarding By Sitting Bus,https://www.railyatri.in/bus-operators/r-s-yadav-travels-from-kathmandu-to-butwal-boarding-by-sitting-bus,Not provided by RailYatri
Golden,https://www.railyatri.in/bus-operators/golden,Not provided by RailYatri
Patel Eagle Travels Air Suspension,https://www.railyatri.in/bus-operators/patel-eagle-travels-air-suspension,Not provided by RailYatri
Rai Bus Servicesdatia To Kota,https://www.railyatri.in/bus-operators/rai-bus-servicesdatia-to-kota,Not provided by RailYatri
Vishawakarma Travels,https://www.railyatri.in/bus-operators/vishawakarma-travels,Not provided by RailYatri
Shri Babu Travels Indorevia Guna Shivpuri,https://www.railyatri.in/bus-operators/shri-babu-travels-indorevia-guna-shivpuri,Not provided by RailYatri
Virat Travels Business Class,https://www.railyatri.in/bus-operators/virat-travels-business-class,Not provided by RailYatri
Sikarwar Bus Service,https://www.railyatri.in/bus-operators/sikarwar-bus-service,Not provided by RailYatri
Jagdamba Travel Service,https://www.railyatri.in/bus-operators/jagdamba-travel-service,Not provided by RailYatri
Pragati Tour And Travels,https://www.railyatri.in/bus-operators/pragati-tour-and-travels,Not provided by RailYatri
Mettur Super Services,https://www.railyatri.in/bus-operators/mettur-super-services,Not provided by RailYatri
Vishwa Travels Osmanabad Vishwa,https://www.railyatri.in/bus-operators/vishwa-travels-osmanabad-vishwa,Not provided by RailYatri
Kabra Express Logistics Pvt Ltd Brand New,https://www.railyatri.in/bus-operators/kabra-express-logistics-pvt-ltd-brand-new,Not provided by RailYatri
Shiv Sai,https://www.railyatri.in/bus-operators/shiv-sai,Not provided by RailYatri
Mahendra Rajhans Travels Sai Abhishek Brand New Bus,https://www.railyatri.in/bus-operators/mahendra-rajhans-travels-sai-abhishek-brand-new-bus,Not provided by RailYatri
N T Vaibhav Travels,https://www.railyatri.in/bus-operators/n-t-vaibhav-travels,Not provided by RailYatri
Godavari Travels New Brand Godavari,https://www.railyatri.in/bus-operators/godavari-travels-new-brand-godavari,Not provided by RailYatri
N T Devkrupa,https://www.railyatri.in/bus-operators/n-t-devkrupa,Not provided by RailYatri
Hariom Travelsj V Travels,https://www.railyatri.in/bus-operators/hariom-travelsj-v-travels,Not provided by RailYatri
Kvt Narmadapurple,https://www.railyatri.in/bus-operators/kvt-narmadapurple,Not provided by RailYatri
Shrinath Travel Agency Pvt Ltd Surana,https://www.railyatri.in/bus-operators/shrinath-travel-agency-pvt-ltd-surana,Not provided by RailYatri
Golden Travels Inc,https://www.railyatri.in/bus-operators/golden-travels-inc,Not provided by RailYatri
N T Siddhanath,https://www.railyatri.in/bus-operators/n-t-siddhanath,Not provided by RailYatri
Vaibhav Tours And Travels,https://www.railyatri.in/bus-operators/vaibhav-tours-and-travels,Not provided by RailYatri
Shrinath Nama Laxmi Traveller,https://www.railyatri.in/bus-operators/shrinath-nama-laxmi-traveller,Not provided by RailYatri
Multani Sona Travels Sethi Yatra Company,https://www.railyatri.in/bus-operators/multani-sona-travels-sethi-yatra-company,Not provided by RailYatri
Sai Ratna Travels,https://www.railyatri.in/bus-operators/sai-ratna-travels,Not provided by RailYatri
Bhavani,https://www.railyatri.in/bus-operators/bhavani,Not provided by RailYatri
Royalstar Southern Tourist,https://www.railyatri.in/bus-operators/royalstar-southern-tourist,Not provided by RailYatri
Shree Nath Travels Jain Travels,https://www.railyatri.in/bus-operators/shree-nath-travels-jain-travels,Not provided by RailYatri
Kothari Travelsnon Stop,https://www.railyatri.in/bus-operators/kothari-travelsnon-stop,Not provided by RailYatri
Ravina Travels A C Slp Bus,https://www.railyatri.in/bus-operators/ravina-travels-a-c-slp-bus,Not provided by RailYatri
Rc Travels,https://www.railyatri.in/bus-operators/rc-travels,Not provided by RailYatri
Rajhans Travels,https://www.railyatri.in/bus-operators/rajhans-travels,Not provided by RailYatri
Pawan Travelpawan,https://www.railyatri.in/bus-operators/pawan-travelpawan,Not provided by RailYatri
R S Yadav Travels Change By Pick Van To Nainital From Kathgodham,https://www.railyatri.in/bus-operators/r-s-yadav-travels-change-by-pick-van-to-nainital-from-kathgodham,Not provided by RailYatri
Jai Shree Ganesh Travels Brand New Coach,https://www.railyatri.in/bus-operators/jai-shree-ganesh-travels-brand-new-coach,Not provided by RailYatri
Chinu,https://www.railyatri.in/bus-operators/chinu,Not provided by RailYatri
Varun Travelsorange,https://www.railyatri.in/bus-operators/varun-travelsorange,Not provided by RailYatri
Virat Travels Pune Mahalaxmi Travels,https://www.railyatri.in/bus-operators/virat-travels-pune-mahalaxmi-travels,Not provided by RailYatri
Ali Coach Betul,https://www.railyatri.in/bus-operators/ali-coach-betul,Not provided by RailYatri
Ekta Tours And Travels,https://www.railyatri.in/bus-operators/ekta-tours-and-travels,Not provided by RailYatri
Vidhan Travels,https://www.railyatri.in/bus-operators/vidhan-travels,Not provided by RailYatri
Sindh Travels,https://www.railyatri.in/bus-operators/sindh-travels,Not provided by RailYatri
Canara Tourist,https://www.railyatri.in/bus-operators/canara-tourist,Not provided by RailYatri
Narmadaashoka,https://www.railyatri.in/bus-operators/narmadaashoka,Not provided by RailYatri
Royalstar Rts Royal Tourist Madhur,https://www.railyatri.in/bus-operators/royalstar-rts-royal-tourist-madhur,Not provided by RailYatri
Shri Shakti Tour And Travels,https://www.railyatri.in/bus-operators/shri-shakti-tour-and-travels,Not provided by RailYatri
Dakshin Roadlines,https://www.railyatri.in/bus-operators/dakshin-roadlines,Not provided by RailYatri
Bhopal Travelssarkar Upkar,https://www.railyatri.in/bus-operators/bhopal-travelssarkar-upkar,Not provided by RailYatri
Kanker Roadways Pvt Ltd X Nonac Sleeper,https://www.railyatri.in/bus-operators/kanker-roadways-pvt-ltd-x-nonac-sleeper,Not provided by RailYatri
Sai Darshan Travels,https://www.railyatri.in/bus-operators/sai-darshan-travels,Not provided by RailYatri
Prasanna Executive,https://www.railyatri.in/bus-operators/prasanna-executive,Not provided by RailYatri
Nandan Travelsvolvo Multiaxle Lightning,https://www.railyatri.in/bus-operators/nandan-travelsvolvo-multiaxle-lightning,Not provided by RailYatri
Jambeswar Travels Agency,https://www.railyatri.in/bus-operators/jambeswar-travels-agency,Not provided by RailYatri
Naxalbari Himalayan Co Operative Transport Society Ltd,https://www.railyatri.in/bus-operators/naxalbari-himalayan-co-operative-transport-society-ltd,Not provided by RailYatri
Bajrang Shreeji Travels,https://www.railyatri.in/bus-operators/bajrang-shreeji-travels,Not provided by RailYatri
Haridham Travels,https://www.railyatri.in/bus-operators/haridham-travels,Not provided by RailYatri
Deepak Tours And Travels,https://www.railyatri.in/bus-operators/deepak-tours-and-travels,Not provided by RailYatri
Karan Maharaja Travels With Heater,https://www.railyatri.in/bus-operators/karan-maharaja-travels-with-heater,Not provided by RailYatri
Khushal Travelskhushal Kranati,https://www.railyatri.in/bus-operators/khushal-travelskhushal-kranati,Not provided by RailYatri
Uncle Travelsshri Ashirwad,https://www.railyatri.in/bus-operators/uncle-travelsshri-ashirwad,Not provided by RailYatri
Satyam Travels,https://www.railyatri.in/bus-operators/satyam-travels,Not provided by RailYatri
Sreeram Liners,https://www.railyatri.in/bus-operators/sreeram-liners,Not provided by RailYatri
Shri Ganeshnath Tours And Travels,https://www.railyatri.in/bus-operators/shri-ganeshnath-tours-and-travels,Not provided by RailYatri
Amar Jyoti Carriers Pvt Ltd,https://www.railyatri.in/bus-operators/amar-jyoti-carriers-pvt-ltd,Not provided by RailYatri
Mauli Travelsmauli Holiday Travels,https://www.railyatri.in/bus-operators/mauli-travelsmauli-holiday-travels,Not provided by RailYatri
Yogesh Travels,https://www.railyatri.in/bus-operators/yogesh-travels,Not provided by RailYatri
Saverachintamani Travels,https://www.railyatri.in/bus-operators/saverachintamani-travels,Not provided by RailYatri
Swami Travels Puneekvira Travels,https://www.railyatri.in/bus-operators/swami-travels-puneekvira-travels,Not provided by RailYatri
N T Bramhashakti,https://www.railyatri.in/bus-operators/n-t-bramhashakti,Not provided by RailYatri
Rajmata Travelsrajmata,https://www.railyatri.in/bus-operators/rajmata-travelsrajmata,Not provided by RailYatri
Sanjay Travels Agra,https://www.railyatri.in/bus-operators/sanjay-travels-agra,Not provided by RailYatri
N T Maharaja,https://www.railyatri.in/bus-operators/n-t-maharaja,Not provided by RailYatri
Ravi Gajraj Travelspareek,https://www.railyatri.in/bus-operators/ravi-gajraj-travelspareek,Not provided by RailYatri
Shree Samarth Travels,https://www.railyatri.in/bus-operators/shree-samarth-travels,Not provided by RailYatri
New Loksewa Shreenath Tours And Travels,https://www.railyatri.in/bus-operators/new-loksewa-shreenath-tours-and-travels,Not provided by RailYatri
Naresh Travels,https://www.railyatri.in/bus-operators/naresh-travels,Not provided by RailYatri
New Deep Travels,https://www.railyatri.in/bus-operators/new-deep-travels,Not provided by RailYatri
Shree Vijay Travelsroyal Travels,https://www.railyatri.in/bus-operators/shree-vijay-travelsroyal-travels,Not provided by RailYatri
Blue Heaven Tour Travels,https://www.railyatri.in/bus-operators/blue-heaven-tour-travels,Not provided by RailYatri
Cochin Express,https://www.railyatri.in/bus-operators/cochin-express,Not provided by RailYatri
Bhopal Travelsrayeen Bus Service,https://www.railyatri.in/bus-operators/bhopal-travelsrayeen-bus-service,Not provided by RailYatri
Shri Babu Travels Indore Dhariwal Travels,https://www.railyatri.in/bus-operators/shri-babu-travels-indore-dhariwal-travels,Not provided by RailYatri
Azeem Tours And Travels,https://www.railyatri.in/bus-operators/azeem-tours-and-travels,Not provided by RailYatri
New Kalpana Travels,https://www.railyatri.in/bus-operators/new-kalpana-travels,Not provided by RailYatri
R C Travels Bharat Benz Premium Coach,https://www.railyatri.in/bus-operators/r-c-travels-bharat-benz-premium-coach,Not provided by RailYatri
Balajivaibhav Travels,https://www.railyatri.in/bus-operators/balajivaibhav-travels,Not provided by RailYatri
Narmadadream,https://www.railyatri.in/bus-operators/narmadadream,Not provided by RailYatri
Narmada Green,https://www.railyatri.in/bus-operators/narmada-green,Not provided by RailYatri
Krsb Travels,https://www.railyatri.in/bus-operators/krsb-travels,Not provided by RailYatri
Shri Balaji Travels Sultangadh,https://www.railyatri.in/bus-operators/shri-balaji-travels-sultangadh,Not provided by RailYatri
Sks Tourist Corporation,https://www.railyatri.in/bus-operators/sks-tourist-corporation,Not provided by RailYatri
Kanker Roadwayskingsize X Seater Sleepe,https://www.railyatri.in/bus-operators/kanker-roadwayskingsize-x-seater-sleepe,Not provided by RailYatri
Savera Savera,https://www.railyatri.in/bus-operators/savera-savera,Not provided by RailYatri
Shreeraj Travels Krishna,https://www.railyatri.in/bus-operators/shreeraj-travels-krishna,Not provided by RailYatri
Shree Patel Travels Via Kolhapur,https://www.railyatri.in/bus-operators/shree-patel-travels-via-kolhapur,Not provided by RailYatri
Vengai Tours And Travels,https://www.railyatri.in/bus-operators/vengai-tours-and-travels,Not provided by RailYatri
Hanuman Travelsnon Ac Super Express Non Stop Bus,https://www.railyatri.in/bus-operators/hanuman-travelsnon-ac-super-express-non-stop-bus,Not provided by RailYatri
Manmandirdhariwal,https://www.railyatri.in/bus-operators/manmandirdhariwal,Not provided by RailYatri
Shree Sharma Travels,https://www.railyatri.in/bus-operators/shree-sharma-travels,Not provided by RailYatri
Pawan Travels Prakash Travels,https://www.railyatri.in/bus-operators/pawan-travels-prakash-travels,Not provided by RailYatri
S Bus,https://www.railyatri.in/bus-operators/s-bus,Not provided by RailYatri
Sai Abhishek Travels,https://www.railyatri.in/bus-operators/sai-abhishek-travels,Not provided by RailYatri
N T Red Fox Travels,https://www.railyatri.in/bus-operators/n-t-red-fox-travels,Not provided by RailYatri
J And D Travels,https://www.railyatri.in/bus-operators/j-and-d-travels,Not provided by RailYatri
Kyros Connects,https://www.railyatri.in/bus-operators/kyros-connects,Not provided by RailYatri
Sm Travels,https://www.railyatri.in/bus-operators/sm-travels,Not provided by RailYatri
Goyal Travelsmahalaxmi,https://www.railyatri.in/bus-operators/goyal-travelsmahalaxmi,Not provided by RailYatri
Royal Chintamani Royal Chintamani,https://www.railyatri.in/bus-operators/royal-chintamani-royal-chintamani,Not provided by RailYatri
Shree Gajanan Travelsrohini,https://www.railyatri.in/bus-operators/shree-gajanan-travelsrohini,Not provided by RailYatri
Rishabh Travelsmilan New Brand Coach,https://www.railyatri.in/bus-operators/rishabh-travelsmilan-new-brand-coach,Not provided by RailYatri
The Bullet Bus,https://www.railyatri.in/bus-operators/the-bullet-bus,Not provided by RailYatri
Disha Travelssoni Travels,https://www.railyatri.in/bus-operators/disha-travelssoni-travels,Not provided by RailYatri
Vgr Travels,https://www.railyatri.in/bus-operators/vgr-travels,Not provided by RailYatri
Tanishka Holidays,https://www.railyatri.in/bus-operators/tanishka-holidays,Not provided by RailYatri
Telsang Travels,https://www.railyatri.in/bus-operators/telsang-travels,Not provided by RailYatri
Albeli Sarkar Tours And Travels,https://www.railyatri.in/bus-operators/albeli-sarkar-tours-and-travels,Not provided by RailYatri
Shree Bapa Sitaram Travels,https://www.railyatri.in/bus-operators/shree-bapa-sitaram-travels,Not provided by RailYatri
Lama Travels,https://www.railyatri.in/bus-operators/lama-travels,Not provided by RailYatri
Svm Tours And Travels,https://www.railyatri.in/bus-operators/svm-tours-and-travels,Not provided by RailYatri
Hari Travels,https://www.railyatri.in/bus-operators/hari-travels,Not provided by RailYatri
Sri Vijaya Durga Travels,https://www.railyatri.in/bus-operators/sri-vijaya-durga-travels,Not provided by RailYatri
Shree Paras Travels Laxmi Travels,https://www.railyatri.in/bus-operators/shree-paras-travels-laxmi-travels,Not provided by RailYatri
Kgn Travels Jaguar Travels,https://www.railyatri.in/bus-operators/kgn-travels-jaguar-travels,Not provided by RailYatri
Shreenath Travellers Iso Certified Shree Vijay,https://www.railyatri.in/bus-operators/shreenath-travellers-iso-certified-shree-vijay,Not provided by RailYatri
National Travels Pune,https://www.railyatri.in/bus-operators/national-travels-pune,Not provided by RailYatri
Krishna Bus Service,https://www.railyatri.in/bus-operators/krishna-bus-service,Not provided by RailYatri
Varuna Travels Aavkar Travels,https://www.railyatri.in/bus-operators/varuna-travels-aavkar-travels,Not provided by RailYatri
Kabra Express Logistics Pvt Ltd Elite Class,https://www.railyatri.in/bus-operators/kabra-express-logistics-pvt-ltd-elite-class,Not provided by RailYatri
Vijay Tour And Travels Balaji Travels,https://www.railyatri.in/bus-operators/vijay-tour-and-travels-balaji-travels,Not provided by RailYatri
Shivam Transport,https://www.railyatri.in/bus-operators/shivam-transport,Not provided by RailYatri
Daughters Of Ashok Tour And Travels,https://www.railyatri.in/bus-operators/daughters-of-ashok-tour-and-travels,Not provided by RailYatri
Shri Sharad Narayan Travels,https://www.railyatri.in/bus-operators/shri-sharad-narayan-travels,Not provided by RailYatri
Spd Travels,https://www.railyatri.in/bus-operators/spd-travels,Not provided by RailYatri
Sangitam Travels,https://www.railyatri.in/bus-operators/sangitam-travels,Not provided by RailYatri
Jihan Luxury Travels,https://www.railyatri.in/bus-operators/jihan-luxury-travels,Not provided by RailYatri
Bhadoriya Travels,https://www.railyatri.in/bus-operators/bhadoriya-travels,Not provided by RailYatri
Abhinav Tours And Travels,https://www.railyatri.in/bus-operators/abhinav-tours-and-travels,Not provided by RailYatri
Shree Vijayant Travels Bhagyalaxmi,https://www.railyatri.in/bus-operators/shree-vijayant-travels-bhagyalaxmi,Not provided by RailYatri
Shreenath Travellers Iso Certified Mahashagar Bus,https://www.railyatri.in/bus-operators/shreenath-travellers-iso-certified-mahashagar-bus,Not provided by RailYatri
Khusbu Travels,https://www.railyatri.in/bus-operators/khusbu-travels,Not provided by RailYatri
Smart Line Travel,https://www.railyatri.in/bus-operators/smart-line-travel,Not provided by RailYatri
Sowmiya Travels,https://www.railyatri.in/bus-operators/sowmiya-travels,Not provided by RailYatri
Nandan Travels Non Stop Express,https://www.railyatri.in/bus-operators/nandan-travels-non-stop-express,Not provided by RailYatri
Kanker Roadways X Ac Sleeper,https://www.railyatri.in/bus-operators/kanker-roadways-x-ac-sleeper,Not provided by RailYatri
Mn Travels,https://www.railyatri.in/bus-operators/mn-travels,Not provided by RailYatri
Sri Bhagiyalakshmi Tours And Travels,https://www.railyatri.in/bus-operators/sri-bhagiyalakshmi-tours-and-travels,Not provided by RailYatri
River Tour And Travel,https://www.railyatri.in/bus-operators/river-tour-and-travel,Not provided by RailYatri
Chintamani Travelsno Dinner Break,https://www.railyatri.in/bus-operators/chintamani-travelsno-dinner-break,Not provided by RailYatri
N T Sanjay Musafir,https://www.railyatri.in/bus-operators/n-t-sanjay-musafir,Not provided by RailYatri
Nilamadhab,https://www.railyatri.in/bus-operators/nilamadhab,Not provided by RailYatri
N T National Express,https://www.railyatri.in/bus-operators/n-t-national-express,Not provided by RailYatri
Radhika Travells,https://www.railyatri.in/bus-operators/radhika-travells,Not provided by RailYatri
Mayur Travels,https://www.railyatri.in/bus-operators/mayur-travels,Not provided by RailYatri
Kallada Travels G,https://www.railyatri.in/bus-operators/kallada-travels-g,Not provided by RailYatri
Kvt Narmadared,https://www.railyatri.in/bus-operators/kvt-narmadared,Not provided by RailYatri
Kashmira Bus Service,https://www.railyatri.in/bus-operators/kashmira-bus-service,Not provided by RailYatri
Swasti Travels,https://www.railyatri.in/bus-operators/swasti-travels,Not provided by RailYatri
Nrt,https://www.railyatri.in/bus-operators/nrt,Not provided by RailYatri
Devkrupa Tours And Travels Brand New,https://www.railyatri.in/bus-operators/devkrupa-tours-and-travels-brand-new,Not provided by RailYatri
Kumari Express,https://www.railyatri.in/bus-operators/kumari-express,Not provided by RailYatri
Rsr Tours And Travels,https://www.railyatri.in/bus-operators/rsr-tours-and-travels,Not provided by RailYatri
Sangam Gahlot Travels,https://www.railyatri.in/bus-operators/sangam-gahlot-travels,Not provided by RailYatri
Kalia Kanhu,https://www.railyatri.in/bus-operators/kalia-kanhu,Not provided by RailYatri
Rajashahi Tours And Travelsrajashahi,https://www.railyatri.in/bus-operators/rajashahi-tours-and-travelsrajashahi,Not provided by RailYatri
Shivam Bus Service,https://www.railyatri.in/bus-operators/shivam-bus-service,Not provided by RailYatri
Amaal S Travels Amaal Rich Class,https://www.railyatri.in/bus-operators/amaal-s-travels-amaal-rich-class,Not provided by RailYatri
M B Linkm B Link Travels,https://www.railyatri.in/bus-operators/m-b-linkm-b-link-travels,Not provided by RailYatri
Suxus Tourking Pvt Ltd,https://www.railyatri.in/bus-operators/suxus-tourking-pvt-ltd,Not provided by RailYatri
Sri Srinivasa Travels,https://www.railyatri.in/bus-operators/sri-srinivasa-travels,Not provided by RailYatri
Arm Travels,https://www.railyatri.in/bus-operators/arm-travels,Not provided by RailYatri
Mythri Tours And Travels,https://www.railyatri.in/bus-operators/mythri-tours-and-travels,Not provided by RailYatri
Nakoda Travels,https://www.railyatri.in/bus-operators/nakoda-travels,Not provided by RailYatri
N T Royal Cars Plus,https://www.railyatri.in/bus-operators/n-t-royal-cars-plus,Not provided by RailYatri
Sri Bharath Travels,https://www.railyatri.in/bus-operators/sri-bharath-travels,Not provided by RailYatri
Jagdamb Nakoda,https://www.railyatri.in/bus-operators/jagdamb-nakoda,Not provided by RailYatri
Goyal Travelspremium Coach,https://www.railyatri.in/bus-operators/goyal-travelspremium-coach,Not provided by RailYatri
Chintamani Travels Non Stop,https://www.railyatri.in/bus-operators/chintamani-travels-non-stop,Not provided by RailYatri
Cool Cool Tour And Travels,https://www.railyatri.in/bus-operators/cool-cool-tour-and-travels,Not provided by RailYatri
Veer Travelsbrancd New Shutter Coach,https://www.railyatri.in/bus-operators/veer-travelsbrancd-new-shutter-coach,Not provided by RailYatri
Raj Expresskrushnam,https://www.railyatri.in/bus-operators/raj-expresskrushnam,Not provided by RailYatri
Rajmudra Tours And Travels,https://www.railyatri.in/bus-operators/rajmudra-tours-and-travels,Not provided by RailYatri
Paras Travels Paras,https://www.railyatri.in/bus-operators/paras-travels-paras,Not provided by RailYatri
S K Tours And Travels Shabnam Travels,https://www.railyatri.in/bus-operators/s-k-tours-and-travels-shabnam-travels,Not provided by RailYatri
Uncle Travels Jalgaonsyndicate Travel,https://www.railyatri.in/bus-operators/uncle-travels-jalgaonsyndicate-travel,Not provided by RailYatri
Nakoda Sv Travels,https://www.railyatri.in/bus-operators/nakoda-sv-travels,Not provided by RailYatri
Skbs Travels,https://www.railyatri.in/bus-operators/skbs-travels,Not provided by RailYatri
Travel Point World Llp,https://www.railyatri.in/bus-operators/travel-point-world-llp,Not provided by RailYatri
Somnath Paavan Travels,https://www.railyatri.in/bus-operators/somnath-paavan-travels,Not provided by RailYatri
Prasanna,https://www.railyatri.in/bus-operators/prasanna,Not provided by RailYatri
Ashish Travels,https://www.railyatri.in/bus-operators/ashish-travels,Not provided by RailYatri
M B Linknew Brand Pimpari Chinchwad Nigadi,https://www.railyatri.in/bus-operators/m-b-linknew-brand-pimpari-chinchwad-nigadi,Not provided by RailYatri
Prakash Travels,https://www.railyatri.in/bus-operators/prakash-travels,Not provided by RailYatri
Sahara Travels Beed Sahara,https://www.railyatri.in/bus-operators/sahara-travels-beed-sahara,Not provided by RailYatri
New Akash Travelscitylink,https://www.railyatri.in/bus-operators/new-akash-travelscitylink,Not provided by RailYatri
Atithi Travels,https://www.railyatri.in/bus-operators/atithi-travels,Not provided by RailYatri
Jai Durga Sharpline,https://www.railyatri.in/bus-operators/jai-durga-sharpline,Not provided by RailYatri
Rayeen Travels,https://www.railyatri.in/bus-operators/rayeen-travels,Not provided by RailYatri
M K Bus Service Brand New Cabin Coach,https://www.railyatri.in/bus-operators/m-k-bus-service-brand-new-cabin-coach,Not provided by RailYatri
R Ankush Travels New Brand R Ankush,https://www.railyatri.in/bus-operators/r-ankush-travels-new-brand-r-ankush,Not provided by RailYatri
Sana Travelsdwarkadhish,https://www.railyatri.in/bus-operators/sana-travelsdwarkadhish,Not provided by RailYatri
Shri Swaminarayan Travelsvia Buldhana,https://www.railyatri.in/bus-operators/shri-swaminarayan-travelsvia-buldhana,Not provided by RailYatri
M K Travels,https://www.railyatri.in/bus-operators/m-k-travels,Not provided by RailYatri
Varun Travels Grey,https://www.railyatri.in/bus-operators/varun-travels-grey,Not provided by RailYatri
Dtcsai Raj Travels,https://www.railyatri.in/bus-operators/dtcsai-raj-travels,Not provided by RailYatri
Uncle Travels Jalgaon Ik Travels,https://www.railyatri.in/bus-operators/uncle-travels-jalgaon-ik-travels,Not provided by RailYatri
Balaji Travels Maharaja,https://www.railyatri.in/bus-operators/balaji-travels-maharaja,Not provided by RailYatri
Suman Supreme Travels,https://www.railyatri.in/bus-operators/suman-supreme-travels,Not provided by RailYatri
Krishna Travels Latur Gajal Golden,https://www.railyatri.in/bus-operators/krishna-travels-latur-gajal-golden,Not provided by RailYatri
Choice Tours And Travels New Brand Choice,https://www.railyatri.in/bus-operators/choice-tours-and-travels-new-brand-choice,Not provided by RailYatri
Kakadiya Travels,https://www.railyatri.in/bus-operators/kakadiya-travels,Not provided by RailYatri
Mohapatra,https://www.railyatri.in/bus-operators/mohapatra,Not provided by RailYatri
Nini Travels,https://www.railyatri.in/bus-operators/nini-travels,Not provided by RailYatri
Vishwakarma Travels,https://www.railyatri.in/bus-operators/vishwakarma-travels,Not provided by RailYatri
Phoenix Travels,https://www.railyatri.in/bus-operators/phoenix-travels,Not provided by RailYatri
Jai Siyaram Travels,https://www.railyatri.in/bus-operators/jai-siyaram-travels,Not provided by RailYatri
Shri Sai Travels Shirdi,https://www.railyatri.in/bus-operators/shri-sai-travels-shirdi,Not provided by RailYatri
New Uncle Dwarkadhish Travel,https://www.railyatri.in/bus-operators/new-uncle-dwarkadhish-travel,Not provided by RailYatri
Sairam Travels Dhumal Sanskruti,https://www.railyatri.in/bus-operators/sairam-travels-dhumal-sanskruti,Not provided by RailYatri
Shatabdi Travels Shatabdi Travels Banswara,https://www.railyatri.in/bus-operators/shatabdi-travels-shatabdi-travels-banswara,Not provided by RailYatri
Ramani Travels,https://www.railyatri.in/bus-operators/ramani-travels,Not provided by RailYatri
Om Travels Ambajogaidevi Satvai,https://www.railyatri.in/bus-operators/om-travels-ambajogaidevi-satvai,Not provided by RailYatri
Saidhan Neeta Holiday Travels,https://www.railyatri.in/bus-operators/saidhan-neeta-holiday-travels,Not provided by RailYatri
Bhagyalaxmi Travelsgolden,https://www.railyatri.in/bus-operators/bhagyalaxmi-travelsgolden,Not provided by RailYatri
Alpha Travels,https://www.railyatri.in/bus-operators/alpha-travels,Not provided by RailYatri
Bajrang Travels,https://www.railyatri.in/bus-operators/bajrang-travels,Not provided by RailYatri
Nini,https://www.railyatri.in/bus-operators/nini,Not provided by RailYatri
Sethi Yatra Company Pack Glass,https://www.railyatri.in/bus-operators/sethi-yatra-company-pack-glass,Not provided by RailYatri
Pareek Travels,https://www.railyatri.in/bus-operators/pareek-travels,Not provided by RailYatri
Om Maa Bus Service,https://www.railyatri.in/bus-operators/om-maa-bus-service,Not provided by RailYatri
Himalaya,https://www.railyatri.in/bus-operators/himalaya,Not provided by RailYatri
Gurukrupa Travels,https://www.railyatri.in/bus-operators/gurukrupa-travels,Not provided by RailYatri
Shree Sai Travels Shree Sai Shirpur,https://www.railyatri.in/bus-operators/shree-sai-travels-shree-sai-shirpur,Not provided by RailYatri
Online Goonline Go Devkrupa,https://www.railyatri.in/bus-operators/online-goonline-go-devkrupa,Not provided by RailYatri
National Travels Punenational Tot Travels,https://www.railyatri.in/bus-operators/national-travels-punenational-tot-travels,Not provided by RailYatri
Khushal Travels Khushal Queen,https://www.railyatri.in/bus-operators/khushal-travels-khushal-queen,Not provided by RailYatri
Ashoka Travelsashoka Travels,https://www.railyatri.in/bus-operators/ashoka-travelsashoka-travels,Not provided by RailYatri
Geetanjali Travelsswagat,https://www.railyatri.in/bus-operators/geetanjali-travelsswagat,Not provided by RailYatri
Ram Travelsdolphin Travel,https://www.railyatri.in/bus-operators/ram-travelsdolphin-travel,Not provided by RailYatri
Online Goartc Dimond,https://www.railyatri.in/bus-operators/online-goartc-dimond,Not provided by RailYatri
Suman Supreme Travelsbrand New,https://www.railyatri.in/bus-operators/suman-supreme-travelsbrand-new,Not provided by RailYatri
Shree Siddhivinayak Shirpur,https://www.railyatri.in/bus-operators/shree-siddhivinayak-shirpur,Not provided by RailYatri
New Akash Travels,https://www.railyatri.in/bus-operators/new-akash-travels,Not provided by RailYatri
Kvt Narmadapink,https://www.railyatri.in/bus-operators/kvt-narmadapink,Not provided by RailYatri
Kothari Travelsgolden Bus,https://www.railyatri.in/bus-operators/kothari-travelsgolden-bus,Not provided by RailYatri
Mauli Travels Mauli,https://www.railyatri.in/bus-operators/mauli-travels-mauli,Not provided by RailYatri
Uncle Travels Jalgaon Swami Bus,https://www.railyatri.in/bus-operators/uncle-travels-jalgaon-swami-bus,Not provided by RailYatri
Shriphal Tours And Travels,https://www.railyatri.in/bus-operators/shriphal-tours-and-travels,Not provided by RailYatri
Amber Travels Amber Quen,https://www.railyatri.in/bus-operators/amber-travels-amber-quen,Not provided by RailYatri
Narmadaorange,https://www.railyatri.in/bus-operators/narmadaorange,Not provided by RailYatri
Bhopal Travels National Travels,https://www.railyatri.in/bus-operators/bhopal-travels-national-travels,Not provided by RailYatri
Royalstar Rts Royal Tourist Manmandir,https://www.railyatri.in/bus-operators/royalstar-rts-royal-tourist-manmandir,Not provided by RailYatri
Uma Travels,https://www.railyatri.in/bus-operators/uma-travels,Not provided by RailYatri
Yes Travels Premium Brand New,https://www.railyatri.in/bus-operators/yes-travels-premium-brand-new,Not provided by RailYatri
D K Travels,https://www.railyatri.in/bus-operators/d-k-travels,Not provided by RailYatri
Vidarbha Travelsvia Karanja,https://www.railyatri.in/bus-operators/vidarbha-travelsvia-karanja,Not provided by RailYatri
Intercity Travels Dhariwal,https://www.railyatri.in/bus-operators/intercity-travels-dhariwal,Not provided by RailYatri
Sri Vijayalakshmi Travels,https://www.railyatri.in/bus-operators/sri-vijayalakshmi-travels,Not provided by RailYatri
Manasvi Travels New Brand,https://www.railyatri.in/bus-operators/manasvi-travels-new-brand,Not provided by RailYatri
Sai Maya Tours And Travels,https://www.railyatri.in/bus-operators/sai-maya-tours-and-travels,Not provided by RailYatri
Yuga Travels Business Class,https://www.railyatri.in/bus-operators/yuga-travels-business-class,Not provided by RailYatri
Prasanna Purple Benz,https://www.railyatri.in/bus-operators/prasanna-purple-benz,Not provided by RailYatri
Apex Vinod Travelsshree Shyam Travels,https://www.railyatri.in/bus-operators/apex-vinod-travelsshree-shyam-travels,Not provided by RailYatri
Vishwa Travels Osmanabad Extra,https://www.railyatri.in/bus-operators/vishwa-travels-osmanabad-extra,Not provided by RailYatri
Vidarbha Travels Via Arni Mahur,https://www.railyatri.in/bus-operators/vidarbha-travels-via-arni-mahur,Not provided by RailYatri
Umiya Travels,https://www.railyatri.in/bus-operators/umiya-travels,Not provided by RailYatri
Tirth Travels,https://www.railyatri.in/bus-operators/tirth-travels,Not provided by RailYatri
Himachal Holidays Volvo,https://www.railyatri.in/bus-operators/himachal-holidays-volvo,Not provided by RailYatri
Greenline Kerala,https://www.railyatri.in/bus-operators/greenline-kerala,Not provided by RailYatri
World Raja Rani Tours And Travels,https://www.railyatri.in/bus-operators/world-raja-rani-tours-and-travels,Not provided by RailYatri
Bharuka Travels,https://www.railyatri.in/bus-operators/bharuka-travels,Not provided by RailYatri
Amber Travels Holiday,https://www.railyatri.in/bus-operators/amber-travels-holiday,Not provided by RailYatri
Soni Travels,https://www.railyatri.in/bus-operators/soni-travels,Not provided by RailYatri
Busyar,https://www.railyatri.in/bus-operators/busyar,Not provided by RailYatri
Mansi Roadlines Pvt Ltd Vaibhav,https://www.railyatri.in/bus-operators/mansi-roadlines-pvt-ltd-vaibhav,Not provided by RailYatri
Dwarkadhish Travels,https://www.railyatri.in/bus-operators/dwarkadhish-travels,Not provided by RailYatri
Sarda Travels,https://www.railyatri.in/bus-operators/sarda-travels,Not provided by RailYatri
Srk Travels,https://www.railyatri.in/bus-operators/srk-travels,Not provided by RailYatri
Apple Tours Travel,https://www.railyatri.in/bus-operators/apple-tours-travel,Not provided by RailYatri
Raj Kalpana Travels Pvt Ltd Via Gwalior,https://www.railyatri.in/bus-operators/raj-kalpana-travels-pvt-ltd-via-gwalior,Not provided by RailYatri
Singh Brothers,https://www.railyatri.in/bus-operators/singh-brothers,Not provided by RailYatri
P K Travels,https://www.railyatri.in/bus-operators/p-k-travels,Not provided by RailYatri
Tantia Travels And Cargosrtg,https://www.railyatri.in/bus-operators/tantia-travels-and-cargosrtg,Not provided by RailYatri
Malwa Travels Chhindwara,https://www.railyatri.in/bus-operators/malwa-travels-chhindwara,Not provided by RailYatri
Shri Ganesh Travels Akot,https://www.railyatri.in/bus-operators/shri-ganesh-travels-akot,Not provided by RailYatri
Maa Gayatri Tours And Travels,https://www.railyatri.in/bus-operators/maa-gayatri-tours-and-travels,Not provided by RailYatri
Ajna Travels,https://www.railyatri.in/bus-operators/ajna-travels,Not provided by RailYatri
Shreyas Travels Red Queen,https://www.railyatri.in/bus-operators/shreyas-travels-red-queen,Not provided by RailYatri
Supreme Tour And Travels,https://www.railyatri.in/bus-operators/supreme-tour-and-travels,Not provided by RailYatri
Karur Maaruti Travels,https://www.railyatri.in/bus-operators/karur-maaruti-travels,Not provided by RailYatri
Mama Travels Bhawani Travels,https://www.railyatri.in/bus-operators/mama-travels-bhawani-travels,Not provided by RailYatri
Bhavana Travels New Brand,https://www.railyatri.in/bus-operators/bhavana-travels-new-brand,Not provided by RailYatri
A One Tourist Agency Pooja Travels,https://www.railyatri.in/bus-operators/a-one-tourist-agency-pooja-travels,Not provided by RailYatri
Shree Swarajya Travlesswarajya A C Brand New Air Bus,https://www.railyatri.in/bus-operators/shree-swarajya-travlesswarajya-a-c-brand-new-air-bus,Not provided by RailYatri
Shree Gajanan Tours And Travels Manmohan Travels,https://www.railyatri.in/bus-operators/shree-gajanan-tours-and-travels-manmohan-travels,Not provided by RailYatri
Greenline Kerala Travels,https://www.railyatri.in/bus-operators/greenline-kerala-travels,Not provided by RailYatri
New Safar Tours And Travels,https://www.railyatri.in/bus-operators/new-safar-tours-and-travels,Not provided by RailYatri
Jai Durga Sant Prayag,https://www.railyatri.in/bus-operators/jai-durga-sant-prayag,Not provided by RailYatri
Sakthi Tours And Travels,https://www.railyatri.in/bus-operators/sakthi-tours-and-travels,Not provided by RailYatri
Kshatriya Bandhu,https://www.railyatri.in/bus-operators/kshatriya-bandhu,Not provided by RailYatri
Pawan Travels Brand New,https://www.railyatri.in/bus-operators/pawan-travels-brand-new,Not provided by RailYatri
Lovely Travels,https://www.railyatri.in/bus-operators/lovely-travels,Not provided by RailYatri
Singh Travels,https://www.railyatri.in/bus-operators/singh-travels,Not provided by RailYatri
Samy Travelskrishna,https://www.railyatri.in/bus-operators/samy-travelskrishna,Not provided by RailYatri
Shri Ganraj Travels Jai Ganesh,https://www.railyatri.in/bus-operators/shri-ganraj-travels-jai-ganesh,Not provided by RailYatri
Chougule Travels,https://www.railyatri.in/bus-operators/chougule-travels,Not provided by RailYatri
Saini Travels Pvt Ltd Simba Cruizersimba Cruizer,https://www.railyatri.in/bus-operators/saini-travels-pvt-ltd-simba-cruizersimba-cruizer,Not provided by RailYatri
Libra Bus Servicehvac,https://www.railyatri.in/bus-operators/libra-bus-servicehvac,Not provided by RailYatri
Sri Ramajayam Travels Chn,https://www.railyatri.in/bus-operators/sri-ramajayam-travels-chn,Not provided by RailYatri
Jaymant Travelsrajdeep Jayment,https://www.railyatri.in/bus-operators/jaymant-travelsrajdeep-jayment,Not provided by RailYatri
Avs Travels,https://www.railyatri.in/bus-operators/avs-travels,Not provided by RailYatri
Rishabh Travels Anukool,https://www.railyatri.in/bus-operators/rishabh-travels-anukool,Not provided by RailYatri
Jay Tours And Travels,https://www.railyatri.in/bus-operators/jay-tours-and-travels,Not provided by RailYatri
Balaji Cabs,https://www.railyatri.in/bus-operators/balaji-cabs,Not provided by RailYatri
Girnar Travelsr K Travels,https://www.railyatri.in/bus-operators/girnar-travelsr-k-travels,Not provided by RailYatri
Amar Jyoti Travels,https://www.railyatri.in/bus-operators/amar-jyoti-travels,Not provided by RailYatri
Sana Travels,https://www.railyatri.in/bus-operators/sana-travels,Not provided by RailYatri
Rahul Travels Navneet,https://www.railyatri.in/bus-operators/rahul-travels-navneet,Not provided by RailYatri
Asian S Shina Tours Travels,https://www.railyatri.in/bus-operators/asian-s-shina-tours-travels,Not provided by RailYatri
Sahara Tours And Travels,https://www.railyatri.in/bus-operators/sahara-tours-and-travels,Not provided by RailYatri
Saraswati Travels,https://www.railyatri.in/bus-operators/saraswati-travels,Not provided by RailYatri
Maharashtra Travels Premium Class,https://www.railyatri.in/bus-operators/maharashtra-travels-premium-class,Not provided by RailYatri
Bava Travels Point Pvt Ltd Bharat Benz,https://www.railyatri.in/bus-operators/bava-travels-point-pvt-ltd-bharat-benz,Not provided by RailYatri
Shilu Travels,https://www.railyatri.in/bus-operators/shilu-travels,Not provided by RailYatri
Shree Chaudhari Travels,https://www.railyatri.in/bus-operators/shree-chaudhari-travels,Not provided by RailYatri
Pushpak Travels,https://www.railyatri.in/bus-operators/pushpak-travels,Not provided by RailYatri
M K Bus Service Brand New Brand Shutter Coach With Chrger Point,https://www.railyatri.in/bus-operators/m-k-bus-service-brand-new-brand-shutter-coach-with-chrger-point,Not provided by RailYatri
Ideal Travels,https://www.railyatri.in/bus-operators/ideal-travels,Not provided by RailYatri
Rupanjali Travels,https://www.railyatri.in/bus-operators/rupanjali-travels,Not provided by RailYatri
Oswal Travels Oswal,https://www.railyatri.in/bus-operators/oswal-travels-oswal,Not provided by RailYatri
Ashirvad Travels,https://www.railyatri.in/bus-operators/ashirvad-travels,Not provided by RailYatri
Shri Swaminarayan Travels New Brand Mg Coach,https://www.railyatri.in/bus-operators/shri-swaminarayan-travels-new-brand-mg-coach,Not provided by RailYatri
Saini Travels Pvt Ltd Simba Passionsimba Passionsimba Passion,https://www.railyatri.in/bus-operators/saini-travels-pvt-ltd-simba-passionsimba-passionsimba-passion,Not provided by RailYatri
Shree Maharaja Tours And Travels,https://www.railyatri.in/bus-operators/shree-maharaja-tours-and-travels,Not provided by RailYatri
Canara Pinto,https://www.railyatri.in/bus-operators/canara-pinto,Not provided by RailYatri
Palani Jothi Travels,https://www.railyatri.in/bus-operators/palani-jothi-travels,Not provided by RailYatri
Sharma Travels Brand New Pack Glass,https://www.railyatri.in/bus-operators/sharma-travels-brand-new-pack-glass,Not provided by RailYatri
Narayanamoorthy Travels,https://www.railyatri.in/bus-operators/narayanamoorthy-travels,Not provided by RailYatri
Ravina Travels A C Air Suspension,https://www.railyatri.in/bus-operators/ravina-travels-a-c-air-suspension,Not provided by RailYatri
Mg Travels,https://www.railyatri.in/bus-operators/mg-travels,Not provided by RailYatri
Kanker Roadways X A C Seat Sleeper X A C Seat Sleeper,https://www.railyatri.in/bus-operators/kanker-roadways-x-a-c-seat-sleeper-x-a-c-seat-sleeper,Not provided by RailYatri
Raj Preet Travels,https://www.railyatri.in/bus-operators/raj-preet-travels,Not provided by RailYatri
Bulbul Travels,https://www.railyatri.in/bus-operators/bulbul-travels,Not provided by RailYatri
Narayanamoorthy Travels Chennai,https://www.railyatri.in/bus-operators/narayanamoorthy-travels-chennai,Not provided by RailYatri
C M Travels,https://www.railyatri.in/bus-operators/c-m-travels,Not provided by RailYatri
Royal Travels Royal,https://www.railyatri.in/bus-operators/royal-travels-royal,Not provided by RailYatri
Pancham Travels Pancham,https://www.railyatri.in/bus-operators/pancham-travels-pancham,Not provided by RailYatri
Yathra Logistics Modern,https://www.railyatri.in/bus-operators/yathra-logistics-modern,Not provided by RailYatri
Sri Lakshmi Ganapathi Travels,https://www.railyatri.in/bus-operators/sri-lakshmi-ganapathi-travels,Not provided by RailYatri
Sharma Travel Ghed Parli Ajogai Latur,https://www.railyatri.in/bus-operators/sharma-travel-ghed-parli-ajogai-latur,Not provided by RailYatri
Smrs Tours And Travels,https://www.railyatri.in/bus-operators/smrs-tours-and-travels,Not provided by RailYatri
Yukta Travels Ashwamedha,https://www.railyatri.in/bus-operators/yukta-travels-ashwamedha,Not provided by RailYatri
Bholenath Travels,https://www.railyatri.in/bus-operators/bholenath-travels,Not provided by RailYatri
Gopi Travels,https://www.railyatri.in/bus-operators/gopi-travels,Not provided by RailYatri
N T Pravin,https://www.railyatri.in/bus-operators/n-t-pravin,Not provided by RailYatri
Sri Venkateshwara Tours And Travels,https://www.railyatri.in/bus-operators/sri-venkateshwara-tours-and-travels,Not provided by RailYatri
Shri Sai Travels Dolphin,https://www.railyatri.in/bus-operators/shri-sai-travels-dolphin,Not provided by RailYatri
Indore Travels Sayyed,https://www.railyatri.in/bus-operators/indore-travels-sayyed,Not provided by RailYatri
Tirupati Alpha Tours And Travels,https://www.railyatri.in/bus-operators/tirupati-alpha-tours-and-travels,Not provided by RailYatri
Sheraton Travels,https://www.railyatri.in/bus-operators/sheraton-travels,Not provided by RailYatri
Rajshakti Travels,https://www.railyatri.in/bus-operators/rajshakti-travels,Not provided by RailYatri
A P Travels Raj Express,https://www.railyatri.in/bus-operators/a-p-travels-raj-express,Not provided by RailYatri
Rahul Travels Bul Bul,https://www.railyatri.in/bus-operators/rahul-travels-bul-bul,Not provided by RailYatri
Kanker Roadways X A C Seat Sleeper,https://www.railyatri.in/bus-operators/kanker-roadways-x-a-c-seat-sleeper,Not provided by RailYatri
Khushal Travels Brand New Red Horse,https://www.railyatri.in/bus-operators/khushal-travels-brand-new-red-horse,Not provided by RailYatri
Shree Bus Renukaai,https://www.railyatri.in/bus-operators/shree-bus-renukaai,Not provided by RailYatri
Shefali Tours And Travelsnew,https://www.railyatri.in/bus-operators/shefali-tours-and-travelsnew,Not provided by RailYatri
Vineet Tours And Travels Smit India Travel,https://www.railyatri.in/bus-operators/vineet-tours-and-travels-smit-india-travel,Not provided by RailYatri
Shree Samarth Krupa Travels,https://www.railyatri.in/bus-operators/shree-samarth-krupa-travels,Not provided by RailYatri
Shrimanti Tours Travels,https://www.railyatri.in/bus-operators/shrimanti-tours-travels,Not provided by RailYatri
Sharpline Tours And Travels,https://www.railyatri.in/bus-operators/sharpline-tours-and-travels,Not provided by RailYatri
Manjunath Travels,https://www.railyatri.in/bus-operators/manjunath-travels,Not provided by RailYatri
Sana Travelsvaibhav,https://www.railyatri.in/bus-operators/sana-travelsvaibhav,Not provided by RailYatri
Bava Travel Point Pvt Ltd,https://www.railyatri.in/bus-operators/bava-travel-point-pvt-ltd,Not provided by RailYatri
Conti Travels,https://www.railyatri.in/bus-operators/conti-travels,Not provided by RailYatri
Amaal Travelsbusiness Class,https://www.railyatri.in/bus-operators/amaal-travelsbusiness-class,Not provided by RailYatri
Prtc Faridkot Depot,https://www.railyatri.in/bus-operators/prtc-faridkot-depot,Not provided by RailYatri
John Travels Astc,https://www.railyatri.in/bus-operators/john-travels-astc,Not provided by RailYatri
Sai Yatra Company,https://www.railyatri.in/bus-operators/sai-yatra-company,Not provided by RailYatri
New Deep Bus Service,https://www.railyatri.in/bus-operators/new-deep-bus-service,Not provided by RailYatri
Avadhoot Travels,https://www.railyatri.in/bus-operators/avadhoot-travels,Not provided by RailYatri
Sai Travels Amravatis S Trevals,https://www.railyatri.in/bus-operators/sai-travels-amravatis-s-trevals,Not provided by RailYatri
Sharma Travel Solapur Tuljapur Non A C,https://www.railyatri.in/bus-operators/sharma-travel-solapur-tuljapur-non-a-c,Not provided by RailYatri
Sara Travels,https://www.railyatri.in/bus-operators/sara-travels,Not provided by RailYatri
Shree Durga Travels Borivali,https://www.railyatri.in/bus-operators/shree-durga-travels-borivali,Not provided by RailYatri
New Mahalaxmi Travels Mahakal,https://www.railyatri.in/bus-operators/new-mahalaxmi-travels-mahakal,Not provided by RailYatri
Raj Travels Surat Patel,https://www.railyatri.in/bus-operators/raj-travels-surat-patel,Not provided by RailYatri
Shreenath Travellers Iso,https://www.railyatri.in/bus-operators/shreenath-travellers-iso,Not provided by RailYatri
Anukool Travels,https://www.railyatri.in/bus-operators/anukool-travels,Not provided by RailYatri
Karan Travelsjmbs,https://www.railyatri.in/bus-operators/karan-travelsjmbs,Not provided by RailYatri
Navdeep Travels And Transportation Company,https://www.railyatri.in/bus-operators/navdeep-travels-and-transportation-company,Not provided by RailYatri
Sneha Electricals And Travels,https://www.railyatri.in/bus-operators/sneha-electricals-and-travels,Not provided by RailYatri
Suyambu Adhiparasakthi Travels,https://www.railyatri.in/bus-operators/suyambu-adhiparasakthi-travels,Not provided by RailYatri
Shreyas Red Star,https://www.railyatri.in/bus-operators/shreyas-red-star,Not provided by RailYatri
Sheetal Travelscity Link,https://www.railyatri.in/bus-operators/sheetal-travelscity-link,Not provided by RailYatri
Pappu Luxury,https://www.railyatri.in/bus-operators/pappu-luxury,Not provided by RailYatri
Hamsa Tours And Travels,https://www.railyatri.in/bus-operators/hamsa-tours-and-travels,Not provided by RailYatri
N T Sidhhanath,https://www.railyatri.in/bus-operators/n-t-sidhhanath,Not provided by RailYatri
Jay Bajarang Travelsnew Brand A C,https://www.railyatri.in/bus-operators/jay-bajarang-travelsnew-brand-a-c,Not provided by RailYatri
Alpha Tour And Travels,https://www.railyatri.in/bus-operators/alpha-tour-and-travels,Not provided by RailYatri
Chhabra Travels,https://www.railyatri.in/bus-operators/chhabra-travels,Not provided by RailYatri
Vijayant Travels X Sleeper Luxury Bus,https://www.railyatri.in/bus-operators/vijayant-travels-x-sleeper-luxury-bus,Not provided by RailYatri
Mb Travelskumar New Brand Kumar New Brand Kumar New Brand Kumar New Brand Kumar New Brand Kumar New Brand,https://www.railyatri.in/bus-operators/mb-travelskumar-new-brand-kumar-new-brand-kumar-new-brand-kumar-new-brand-kumar-new-brand-kumar-new-brand,Not provided by RailYatri
Dream Liner Travels,https://www.railyatri.in/bus-operators/dream-liner-travels,Not provided by RailYatri
Rajashahi Tours And Travels,https://www.railyatri.in/bus-operators/rajashahi-tours-and-travels,Not provided by RailYatri
Skycity Travels Bharat Benz,https://www.railyatri.in/bus-operators/skycity-travels-bharat-benz,Not provided by RailYatri
Vivekanand Tours And Travelsvivekanand,https://www.railyatri.in/bus-operators/vivekanand-tours-and-travelsvivekanand,Not provided by RailYatri
Diamond Tours And Travelsdiamond,https://www.railyatri.in/bus-operators/diamond-tours-and-travelsdiamond,Not provided by RailYatri
Kvt Narmadayellow,https://www.railyatri.in/bus-operators/kvt-narmadayellow,Not provided by RailYatri
Mahaveer Travels,https://www.railyatri.in/bus-operators/mahaveer-travels,Not provided by RailYatri
Mahalaxmi Travels Pareek,https://www.railyatri.in/bus-operators/mahalaxmi-travels-pareek,Not provided by RailYatri
Vidarbha Travelsnon Stop,https://www.railyatri.in/bus-operators/vidarbha-travelsnon-stop,Not provided by RailYatri
Amit Travels Jain Travels,https://www.railyatri.in/bus-operators/amit-travels-jain-travels,Not provided by RailYatri
Sharma Travel Semi Sleeper,https://www.railyatri.in/bus-operators/sharma-travel-semi-sleeper,Not provided by RailYatri
Manish Travels Non Stop,https://www.railyatri.in/bus-operators/manish-travels-non-stop,Not provided by RailYatri
Shreenath Travellers Iso Certified Mahasagar,https://www.railyatri.in/bus-operators/shreenath-travellers-iso-certified-mahasagar,Not provided by RailYatri
Swami Travels Pune Brand New Swami Ac,https://www.railyatri.in/bus-operators/swami-travels-pune-brand-new-swami-ac,Not provided by RailYatri
Ravindra Travels,https://www.railyatri.in/bus-operators/ravindra-travels,Not provided by RailYatri
Cape Town Travels,https://www.railyatri.in/bus-operators/cape-town-travels,Not provided by RailYatri
Texcity Services,https://www.railyatri.in/bus-operators/texcity-services,Not provided by RailYatri
Kkr Trans India,https://www.railyatri.in/bus-operators/kkr-trans-india,Not provided by RailYatri
Arasu Transports,https://www.railyatri.in/bus-operators/arasu-transports,Not provided by RailYatri
Mahalaxmi Travels Pareek Regular,https://www.railyatri.in/bus-operators/mahalaxmi-travels-pareek-regular,Not provided by RailYatri
N T Saini Palace On Wheels,https://www.railyatri.in/bus-operators/n-t-saini-palace-on-wheels,Not provided by RailYatri
Raghu Travels,https://www.railyatri.in/bus-operators/raghu-travels,Not provided by RailYatri
Balaji Dolphin,https://www.railyatri.in/bus-operators/balaji-dolphin,Not provided by RailYatri
Aski Ar Transport,https://www.railyatri.in/bus-operators/aski-ar-transport,Not provided by RailYatri
Shree Neelkanth Travels,https://www.railyatri.in/bus-operators/shree-neelkanth-travels,Not provided by RailYatri
M K Bus Service New Brand Sater Coach,https://www.railyatri.in/bus-operators/m-k-bus-service-new-brand-sater-coach,Not provided by RailYatri
Neelkanth Madhuram Travels,https://www.railyatri.in/bus-operators/neelkanth-madhuram-travels,Not provided by RailYatri
N T Meera,https://www.railyatri.in/bus-operators/n-t-meera,Not provided by RailYatri
Aashu Ruchi Tours And Travels,https://www.railyatri.in/bus-operators/aashu-ruchi-tours-and-travels,Not provided by RailYatri
Swati Travelsswati Travels,https://www.railyatri.in/bus-operators/swati-travelsswati-travels,Not provided by RailYatri
Apurba Travels,https://www.railyatri.in/bus-operators/apurba-travels,Not provided by RailYatri
Ajay Travelsajay,https://www.railyatri.in/bus-operators/ajay-travelsajay,Not provided by RailYatri
Bhopal Travels New Star,https://www.railyatri.in/bus-operators/bhopal-travels-new-star,Not provided by RailYatri
Gpt Mohan Travelsmercedes Benz Super Luxury High Deck A C Seater Bus,https://www.railyatri.in/bus-operators/gpt-mohan-travelsmercedes-benz-super-luxury-high-deck-a-c-seater-bus,Not provided by RailYatri
Kanker Roadways X Nac Seater Sleeper,https://www.railyatri.in/bus-operators/kanker-roadways-x-nac-seater-sleeper,Not provided by RailYatri
Sana Travelsshree Dwarkadhish,https://www.railyatri.in/bus-operators/sana-travelsshree-dwarkadhish,Not provided by RailYatri
New Himalaya Travels,https://www.railyatri.in/bus-operators/new-himalaya-travels,Not provided by RailYatri
Azeem Travels Puneazeem,https://www.railyatri.in/bus-operators/azeem-travels-puneazeem,Not provided by RailYatri
Ashok Travels Ajmer,https://www.railyatri.in/bus-operators/ashok-travels-ajmer,Not provided by RailYatri
Ashwamedha Roadlines,https://www.railyatri.in/bus-operators/ashwamedha-roadlines,Not provided by RailYatri
Himachal Journey,https://www.railyatri.in/bus-operators/himachal-journey,Not provided by RailYatri
Devkrupa Tours And Travels Devkrupa,https://www.railyatri.in/bus-operators/devkrupa-tours-and-travels-devkrupa,Not provided by RailYatri
Aboli Tours And Travels Citizen,https://www.railyatri.in/bus-operators/aboli-tours-and-travels-citizen,Not provided by RailYatri
Shree Nath Travelsdungarpur,https://www.railyatri.in/bus-operators/shree-nath-travelsdungarpur,Not provided by RailYatri
Babu Travelssleeper Class,https://www.railyatri.in/bus-operators/babu-travelssleeper-class,Not provided by RailYatri
Samai Travelsnew Brand,https://www.railyatri.in/bus-operators/samai-travelsnew-brand,Not provided by RailYatri
Shree Sai Travels Dhariwal Travels,https://www.railyatri.in/bus-operators/shree-sai-travels-dhariwal-travels,Not provided by RailYatri
Varun Travels Latur Varun Grey,https://www.railyatri.in/bus-operators/varun-travels-latur-varun-grey,Not provided by RailYatri
Sree Gajanana Motor Transport Co Ltd,https://www.railyatri.in/bus-operators/sree-gajanana-motor-transport-co-ltd,Not provided by RailYatri
Jai Ambe Travels,https://www.railyatri.in/bus-operators/jai-ambe-travels,Not provided by RailYatri
Shrinath Travel Agency Pvt Ltd Shrinaath Kalpna,https://www.railyatri.in/bus-operators/shrinath-travel-agency-pvt-ltd-shrinaath-kalpna,Not provided by RailYatri
A R Travels,https://www.railyatri.in/bus-operators/a-r-travels,Not provided by RailYatri
Swami Travel,https://www.railyatri.in/bus-operators/swami-travel,Not provided by RailYatri
Matoria Travels,https://www.railyatri.in/bus-operators/matoria-travels,Not provided by RailYatri
Online Go Sameer,https://www.railyatri.in/bus-operators/online-go-sameer,Not provided by RailYatri
Shree Paras Travels Ravi Travels,https://www.railyatri.in/bus-operators/shree-paras-travels-ravi-travels,Not provided by RailYatri
Savera Tours And Travels Gurumauli,https://www.railyatri.in/bus-operators/savera-tours-and-travels-gurumauli,Not provided by RailYatri
Sai Samrit Shreenath,https://www.railyatri.in/bus-operators/sai-samrit-shreenath,Not provided by RailYatri
Shri Ganeshnath Tours And Travels A Z Travel,https://www.railyatri.in/bus-operators/shri-ganeshnath-tours-and-travels-a-z-travel,Not provided by RailYatri
Mahendra Rajhans Travels,https://www.railyatri.in/bus-operators/mahendra-rajhans-travels,Not provided by RailYatri
Yohalakshmi Travel Agency,https://www.railyatri.in/bus-operators/yohalakshmi-travel-agency,Not provided by RailYatri
Gpt Mohan Travels,https://www.railyatri.in/bus-operators/gpt-mohan-travels,Not provided by RailYatri
N T Abhinav,https://www.railyatri.in/bus-operators/n-t-abhinav,Not provided by RailYatri
Govindam Services,https://www.railyatri.in/bus-operators/govindam-services,Not provided by RailYatri
Chintamani Travelsroyal Travels,https://www.railyatri.in/bus-operators/chintamani-travelsroyal-travels,Not provided by RailYatri
Jain Mahaveer Travels,https://www.railyatri.in/bus-operators/jain-mahaveer-travels,Not provided by RailYatri
Kalpana Travels Gwalior,https://www.railyatri.in/bus-operators/kalpana-travels-gwalior,Not provided by RailYatri
Sana Travelsshree Swarajya,https://www.railyatri.in/bus-operators/sana-travelsshree-swarajya,Not provided by RailYatri
Hari Om Travels Agency,https://www.railyatri.in/bus-operators/hari-om-travels-agency,Not provided by RailYatri
New Satnam Travels Siddhi Vinayak Travels,https://www.railyatri.in/bus-operators/new-satnam-travels-siddhi-vinayak-travels,Not provided by RailYatri
Sana Travels Olive,https://www.railyatri.in/bus-operators/sana-travels-olive,Not provided by RailYatri
Royal Chintamaniverma Travels,https://www.railyatri.in/bus-operators/royal-chintamaniverma-travels,Not provided by RailYatri
Jain Pareek Travels,https://www.railyatri.in/bus-operators/jain-pareek-travels,Not provided by RailYatri
Kingfisher Translines Borivali Special,https://www.railyatri.in/bus-operators/kingfisher-translines-borivali-special,Not provided by RailYatri
Shourya Travelstushar,https://www.railyatri.in/bus-operators/shourya-travelstushar,Not provided by RailYatri
Gurudatta Travels,https://www.railyatri.in/bus-operators/gurudatta-travels,Not provided by RailYatri
Maan Travels,https://www.railyatri.in/bus-operators/maan-travels,Not provided by RailYatri
Swamy Ayyappa Travels,https://www.railyatri.in/bus-operators/swamy-ayyappa-travels,Not provided by RailYatri
Ananda Travels,https://www.railyatri.in/bus-operators/ananda-travels,Not provided by RailYatri
Sana Travelsmaharaja Express,https://www.railyatri.in/bus-operators/sana-travelsmaharaja-express,Not provided by RailYatri
The Shree Sai Scania Travels,https://www.railyatri.in/bus-operators/the-shree-sai-scania-travels,Not provided by RailYatri
Pathibhara Parivahan,https://www.railyatri.in/bus-operators/pathibhara-parivahan,Not provided by RailYatri
Mahakali Travels,https://www.railyatri.in/bus-operators/mahakali-travels,Not provided by RailYatri
Navneet Travels,https://www.railyatri.in/bus-operators/navneet-travels,Not provided by RailYatri
Swarali Travels,https://www.railyatri.in/bus-operators/swarali-travels,Not provided by RailYatri
Khurana Express Servicesnon Stop,https://www.railyatri.in/bus-operators/khurana-express-servicesnon-stop,Not provided by RailYatri
Ram Travels,https://www.railyatri.in/bus-operators/ram-travels,Not provided by RailYatri
Rahul Travels Night Riders,https://www.railyatri.in/bus-operators/rahul-travels-night-riders,Not provided by RailYatri
Vishwakarma Tour And Travels,https://www.railyatri.in/bus-operators/vishwakarma-tour-and-travels,Not provided by RailYatri
Empire Travels,https://www.railyatri.in/bus-operators/empire-travels,Not provided by RailYatri
Lnt Travelssangam,https://www.railyatri.in/bus-operators/lnt-travelssangam,Not provided by RailYatri
Jaykumar Travels Madhuban,https://www.railyatri.in/bus-operators/jaykumar-travels-madhuban,Not provided by RailYatri
Lnt Travelsmadhuban,https://www.railyatri.in/bus-operators/lnt-travelsmadhuban,Not provided by RailYatri
Jain Travels Suratjain Ac,https://www.railyatri.in/bus-operators/jain-travels-suratjain-ac,Not provided by RailYatri
Rajmata Travelsdisha,https://www.railyatri.in/bus-operators/rajmata-travelsdisha,Not provided by RailYatri
Pavandeep Travels Swati Bus,https://www.railyatri.in/bus-operators/pavandeep-travels-swati-bus,Not provided by RailYatri
Wheels Tourist Transports,https://www.railyatri.in/bus-operators/wheels-tourist-transports,Not provided by RailYatri
Shree Ganesh,https://www.railyatri.in/bus-operators/shree-ganesh,Not provided by RailYatri
Soni Tours And Travels,https://www.railyatri.in/bus-operators/soni-tours-and-travels,Not provided by RailYatri
Ishaa Tours And Travels,https://www.railyatri.in/bus-operators/ishaa-tours-and-travels,Not provided by RailYatri
Bihar State Tourism Development Corporation,https://www.railyatri.in/bus-operators/bihar-state-tourism-development-corporation,Not provided by RailYatri
Shri Swaminarayan Travels Via Jamner,https://www.railyatri.in/bus-operators/shri-swaminarayan-travels-via-jamner,Not provided by RailYatri
Mahadev Travels Agency Non Stop,https://www.railyatri.in/bus-operators/mahadev-travels-agency-non-stop,Not provided by RailYatri
Noor Travels Tayal Non Stop,https://www.railyatri.in/bus-operators/noor-travels-tayal-non-stop,Not provided by RailYatri
Rks Travels,https://www.railyatri.in/bus-operators/rks-travels,Not provided by RailYatri
Saraswati Roadlines,https://www.railyatri.in/bus-operators/saraswati-roadlines,Not provided by RailYatri
Shri Vidhata Travels,https://www.railyatri.in/bus-operators/shri-vidhata-travels,Not provided by RailYatri
Banke Bihari,https://www.railyatri.in/bus-operators/banke-bihari,Not provided by RailYatri
Sai Rucha Tours And Travels,https://www.railyatri.in/bus-operators/sai-rucha-tours-and-travels,Not provided by RailYatri
Rahulraj Laxman,https://www.railyatri.in/bus-operators/rahulraj-laxman,Not provided by RailYatri
Rpm Travels,https://www.railyatri.in/bus-operators/rpm-travels,Not provided by RailYatri
Sindh Travels Hans Travels Brand New,https://www.railyatri.in/bus-operators/sindh-travels-hans-travels-brand-new,Not provided by RailYatri
Narmada Pink,https://www.railyatri.in/bus-operators/narmada-pink,Not provided by RailYatri
Shrinath Travel Agency Pvt Ltd Non Stop,https://www.railyatri.in/bus-operators/shrinath-travel-agency-pvt-ltd-non-stop,Not provided by RailYatri
Ram Travels Vineet Travel,https://www.railyatri.in/bus-operators/ram-travels-vineet-travel,Not provided by RailYatri
Konkan Travels National,https://www.railyatri.in/bus-operators/konkan-travels-national,Not provided by RailYatri
Kanchi King,https://www.railyatri.in/bus-operators/kanchi-king,Not provided by RailYatri
Malkan Travels Unity,https://www.railyatri.in/bus-operators/malkan-travels-unity,Not provided by RailYatri
Rishabh Travels Udaipur Crossing,https://www.railyatri.in/bus-operators/rishabh-travels-udaipur-crossing,Not provided by RailYatri
Sai Travels Amravati Sai,https://www.railyatri.in/bus-operators/sai-travels-amravati-sai,Not provided by RailYatri
Ravi Multani Sona,https://www.railyatri.in/bus-operators/ravi-multani-sona,Not provided by RailYatri
N T Ram Leela Travels,https://www.railyatri.in/bus-operators/n-t-ram-leela-travels,Not provided by RailYatri
Amaal S Travels Amul Taj Exp,https://www.railyatri.in/bus-operators/amaal-s-travels-amul-taj-exp,Not provided by RailYatri
Shivbabashivbaba,https://www.railyatri.in/bus-operators/shivbabashivbaba,Not provided by RailYatri
Nbs Travels Kumbakonam,https://www.railyatri.in/bus-operators/nbs-travels-kumbakonam,Not provided by RailYatri
Radhey Travels,https://www.railyatri.in/bus-operators/radhey-travels,Not provided by RailYatri
Shree Vijayant Travels Anita Maya,https://www.railyatri.in/bus-operators/shree-vijayant-travels-anita-maya,Not provided by RailYatri
Narmadapurple,https://www.railyatri.in/bus-operators/narmadapurple,Not provided by RailYatri
Svt Travels,https://www.railyatri.in/bus-operators/svt-travels,Not provided by RailYatri
Rolsun Travels,https://www.railyatri.in/bus-operators/rolsun-travels,Not provided by RailYatri
Sri Mathi Travels,https://www.railyatri.in/bus-operators/sri-mathi-travels,Not provided by RailYatri
Jijau Travels,https://www.railyatri.in/bus-operators/jijau-travels,Not provided by RailYatri
New Uncleshree Dwarkadhish Bus,https://www.railyatri.in/bus-operators/new-uncleshree-dwarkadhish-bus,Not provided by RailYatri
Vijay Travels,https://www.railyatri.in/bus-operators/vijay-travels,Not provided by RailYatri
Patil Travels,https://www.railyatri.in/bus-operators/patil-travels,Not provided by RailYatri
Osm Travels,https://www.railyatri.in/bus-operators/osm-travels,Not provided by RailYatri
Rahul Travels Shree Murudeshwar,https://www.railyatri.in/bus-operators/rahul-travels-shree-murudeshwar,Not provided by RailYatri
Kanker Roadways Pvt Ltd Volvo B R I Shift Multi Axle,https://www.railyatri.in/bus-operators/kanker-roadways-pvt-ltd-volvo-b-r-i-shift-multi-axle,Not provided by RailYatri
Kabra Express Logistics Pvt Ltd New Brand,https://www.railyatri.in/bus-operators/kabra-express-logistics-pvt-ltd-new-brand,Not provided by RailYatri
M K Bus Service Brand New Brand Shutter Coach With Charger Point,https://www.railyatri.in/bus-operators/m-k-bus-service-brand-new-brand-shutter-coach-with-charger-point,Not provided by RailYatri
Bhopal Travels Babu Travels,https://www.railyatri.in/bus-operators/bhopal-travels-babu-travels,Not provided by RailYatri
S S,https://www.railyatri.in/bus-operators/s-s,Not provided by RailYatri
Neevee Travels,https://www.railyatri.in/bus-operators/neevee-travels,Not provided by RailYatri
Om Shrinath Tours And Travels,https://www.railyatri.in/bus-operators/om-shrinath-tours-and-travels,Not provided by RailYatri
Prasanna Travels Purple,https://www.railyatri.in/bus-operators/prasanna-travels-purple,Not provided by RailYatri
Patel Eagle Travels New Brand Coach,https://www.railyatri.in/bus-operators/patel-eagle-travels-new-brand-coach,Not provided by RailYatri
Wadhwa Tours And Travels,https://www.railyatri.in/bus-operators/wadhwa-tours-and-travels,Not provided by RailYatri
Sri Vee Gee Travels,https://www.railyatri.in/bus-operators/sri-vee-gee-travels,Not provided by RailYatri
Sarjai Travels,https://www.railyatri.in/bus-operators/sarjai-travels,Not provided by RailYatri
Shree Handa Travels,https://www.railyatri.in/bus-operators/shree-handa-travels,Not provided by RailYatri
Kvt Narmada Blue,https://www.railyatri.in/bus-operators/kvt-narmada-blue,Not provided by RailYatri
Shri Ganraj Travels Shree Panduranga,https://www.railyatri.in/bus-operators/shri-ganraj-travels-shree-panduranga,Not provided by RailYatri
Shree Gajanan Travelsgajanan,https://www.railyatri.in/bus-operators/shree-gajanan-travelsgajanan,Not provided by RailYatri
Tmr Travels,https://www.railyatri.in/bus-operators/tmr-travels,Not provided by RailYatri
Sana Travels Audumbar Chaya,https://www.railyatri.in/bus-operators/sana-travels-audumbar-chaya,Not provided by RailYatri
Punjab Travelsbrand New Sleeper Coch,https://www.railyatri.in/bus-operators/punjab-travelsbrand-new-sleeper-coch,Not provided by RailYatri
Sri Manjunatha Travels,https://www.railyatri.in/bus-operators/sri-manjunatha-travels,Not provided by RailYatri
Shanthi Travels,https://www.railyatri.in/bus-operators/shanthi-travels,Not provided by RailYatri
Sai Travels Amravati,https://www.railyatri.in/bus-operators/sai-travels-amravati,Not provided by RailYatri
Bhagyalaxmi Travelsshine,https://www.railyatri.in/bus-operators/bhagyalaxmi-travelsshine,Not provided by RailYatri
Tranzasia Logistics,https://www.railyatri.in/bus-operators/tranzasia-logistics,Not provided by RailYatri
New Pooja Travelsnew Mahakali,https://www.railyatri.in/bus-operators/new-pooja-travelsnew-mahakali,Not provided by RailYatri
Sri Avs Travels,https://www.railyatri.in/bus-operators/sri-avs-travels,Not provided by RailYatri
N T Kartik,https://www.railyatri.in/bus-operators/n-t-kartik,Not provided by RailYatri
Sairath Maharana Travels Sai Rath Nilgiri,https://www.railyatri.in/bus-operators/sairath-maharana-travels-sai-rath-nilgiri,Not provided by RailYatri
Shri Visakan Travels,https://www.railyatri.in/bus-operators/shri-visakan-travels,Not provided by RailYatri
Ravi Krishna Travels,https://www.railyatri.in/bus-operators/ravi-krishna-travels,Not provided by RailYatri
Five Star Travels,https://www.railyatri.in/bus-operators/five-star-travels,Not provided by RailYatri
Aayush Travels Aayush,https://www.railyatri.in/bus-operators/aayush-travels-aayush,Not provided by RailYatri
Ttp Tours And Travels,https://www.railyatri.in/bus-operators/ttp-tours-and-travels,Not provided by RailYatri
New Heena Travels Beed,https://www.railyatri.in/bus-operators/new-heena-travels-beed,Not provided by RailYatri
Bhawani Travels With Heater,https://www.railyatri.in/bus-operators/bhawani-travels-with-heater,Not provided by RailYatri
Krishna Travels Chandigarh,https://www.railyatri.in/bus-operators/krishna-travels-chandigarh,Not provided by RailYatri
Sri Sairam Tours Travels,https://www.railyatri.in/bus-operators/sri-sairam-tours-travels,Not provided by RailYatri
S R E Travels,https://www.railyatri.in/bus-operators/s-r-e-travels,Not provided by RailYatri
Four Hans Travels,https://www.railyatri.in/bus-operators/four-hans-travels,Not provided by RailYatri
Shree Gajanan Travels Shree Ganesh,https://www.railyatri.in/bus-operators/shree-gajanan-travels-shree-ganesh,Not provided by RailYatri
Sethi Yatra Companywash Room Coach,https://www.railyatri.in/bus-operators/sethi-yatra-companywash-room-coach,Not provided by RailYatri
Shree Shyam Travels Jaipur,https://www.railyatri.in/bus-operators/shree-shyam-travels-jaipur,Not provided by RailYatri
Dharmendra Travels Gwalior,https://www.railyatri.in/bus-operators/dharmendra-travels-gwalior,Not provided by RailYatri
Shri Hare Rama Travels,https://www.railyatri.in/bus-operators/shri-hare-rama-travels,Not provided by RailYatri
Aggarwal Tour And Travels,https://www.railyatri.in/bus-operators/aggarwal-tour-and-travels,Not provided by RailYatri
Manish Travels Kdv,https://www.railyatri.in/bus-operators/manish-travels-kdv,Not provided by RailYatri
Sree Kkr Tours And Travels,https://www.railyatri.in/bus-operators/sree-kkr-tours-and-travels,Not provided by RailYatri
Samy Travels Renukaai,https://www.railyatri.in/bus-operators/samy-travels-renukaai,Not provided by RailYatri
Nilkamal Travels,https://www.railyatri.in/bus-operators/nilkamal-travels,Not provided by RailYatri
Shri Vishwa Tours And Travels,https://www.railyatri.in/bus-operators/shri-vishwa-tours-and-travels,Not provided by RailYatri
Kbs Travels,https://www.railyatri.in/bus-operators/kbs-travels,Not provided by RailYatri
Shri Ashirvad Tours And Travels,https://www.railyatri.in/bus-operators/shri-ashirvad-tours-and-travels,Not provided by RailYatri
Parshwanath Travel Pvt Ltd,https://www.railyatri.in/bus-operators/parshwanath-travel-pvt-ltd,Not provided by RailYatri
Ashwamegh Travels Agency,https://www.railyatri.in/bus-operators/ashwamegh-travels-agency,Not provided by RailYatri
Patel Eagle Travelsudaipur Crossing,https://www.railyatri.in/bus-operators/patel-eagle-travelsudaipur-crossing,Not provided by RailYatri
Kothari Travelssuper Fast Non Stop,https://www.railyatri.in/bus-operators/kothari-travelssuper-fast-non-stop,Not provided by RailYatri
Vayun Neeta Tours And Travels,https://www.railyatri.in/bus-operators/vayun-neeta-tours-and-travels,Not provided by RailYatri
Gdr Tours And Travels,https://www.railyatri.in/bus-operators/gdr-tours-and-travels,Not provided by RailYatri
Aditya Travelsgiriraj Shree,https://www.railyatri.in/bus-operators/aditya-travelsgiriraj-shree,Not provided by RailYatri
Bhakti Travels Bhakti Intercity,https://www.railyatri.in/bus-operators/bhakti-travels-bhakti-intercity,Not provided by RailYatri
Shri Balaji Travels Harsh,https://www.railyatri.in/bus-operators/shri-balaji-travels-harsh,Not provided by RailYatri
N T Navlai,https://www.railyatri.in/bus-operators/n-t-navlai,Not provided by RailYatri
Shri Balaji Travels Shri Balaji,https://www.railyatri.in/bus-operators/shri-balaji-travels-shri-balaji,Not provided by RailYatri
Gpt Mohan Travelsvia,https://www.railyatri.in/bus-operators/gpt-mohan-travelsvia,Not provided by RailYatri
Suraj Travels,https://www.railyatri.in/bus-operators/suraj-travels,Not provided by RailYatri
Sifat Tours And Travels,https://www.railyatri.in/bus-operators/sifat-tours-and-travels,Not provided by RailYatri
Jaidurga Travels Balaji,https://www.railyatri.in/bus-operators/jaidurga-travels-balaji,Not provided by RailYatri
Vidarbha Travelsvia Pusad Washim,https://www.railyatri.in/bus-operators/vidarbha-travelsvia-pusad-washim,Not provided by RailYatri
Rudraksha Travels Punenew Rudraksh,https://www.railyatri.in/bus-operators/rudraksha-travels-punenew-rudraksh,Not provided by RailYatri
Deluxe Bus Service,https://www.railyatri.in/bus-operators/deluxe-bus-service,Not provided by RailYatri
Durga Travel Lines,https://www.railyatri.in/bus-operators/durga-travel-lines,Not provided by RailYatri
Legend Bus Services,https://www.railyatri.in/bus-operators/legend-bus-services,Not provided by RailYatri
Gauri Tours And Travels,https://www.railyatri.in/bus-operators/gauri-tours-and-travels,Not provided by RailYatri
Gupta Travels,https://www.railyatri.in/bus-operators/gupta-travels,Not provided by RailYatri
Bundela Travels,https://www.railyatri.in/bus-operators/bundela-travels,Not provided by RailYatri
Bhadouriya Bus Service,https://www.railyatri.in/bus-operators/bhadouriya-bus-service,Not provided by RailYatri
Hina Tour And Travels,https://www.railyatri.in/bus-operators/hina-tour-and-travels,Not provided by RailYatri
Diamond Travels Brand New Air Suspension,https://www.railyatri.in/bus-operators/diamond-travels-brand-new-air-suspension,Not provided by RailYatri
Khushal Travels Khushal Citizen New Brand,https://www.railyatri.in/bus-operators/khushal-travels-khushal-citizen-new-brand,Not provided by RailYatri
Holidays Travels,https://www.railyatri.in/bus-operators/holidays-travels,Not provided by RailYatri
Girnar Travels,https://www.railyatri.in/bus-operators/girnar-travels,Not provided by RailYatri
Rishi India Travels,https://www.railyatri.in/bus-operators/rishi-india-travels,Not provided by RailYatri
Sylvan Dee Transport,https://www.railyatri.in/bus-operators/sylvan-dee-transport,Not provided by RailYatri
Ram Travelsshri Ganesh Bus,https://www.railyatri.in/bus-operators/ram-travelsshri-ganesh-bus,Not provided by RailYatri
Ufo Bus,https://www.railyatri.in/bus-operators/ufo-bus,Not provided by RailYatri
New Udaygiri Travelsdattakrupa,https://www.railyatri.in/bus-operators/new-udaygiri-travelsdattakrupa,Not provided by RailYatri
Abha Travels,https://www.railyatri.in/bus-operators/abha-travels,Not provided by RailYatri
Lnt Travels Swara,https://www.railyatri.in/bus-operators/lnt-travels-swara,Not provided by RailYatri
Canara Travels,https://www.railyatri.in/bus-operators/canara-travels,Not provided by RailYatri
Sri Renganathan Travels,https://www.railyatri.in/bus-operators/sri-renganathan-travels,Not provided by RailYatri
Kunal,https://www.railyatri.in/bus-operators/kunal,Not provided by RailYatri
Mahalaxmi Tours And Travels,https://www.railyatri.in/bus-operators/mahalaxmi-tours-and-travels,Not provided by RailYatri
Shree New Bishnoi Bus Services,https://www.railyatri.in/bus-operators/shree-new-bishnoi-bus-services,Not provided by RailYatri
Paulo Travels Nagpur,https://www.railyatri.in/bus-operators/paulo-travels-nagpur,Not provided by RailYatri
Jay Santaji Tours And Travels,https://www.railyatri.in/bus-operators/jay-santaji-tours-and-travels,Not provided by RailYatri
J V Travels,https://www.railyatri.in/bus-operators/j-v-travels,Not provided by RailYatri
Amaal Travels Galaxy,https://www.railyatri.in/bus-operators/amaal-travels-galaxy,Not provided by RailYatri
District Transport Service Betul,https://www.railyatri.in/bus-operators/district-transport-service-betul,Not provided by RailYatri
Uncle Travelsuncle Travels Guru Ganesh,https://www.railyatri.in/bus-operators/uncle-travelsuncle-travels-guru-ganesh,Not provided by RailYatri
Ajay,https://www.railyatri.in/bus-operators/ajay,Not provided by RailYatri
Kanker Roadways Pvt Ltd X Nac Sleeper X Nac Sleeper,https://www.railyatri.in/bus-operators/kanker-roadways-pvt-ltd-x-nac-sleeper-x-nac-sleeper,Not provided by RailYatri
Heena Travels,https://www.railyatri.in/bus-operators/heena-travels,Not provided by RailYatri
Swami Travels Punebrand New,https://www.railyatri.in/bus-operators/swami-travels-punebrand-new,Not provided by RailYatri
Vaigai No Air Travels,https://www.railyatri.in/bus-operators/vaigai-no-air-travels,Not provided by RailYatri
Samy Travelsyogiraj,https://www.railyatri.in/bus-operators/samy-travelsyogiraj,Not provided by RailYatri
Sr Travels And Transport,https://www.railyatri.in/bus-operators/sr-travels-and-transport,Not provided by RailYatri
Shree Sai Travels Shirpur,https://www.railyatri.in/bus-operators/shree-sai-travels-shirpur,Not provided by RailYatri
Deepam Travels,https://www.railyatri.in/bus-operators/deepam-travels,Not provided by RailYatri
Shreenath Travellers Co Iso,https://www.railyatri.in/bus-operators/shreenath-travellers-co-iso,Not provided by RailYatri
Maharashtra Travels Raunak,https://www.railyatri.in/bus-operators/maharashtra-travels-raunak,Not provided by RailYatri
Sri Manisha Travels And Transports,https://www.railyatri.in/bus-operators/sri-manisha-travels-and-transports,Not provided by RailYatri
Devkrupa Tours And Travels,https://www.railyatri.in/bus-operators/devkrupa-tours-and-travels,Not provided by RailYatri
Bansidhar Travels,https://www.railyatri.in/bus-operators/bansidhar-travels,Not provided by RailYatri
Tantia Travels And Cargo Led With Toilet,https://www.railyatri.in/bus-operators/tantia-travels-and-cargo-led-with-toilet,Not provided by RailYatri
Baldev Travels Brand New Coach,https://www.railyatri.in/bus-operators/baldev-travels-brand-new-coach,Not provided by RailYatri
N T Shree Durga,https://www.railyatri.in/bus-operators/n-t-shree-durga,Not provided by RailYatri
Khurana Express Services Bharat Benz,https://www.railyatri.in/bus-operators/khurana-express-services-bharat-benz,Not provided by RailYatri
Brahmaputra,https://www.railyatri.in/bus-operators/brahmaputra,Not provided by RailYatri
Riyalink Travels,https://www.railyatri.in/bus-operators/riyalink-travels,Not provided by RailYatri
Shrinath Travel Agency Pvt Ltd Luxury Coach,https://www.railyatri.in/bus-operators/shrinath-travel-agency-pvt-ltd-luxury-coach,Not provided by RailYatri
N S Travels J V,https://www.railyatri.in/bus-operators/n-s-travels-j-v,Not provided by RailYatri
Arivazhagi Travels,https://www.railyatri.in/bus-operators/arivazhagi-travels,Not provided by RailYatri
Shree Ashapura Express,https://www.railyatri.in/bus-operators/shree-ashapura-express,Not provided by RailYatri
Kgn Travelskgn Tr King,https://www.railyatri.in/bus-operators/kgn-travelskgn-tr-king,Not provided by RailYatri
Yukta Enterprises,https://www.railyatri.in/bus-operators/yukta-enterprises,Not provided by RailYatri
Msh Travels,https://www.railyatri.in/bus-operators/msh-travels,Not provided by RailYatri
Kmrl Kalaimakal,https://www.railyatri.in/bus-operators/kmrl-kalaimakal,Not provided by RailYatri
Mukesh Travels,https://www.railyatri.in/bus-operators/mukesh-travels,Not provided by RailYatri
Radhika Travels Latur Radhika New Brand,https://www.railyatri.in/bus-operators/radhika-travels-latur-radhika-new-brand,Not provided by RailYatri
Shri Sst Travels,https://www.railyatri.in/bus-operators/shri-sst-travels,Not provided by RailYatri
National City Travels,https://www.railyatri.in/bus-operators/national-city-travels,Not provided by RailYatri
Rahul Travels Ambika,https://www.railyatri.in/bus-operators/rahul-travels-ambika,Not provided by RailYatri
L D Motors,https://www.railyatri.in/bus-operators/l-d-motors,Not provided by RailYatri
Ruby Tours And Travels,https://www.railyatri.in/bus-operators/ruby-tours-and-travels,Not provided by RailYatri
Prasanna Purple Platinum,https://www.railyatri.in/bus-operators/prasanna-purple-platinum,Not provided by RailYatri
New Tmr Travels,https://www.railyatri.in/bus-operators/new-tmr-travels,Not provided by RailYatri
Rkn Transqueen,https://www.railyatri.in/bus-operators/rkn-transqueen,Not provided by RailYatri
Bhadradri Tourism,https://www.railyatri.in/bus-operators/bhadradri-tourism,Not provided by RailYatri
Chintamani Travels,https://www.railyatri.in/bus-operators/chintamani-travels,Not provided by RailYatri
Bhopal Travelsnon Stop Bus,https://www.railyatri.in/bus-operators/bhopal-travelsnon-stop-bus,Not provided by RailYatri
Shree Laxmi Travels Om Sai Ram,https://www.railyatri.in/bus-operators/shree-laxmi-travels-om-sai-ram,Not provided by RailYatri
Sanadi Tourism,https://www.railyatri.in/bus-operators/sanadi-tourism,Not provided by RailYatri
Travel Inn,https://www.railyatri.in/bus-operators/travel-inn,Not provided by RailYatri
Shree Prathamesh Travels,https://www.railyatri.in/bus-operators/shree-prathamesh-travels,Not provided by RailYatri
R Ankush Travels R Ankush,https://www.railyatri.in/bus-operators/r-ankush-travels-r-ankush,Not provided by RailYatri
Royalstar Rts Royal Tourist Sangeetam,https://www.railyatri.in/bus-operators/royalstar-rts-royal-tourist-sangeetam,Not provided by RailYatri
Deepak Transport Company,https://www.railyatri.in/bus-operators/deepak-transport-company,Not provided by RailYatri
Chandra And Bhawani Travels,https://www.railyatri.in/bus-operators/chandra-and-bhawani-travels,Not provided by RailYatri
Shree Durga Tours Travels,https://www.railyatri.in/bus-operators/shree-durga-tours-travels,Not provided by RailYatri
Vishal Tourist,https://www.railyatri.in/bus-operators/vishal-tourist,Not provided by RailYatri
Valan Tours Travels,https://www.railyatri.in/bus-operators/valan-tours-travels,Not provided by RailYatri
Gangesh Tours And Travels,https://www.railyatri.in/bus-operators/gangesh-tours-and-travels,Not provided by RailYatri
Thunaivan Travels,https://www.railyatri.in/bus-operators/thunaivan-travels,Not provided by RailYatri
New Prathamesh Jay Swaminarayan,https://www.railyatri.in/bus-operators/new-prathamesh-jay-swaminarayan,Not provided by RailYatri
Bsrm Travels,https://www.railyatri.in/bus-operators/bsrm-travels,Not provided by RailYatri
Kanker Roadways Pvt Ltd X Ac Sleeper X Ac Sleeper,https://www.railyatri.in/bus-operators/kanker-roadways-pvt-ltd-x-ac-sleeper-x-ac-sleeper,Not provided by RailYatri
Orange Tours Nizamabad,https://www.railyatri.in/bus-operators/orange-tours-nizamabad,Not provided by RailYatri
Sairam Travels Pune Vaishnavi New Brand,https://www.railyatri.in/bus-operators/sairam-travels-pune-vaishnavi-new-brand,Not provided by RailYatri
Shree Gajanan Travelsswarali,https://www.railyatri.in/bus-operators/shree-gajanan-travelsswarali,Not provided by RailYatri
Sampark,https://www.railyatri.in/bus-operators/sampark,Not provided by RailYatri
N T Bhavna Travels,https://www.railyatri.in/bus-operators/n-t-bhavna-travels,Not provided by RailYatri
Sana Travelsindumati,https://www.railyatri.in/bus-operators/sana-travelsindumati,Not provided by RailYatri
Pushkraaj Pentabus Travels And Logistics,https://www.railyatri.in/bus-operators/pushkraaj-pentabus-travels-and-logistics,Not provided by RailYatri
Bhagyalaxmi Travels Galaxy,https://www.railyatri.in/bus-operators/bhagyalaxmi-travels-galaxy,Not provided by RailYatri
City Express Travels,https://www.railyatri.in/bus-operators/city-express-travels,Not provided by RailYatri
Chintamani,https://www.railyatri.in/bus-operators/chintamani,Not provided by RailYatri
Vishnu Travels P V R,https://www.railyatri.in/bus-operators/vishnu-travels-p-v-r,Not provided by RailYatri
Ram Travelsvineet Bus,https://www.railyatri.in/bus-operators/ram-travelsvineet-bus,Not provided by RailYatri
Bhagyalaxmi Travelsjalgaon Jamner Pune,https://www.railyatri.in/bus-operators/bhagyalaxmi-travelsjalgaon-jamner-pune,Not provided by RailYatri
M B Link Sahara,https://www.railyatri.in/bus-operators/m-b-link-sahara,Not provided by RailYatri
Sharma Travel,https://www.railyatri.in/bus-operators/sharma-travel,Not provided by RailYatri
Amaal Travelsexpress,https://www.railyatri.in/bus-operators/amaal-travelsexpress,Not provided by RailYatri
Rahul Travels Goldan,https://www.railyatri.in/bus-operators/rahul-travels-goldan,Not provided by RailYatri
Psk Travels,https://www.railyatri.in/bus-operators/psk-travels,Not provided by RailYatri
Shrinath Travel Agency Pvt Ltd Shrinath,https://www.railyatri.in/bus-operators/shrinath-travel-agency-pvt-ltd-shrinath,Not provided by RailYatri
Sagar Travels,https://www.railyatri.in/bus-operators/sagar-travels,Not provided by RailYatri
Payal Travels Payal Travels,https://www.railyatri.in/bus-operators/payal-travels-payal-travels,Not provided by RailYatri
Amaal S Travels Amaal Taj,https://www.railyatri.in/bus-operators/amaal-s-travels-amaal-taj,Not provided by RailYatri
Mahendra Rajhans Travelss Virani,https://www.railyatri.in/bus-operators/mahendra-rajhans-travelss-virani,Not provided by RailYatri
N T Jugnu Travels,https://www.railyatri.in/bus-operators/n-t-jugnu-travels,Not provided by RailYatri
Dildar Shridi Sai,https://www.railyatri.in/bus-operators/dildar-shridi-sai,Not provided by RailYatri
Maharashtra Travels Drc,https://www.railyatri.in/bus-operators/maharashtra-travels-drc,Not provided by RailYatri
Navalai Travels,https://www.railyatri.in/bus-operators/navalai-travels,Not provided by RailYatri
N T Siddhanath Travels,https://www.railyatri.in/bus-operators/n-t-siddhanath-travels,Not provided by RailYatri
Radhakrishna Travelssri Sairath,https://www.railyatri.in/bus-operators/radhakrishna-travelssri-sairath,Not provided by RailYatri
Sri Jai Bharath Travels,https://www.railyatri.in/bus-operators/sri-jai-bharath-travels,Not provided by RailYatri
Jerusalem Travels,https://www.railyatri.in/bus-operators/jerusalem-travels,Not provided by RailYatri
Manasvi Travels,https://www.railyatri.in/bus-operators/manasvi-travels,Not provided by RailYatri
N T Ashoka,https://www.railyatri.in/bus-operators/n-t-ashoka,Not provided by RailYatri
N T M B Link Travels,https://www.railyatri.in/bus-operators/n-t-m-b-link-travels,Not provided by RailYatri
Murahara Travels,https://www.railyatri.in/bus-operators/murahara-travels,Not provided by RailYatri
Saini Travels Pvt Ltd Non Stop Simba Cruizer,https://www.railyatri.in/bus-operators/saini-travels-pvt-ltd-non-stop-simba-cruizer,Not provided by RailYatri
Nmpk Travels,https://www.railyatri.in/bus-operators/nmpk-travels,Not provided by RailYatri
Gvd Travels,https://www.railyatri.in/bus-operators/gvd-travels,Not provided by RailYatri
Sds Transport,https://www.railyatri.in/bus-operators/sds-transport,Not provided by RailYatri
Arya Travels,https://www.railyatri.in/bus-operators/arya-travels,Not provided by RailYatri
Yadunandan Travels,https://www.railyatri.in/bus-operators/yadunandan-travels,Not provided by RailYatri
Maharashtra Travels Maa Durga,https://www.railyatri.in/bus-operators/maharashtra-travels-maa-durga,Not provided by RailYatri
Swarna Bhumi Express,https://www.railyatri.in/bus-operators/swarna-bhumi-express,Not provided by RailYatri
Pink Travels,https://www.railyatri.in/bus-operators/pink-travels,Not provided by RailYatri
Maharashtra Travels National,https://www.railyatri.in/bus-operators/maharashtra-travels-national,Not provided by RailYatri
Maharashtra Travels Hundekari,https://www.railyatri.in/bus-operators/maharashtra-travels-hundekari,Not provided by RailYatri
Kvt Narmadagold,https://www.railyatri.in/bus-operators/kvt-narmadagold,Not provided by RailYatri
Bhagyalaxmi Travels Butterfly,https://www.railyatri.in/bus-operators/bhagyalaxmi-travels-butterfly,Not provided by RailYatri
Manmandirrajhans,https://www.railyatri.in/bus-operators/manmandirrajhans,Not provided by RailYatri
Kanker Roadways Pvt Ltd Kingsize X Ac Seat Sleeper,https://www.railyatri.in/bus-operators/kanker-roadways-pvt-ltd-kingsize-x-ac-seat-sleeper,Not provided by RailYatri
Kvt Narmadagreen,https://www.railyatri.in/bus-operators/kvt-narmadagreen,Not provided by RailYatri
Rachna Travels Rachna Nac Sl,https://www.railyatri.in/bus-operators/rachna-travels-rachna-nac-sl,Not provided by RailYatri
Nayan Travels Anurag,https://www.railyatri.in/bus-operators/nayan-travels-anurag,Not provided by RailYatri
Nyarrath Motor Service,https://www.railyatri.in/bus-operators/nyarrath-motor-service,Not provided by RailYatri
Shreenathji Darshan Travels Rajwadi,https://www.railyatri.in/bus-operators/shreenathji-darshan-travels-rajwadi,Not provided by RailYatri
Jayashree Travels,https://www.railyatri.in/bus-operators/jayashree-travels,Not provided by RailYatri
Jay Bhavani Travels Vashi,https://www.railyatri.in/bus-operators/jay-bhavani-travels-vashi,Not provided by RailYatri
Rajmudra Tours And Travels Malegaonn S Travels,https://www.railyatri.in/bus-operators/rajmudra-tours-and-travels-malegaonn-s-travels,Not provided by RailYatri
Om Sri Tours And Travels,https://www.railyatri.in/bus-operators/om-sri-tours-and-travels,Not provided by RailYatri
Lakhanlal Roadways,https://www.railyatri.in/bus-operators/lakhanlal-roadways,Not provided by RailYatri
Pegwar Indore,https://www.railyatri.in/bus-operators/pegwar-indore,Not provided by RailYatri
Jai Majisa Travels,https://www.railyatri.in/bus-operators/jai-majisa-travels,Not provided by RailYatri
Kanker Roadways Pvt Ltd X Nac Sleeper,https://www.railyatri.in/bus-operators/kanker-roadways-pvt-ltd-x-nac-sleeper,Not provided by RailYatri
Chandralok Travels,https://www.railyatri.in/bus-operators/chandralok-travels,Not provided by RailYatri
Diana Travels,https://www.railyatri.in/bus-operators/diana-travels,Not provided by RailYatri
Shreenath Travellers Iso Certifiedjain Travels,https://www.railyatri.in/bus-operators/shreenath-travellers-iso-certifiedjain-travels,Not provided by RailYatri
Sethi Yatra Company Washroom,https://www.railyatri.in/bus-operators/sethi-yatra-company-washroom,Not provided by RailYatri
Purple Electric,https://www.railyatri.in/bus-operators/purple-electric,Not provided by RailYatri
Sri Karpaga Vinayaga Travels,https://www.railyatri.in/bus-operators/sri-karpaga-vinayaga-travels,Not provided by RailYatri
Nilamadhaba Travels,https://www.railyatri.in/bus-operators/nilamadhaba-travels,Not provided by RailYatri
Indus Bus,https://www.railyatri.in/bus-operators/indus-bus,Not provided by RailYatri
Maharani Transport,https://www.railyatri.in/bus-operators/maharani-transport,Not provided by RailYatri
Bharath Tour Travels,https://www.railyatri.in/bus-operators/bharath-tour-travels,Not provided by RailYatri
Ajay Raj Travels Agency Airsuspesion,https://www.railyatri.in/bus-operators/ajay-raj-travels-agency-airsuspesion,Not provided by RailYatri
S Buss,https://www.railyatri.in/bus-operators/s-buss,Not provided by RailYatri
Rahi Travells,https://www.railyatri.in/bus-operators/rahi-travells,Not provided by RailYatri
Lnt,https://www.railyatri.in/bus-operators/lnt,Not provided by RailYatri
Kanker Roadways Pvt Ltd X Bharat Benz Ac Seater Sleeper,https://www.railyatri.in/bus-operators/kanker-roadways-pvt-ltd-x-bharat-benz-ac-seater-sleeper,Not provided by RailYatri
Tayal Travels,https://www.railyatri.in/bus-operators/tayal-travels,Not provided by RailYatri
Blue Hill Travels,https://www.railyatri.in/bus-operators/blue-hill-travels,Not provided by RailYatri
Khalsa Motors,https://www.railyatri.in/bus-operators/khalsa-motors,Not provided by RailYatri
Raza Travels,https://www.railyatri.in/bus-operators/raza-travels,Not provided by RailYatri
Sarthi Travels Patil Bus,https://www.railyatri.in/bus-operators/sarthi-travels-patil-bus,Not provided by RailYatri
Manasvi Travelsnew Brand Manasvi Qeen,https://www.railyatri.in/bus-operators/manasvi-travelsnew-brand-manasvi-qeen,Not provided by RailYatri
Rajdhani Bus Services,https://www.railyatri.in/bus-operators/rajdhani-bus-services,Not provided by RailYatri
New Dwarkadhish Travels,https://www.railyatri.in/bus-operators/new-dwarkadhish-travels,Not provided by RailYatri
Ram Travels Shree Ji,https://www.railyatri.in/bus-operators/ram-travels-shree-ji,Not provided by RailYatri
Shreenath Travellers Co Iso Nathdwara Passgner Crossing From Udaipur,https://www.railyatri.in/bus-operators/shreenath-travellers-co-iso-nathdwara-passgner-crossing-from-udaipur,Not provided by RailYatri
Nirmal Travels,https://www.railyatri.in/bus-operators/nirmal-travels,Not provided by RailYatri
Kassish,https://www.railyatri.in/bus-operators/kassish,Not provided by RailYatri
Patel Travels Beed,https://www.railyatri.in/bus-operators/patel-travels-beed,Not provided by RailYatri
Saini Travels Pvt Ltd Non Stop Simba Cruize,https://www.railyatri.in/bus-operators/saini-travels-pvt-ltd-non-stop-simba-cruize,Not provided by RailYatri
Shreyas Travels Red Star,https://www.railyatri.in/bus-operators/shreyas-travels-red-star,Not provided by RailYatri
Indra Nagpur Travels Pink Tarvels,https://www.railyatri.in/bus-operators/indra-nagpur-travels-pink-tarvels,Not provided by RailYatri
Delta Travels,https://www.railyatri.in/bus-operators/delta-travels,Not provided by RailYatri
Rachna Travels Rachna Simba Nac Sl,https://www.railyatri.in/bus-operators/rachna-travels-rachna-simba-nac-sl,Not provided by RailYatri
Vishwa Travels Osmanabad,https://www.railyatri.in/bus-operators/vishwa-travels-osmanabad,Not provided by RailYatri
Shreenath Tranns Connect,https://www.railyatri.in/bus-operators/shreenath-tranns-connect,Not provided by RailYatri
Dhanam Travels,https://www.railyatri.in/bus-operators/dhanam-travels,Not provided by RailYatri
Lnt Travels Shiv Ganesh,https://www.railyatri.in/bus-operators/lnt-travels-shiv-ganesh,Not provided by RailYatri
Shree Vishwakarma Travels,https://www.railyatri.in/bus-operators/shree-vishwakarma-travels,Not provided by RailYatri
Navalai Travelsnavalai,https://www.railyatri.in/bus-operators/navalai-travelsnavalai,Not provided by RailYatri
Gv Travels,https://www.railyatri.in/bus-operators/gv-travels,Not provided by RailYatri
Poojaa Travels,https://www.railyatri.in/bus-operators/poojaa-travels,Not provided by RailYatri
Vkv Travels,https://www.railyatri.in/bus-operators/vkv-travels,Not provided by RailYatri
Labbaik Tours And Travels,https://www.railyatri.in/bus-operators/labbaik-tours-and-travels,Not provided by RailYatri
Non Stop,https://www.railyatri.in/bus-operators/non-stop,Not provided by RailYatri
Ganga Travels Go Red Benz,https://www.railyatri.in/bus-operators/ganga-travels-go-red-benz,Not provided by RailYatri
Deepak,https://www.railyatri.in/bus-operators/deepak,Not provided by RailYatri
Bhagyalaxmi Travelspune Jalgaon,https://www.railyatri.in/bus-operators/bhagyalaxmi-travelspune-jalgaon,Not provided by RailYatri
Shivalay Tours And Travels,https://www.railyatri.in/bus-operators/shivalay-tours-and-travels,Not provided by RailYatri
Akanksha Tourism Akanksha,https://www.railyatri.in/bus-operators/akanksha-tourism-akanksha,Not provided by RailYatri
Shivnarayan Travels,https://www.railyatri.in/bus-operators/shivnarayan-travels,Not provided by RailYatri
Maharashtra Travels Sindh Radhe,https://www.railyatri.in/bus-operators/maharashtra-travels-sindh-radhe,Not provided by RailYatri
Uncle Travels Jalgaontaj Bus,https://www.railyatri.in/bus-operators/uncle-travels-jalgaontaj-bus,Not provided by RailYatri
Sheetal Travels City Link Night Rider,https://www.railyatri.in/bus-operators/sheetal-travels-city-link-night-rider,Not provided by RailYatri
Ram Travelsvineet Travels,https://www.railyatri.in/bus-operators/ram-travelsvineet-travels,Not provided by RailYatri
Kkn Travels,https://www.railyatri.in/bus-operators/kkn-travels,Not provided by RailYatri
Diamond Travels,https://www.railyatri.in/bus-operators/diamond-travels,Not provided by RailYatri
Neelkanth Travels Premium Class,https://www.railyatri.in/bus-operators/neelkanth-travels-premium-class,Not provided by RailYatri
Indhira Travels,https://www.railyatri.in/bus-operators/indhira-travels,Not provided by RailYatri
Noor Travels Kartik,https://www.railyatri.in/bus-operators/noor-travels-kartik,Not provided by RailYatri
Ashoka Travelsnarmada,https://www.railyatri.in/bus-operators/ashoka-travelsnarmada,Not provided by RailYatri
Jyotiba Tours Travels,https://www.railyatri.in/bus-operators/jyotiba-tours-travels,Not provided by RailYatri
Vijay Tour And Travels A C,https://www.railyatri.in/bus-operators/vijay-tour-and-travels-a-c,Not provided by RailYatri
Khushal Travels Khushal Citizen,https://www.railyatri.in/bus-operators/khushal-travels-khushal-citizen,Not provided by RailYatri
Kaushal Travels,https://www.railyatri.in/bus-operators/kaushal-travels,Not provided by RailYatri
Galaxy Tours,https://www.railyatri.in/bus-operators/galaxy-tours,Not provided by RailYatri
Jogeshwari Enterprises,https://www.railyatri.in/bus-operators/jogeshwari-enterprises,Not provided by RailYatri
Riddhi Travels,https://www.railyatri.in/bus-operators/riddhi-travels,Not provided by RailYatri
S Virani Hra,https://www.railyatri.in/bus-operators/s-virani-hra,Not provided by RailYatri
Sonax Transport,https://www.railyatri.in/bus-operators/sonax-transport,Not provided by RailYatri
Chandra Shreeji Darshan Travels,https://www.railyatri.in/bus-operators/chandra-shreeji-darshan-travels,Not provided by RailYatri
Akash Bus Akash,https://www.railyatri.in/bus-operators/akash-bus-akash,Not provided by RailYatri
Shreenath Travellers Iso Certified Udr,https://www.railyatri.in/bus-operators/shreenath-travellers-iso-certified-udr,Not provided by RailYatri
Indumati Travels,https://www.railyatri.in/bus-operators/indumati-travels,Not provided by RailYatri
Gupta Galaxy,https://www.railyatri.in/bus-operators/gupta-galaxy,Not provided by RailYatri
Dhanunjaya Travels,https://www.railyatri.in/bus-operators/dhanunjaya-travels,Not provided by RailYatri
Shri Balaji Travels Khandwa,https://www.railyatri.in/bus-operators/shri-balaji-travels-khandwa,Not provided by RailYatri
Shreyas Travels Greenline,https://www.railyatri.in/bus-operators/shreyas-travels-greenline,Not provided by RailYatri
Sanjay Travel Hundekari,https://www.railyatri.in/bus-operators/sanjay-travel-hundekari,Not provided by RailYatri
Kvn Tourism Travels,https://www.railyatri.in/bus-operators/kvn-tourism-travels,Not provided by RailYatri
Manish Travelsa C Wide Sleeper,https://www.railyatri.in/bus-operators/manish-travelsa-c-wide-sleeper,Not provided by RailYatri
New Prathamesh Girish,https://www.railyatri.in/bus-operators/new-prathamesh-girish,Not provided by RailYatri
Sukh Karta Tours And Travels,https://www.railyatri.in/bus-operators/sukh-karta-tours-and-travels,Not provided by RailYatri
Subbu Travels,https://www.railyatri.in/bus-operators/subbu-travels,Not provided by RailYatri
Deepna Travels,https://www.railyatri.in/bus-operators/deepna-travels,Not provided by RailYatri
Joshi Tours And Travels,https://www.railyatri.in/bus-operators/joshi-tours-and-travels,Not provided by RailYatri
Rachna Travels,https://www.railyatri.in/bus-operators/rachna-travels,Not provided by RailYatri
Mahendra Rajhans Travelsrajhans,https://www.railyatri.in/bus-operators/mahendra-rajhans-travelsrajhans,Not provided by RailYatri
Pawan Rath Travels,https://www.railyatri.in/bus-operators/pawan-rath-travels,Not provided by RailYatri
Alagappa Travels,https://www.railyatri.in/bus-operators/alagappa-travels,Not provided by RailYatri
Sagar Bus Service,https://www.railyatri.in/bus-operators/sagar-bus-service,Not provided by RailYatri
Bhakti Travels Brand New Bhakti World,https://www.railyatri.in/bus-operators/bhakti-travels-brand-new-bhakti-world,Not provided by RailYatri
Dolphin Travel,https://www.railyatri.in/bus-operators/dolphin-travel,Not provided by RailYatri
Shiv Ganga,https://www.railyatri.in/bus-operators/shiv-ganga,Not provided by RailYatri
Sangeetam Travels,https://www.railyatri.in/bus-operators/sangeetam-travels,Not provided by RailYatri
Kanker Roadways Pvt Ltd X Nac Seater Sleeper,https://www.railyatri.in/bus-operators/kanker-roadways-pvt-ltd-x-nac-seater-sleeper,Not provided by RailYatri
Pallavi Travels Princess,https://www.railyatri.in/bus-operators/pallavi-travels-princess,Not provided by RailYatri
Btp Buses,https://www.railyatri.in/bus-operators/btp-buses,Not provided by RailYatri
Rahul Travels Patil,https://www.railyatri.in/bus-operators/rahul-travels-patil,Not provided by RailYatri
Sri Palani Murugan Travels,https://www.railyatri.in/bus-operators/sri-palani-murugan-travels,Not provided by RailYatri
Karnna Sastha Tours Travels,https://www.railyatri.in/bus-operators/karnna-sastha-tours-travels,Not provided by RailYatri
Naanal Travels,https://www.railyatri.in/bus-operators/naanal-travels,Not provided by RailYatri
Samay Travelsnew Bus,https://www.railyatri.in/bus-operators/samay-travelsnew-bus,Not provided by RailYatri
Shama Sardar Travels Hpm,https://www.railyatri.in/bus-operators/shama-sardar-travels-hpm,Not provided by RailYatri
Royal Travels Shirnath Travels Nashik,https://www.railyatri.in/bus-operators/royal-travels-shirnath-travels-nashik,Not provided by RailYatri
Uncle Travels Khushi Travel,https://www.railyatri.in/bus-operators/uncle-travels-khushi-travel,Not provided by RailYatri
Rahul Travels Balaji,https://www.railyatri.in/bus-operators/rahul-travels-balaji,Not provided by RailYatri
Svm Services,https://www.railyatri.in/bus-operators/svm-services,Not provided by RailYatri
New Bishnoi Bus Services,https://www.railyatri.in/bus-operators/new-bishnoi-bus-services,Not provided by RailYatri
Royal Chintamanichintamani,https://www.railyatri.in/bus-operators/royal-chintamanichintamani,Not provided by RailYatri
Cmb J J Travels,https://www.railyatri.in/bus-operators/cmb-j-j-travels,Not provided by RailYatri
Corporate Travels,https://www.railyatri.in/bus-operators/corporate-travels,Not provided by RailYatri
Tantia Travels And Cargo New Led With Toilet Coach,https://www.railyatri.in/bus-operators/tantia-travels-and-cargo-new-led-with-toilet-coach,Not provided by RailYatri
Aboli Tours And Travels,https://www.railyatri.in/bus-operators/aboli-tours-and-travels,Not provided by RailYatri
Praveen Travels,https://www.railyatri.in/bus-operators/praveen-travels,Not provided by RailYatri
N T Mansi,https://www.railyatri.in/bus-operators/n-t-mansi,Not provided by RailYatri
Shailesh Travelssai Travels,https://www.railyatri.in/bus-operators/shailesh-travelssai-travels,Not provided by RailYatri
Santosh Travelsabhishekh,https://www.railyatri.in/bus-operators/santosh-travelsabhishekh,Not provided by RailYatri
Kannan Bus,https://www.railyatri.in/bus-operators/kannan-bus,Not provided by RailYatri
Hamsa Tours Travels,https://www.railyatri.in/bus-operators/hamsa-tours-travels,Not provided by RailYatri
Gulzar Tour And Travels,https://www.railyatri.in/bus-operators/gulzar-tour-and-travels,Not provided by RailYatri
Madhan Travels,https://www.railyatri.in/bus-operators/madhan-travels,Not provided by RailYatri
Atlas Travels,https://www.railyatri.in/bus-operators/atlas-travels,Not provided by RailYatri
Rukma Travels,https://www.railyatri.in/bus-operators/rukma-travels,Not provided by RailYatri
Pinky Gudiya Travels And Cargo,https://www.railyatri.in/bus-operators/pinky-gudiya-travels-and-cargo,Not provided by RailYatri
B S Travels Saraswati,https://www.railyatri.in/bus-operators/b-s-travels-saraswati,Not provided by RailYatri
Kalyani Travels Sps,https://www.railyatri.in/bus-operators/kalyani-travels-sps,Not provided by RailYatri
Swaminarayan Travels,https://www.railyatri.in/bus-operators/swaminarayan-travels,Not provided by RailYatri
Maharaja Travels Pune,https://www.railyatri.in/bus-operators/maharaja-travels-pune,Not provided by RailYatri
Shreenath Travellers Iso Certified Sharma Travels,https://www.railyatri.in/bus-operators/shreenath-travellers-iso-certified-sharma-travels,Not provided by RailYatri
New Prathmesh Travels,https://www.railyatri.in/bus-operators/new-prathmesh-travels,Not provided by RailYatri
Uncle Travelsdurgesh Travel,https://www.railyatri.in/bus-operators/uncle-travelsdurgesh-travel,Not provided by RailYatri
Jupiter,https://www.railyatri.in/bus-operators/jupiter,Not provided by RailYatri
Shrinath Travel Agency Pvt Ltd Dattkurpa,https://www.railyatri.in/bus-operators/shrinath-travel-agency-pvt-ltd-dattkurpa,Not provided by RailYatri
Shree Ambika Travels,https://www.railyatri.in/bus-operators/shree-ambika-travels,Not provided by RailYatri
Asbath Travels,https://www.railyatri.in/bus-operators/asbath-travels,Not provided by RailYatri
Bharathi Tours And Travels,https://www.railyatri.in/bus-operators/bharathi-tours-and-travels,Not provided by RailYatri
Om Citylink Travels,https://www.railyatri.in/bus-operators/om-citylink-travels,Not provided by RailYatri
Sri Ayyan Travels,https://www.railyatri.in/bus-operators/sri-ayyan-travels,Not provided by RailYatri
Rajwadi New Jalaram Travels,https://www.railyatri.in/bus-operators/rajwadi-new-jalaram-travels,Not provided by RailYatri
Bts Bundelkhand Transport Services Llp,https://www.railyatri.in/bus-operators/bts-bundelkhand-transport-services-llp,Not provided by RailYatri
Manish Travels Srisai Aatmaram,https://www.railyatri.in/bus-operators/manish-travels-srisai-aatmaram,Not provided by RailYatri
Jolly Tours Travels,https://www.railyatri.in/bus-operators/jolly-tours-travels,Not provided by RailYatri
Jharkhand Paryatak,https://www.railyatri.in/bus-operators/jharkhand-paryatak,Not provided by RailYatri
R J Travels Sama,https://www.railyatri.in/bus-operators/r-j-travels-sama,Not provided by RailYatri
M K Bus Service Brand New Shutter Coach,https://www.railyatri.in/bus-operators/m-k-bus-service-brand-new-shutter-coach,Not provided by RailYatri
Shri Swaminarayan Tours And Services Pvt Ltd,https://www.railyatri.in/bus-operators/shri-swaminarayan-tours-and-services-pvt-ltd,Not provided by RailYatri
Vns Travels,https://www.railyatri.in/bus-operators/vns-travels,Not provided by RailYatri
Laxman Travels,https://www.railyatri.in/bus-operators/laxman-travels,Not provided by RailYatri
N T Kashish,https://www.railyatri.in/bus-operators/n-t-kashish,Not provided by RailYatri
Delhi Tours Travels,https://www.railyatri.in/bus-operators/delhi-tours-travels,Not provided by RailYatri
Sahara Travel Syndicate,https://www.railyatri.in/bus-operators/sahara-travel-syndicate,Not provided by RailYatri
Novelty Tours And Travels,https://www.railyatri.in/bus-operators/novelty-tours-and-travels,Not provided by RailYatri
L N Gupta Transport Company,https://www.railyatri.in/bus-operators/l-n-gupta-transport-company,Not provided by RailYatri
Ctc Travels,https://www.railyatri.in/bus-operators/ctc-travels,Not provided by RailYatri
Ali Coach Betulbts Coach,https://www.railyatri.in/bus-operators/ali-coach-betulbts-coach,Not provided by RailYatri
Kalpaka Travels,https://www.railyatri.in/bus-operators/kalpaka-travels,Not provided by RailYatri
Swami Travels Pune Swami,https://www.railyatri.in/bus-operators/swami-travels-pune-swami,Not provided by RailYatri
Kadamba Transport Corporation Limited,https://www.railyatri.in/bus-operators/kadamba-transport-corporation-limited,Not provided by RailYatri
Trimurti Travels,https://www.railyatri.in/bus-operators/trimurti-travels,Not provided by RailYatri
Rahul Travels City Link,https://www.railyatri.in/bus-operators/rahul-travels-city-link,Not provided by RailYatri
Varuna Travels,https://www.railyatri.in/bus-operators/varuna-travels,Not provided by RailYatri
Gulzar Travels,https://www.railyatri.in/bus-operators/gulzar-travels,Not provided by RailYatri
Prithvi Vahan,https://www.railyatri.in/bus-operators/prithvi-vahan,Not provided by RailYatri
Sri Karthikeya Travels,https://www.railyatri.in/bus-operators/sri-karthikeya-travels,Not provided by RailYatri
Saini Travels Pvt Ltd Non Stop X Simba Cruizer,https://www.railyatri.in/bus-operators/saini-travels-pvt-ltd-non-stop-x-simba-cruizer,Not provided by RailYatri
Shri Sawriya Travelsnew Mahaveer,https://www.railyatri.in/bus-operators/shri-sawriya-travelsnew-mahaveer,Not provided by RailYatri
Srj Travels,https://www.railyatri.in/bus-operators/srj-travels,Not provided by RailYatri
Surana Travels,https://www.railyatri.in/bus-operators/surana-travels,Not provided by RailYatri
Bhagyalaxmi Travels Pune Jamner Jalgaon,https://www.railyatri.in/bus-operators/bhagyalaxmi-travels-pune-jamner-jalgaon,Not provided by RailYatri
Jts Muthalib Travels,https://www.railyatri.in/bus-operators/jts-muthalib-travels,Not provided by RailYatri
Skycity Travels,https://www.railyatri.in/bus-operators/skycity-travels,Not provided by RailYatri
Pari Travels,https://www.railyatri.in/bus-operators/pari-travels,Not provided by RailYatri
Manmandir Travels,https://www.railyatri.in/bus-operators/manmandir-travels,Not provided by RailYatri
Mahaveer Travels Company,https://www.railyatri.in/bus-operators/mahaveer-travels-company,Not provided by RailYatri
Jayavilas Bus,https://www.railyatri.in/bus-operators/jayavilas-bus,Not provided by RailYatri
Vst,https://www.railyatri.in/bus-operators/vst,Not provided by RailYatri
Datta Krupatravels,https://www.railyatri.in/bus-operators/datta-krupatravels,Not provided by RailYatri
Poorna Travels,https://www.railyatri.in/bus-operators/poorna-travels,Not provided by RailYatri
Monikanchan Astc,https://www.railyatri.in/bus-operators/monikanchan-astc,Not provided by RailYatri
New Patel Travels,https://www.railyatri.in/bus-operators/new-patel-travels,Not provided by RailYatri
Shree Swami Travels Jmbs Bus,https://www.railyatri.in/bus-operators/shree-swami-travels-jmbs-bus,Not provided by RailYatri
India Tours And Travels,https://www.railyatri.in/bus-operators/india-tours-and-travels,Not provided by RailYatri
Ssa Tours And Travels,https://www.railyatri.in/bus-operators/ssa-tours-and-travels,Not provided by RailYatri
Senthur Spm Travels,https://www.railyatri.in/bus-operators/senthur-spm-travels,Not provided by RailYatri
Noori Brothers Trans Co Damoh,https://www.railyatri.in/bus-operators/noori-brothers-trans-co-damoh,Not provided by RailYatri
Sai Nidhi Travels,https://www.railyatri.in/bus-operators/sai-nidhi-travels,Not provided by RailYatri
Royal Travels Royal Nagpur,https://www.railyatri.in/bus-operators/royal-travels-royal-nagpur,Not provided by RailYatri
Himalayan Transit,https://www.railyatri.in/bus-operators/himalayan-transit,Not provided by RailYatri
Shinde Travels New Birand Neeta,https://www.railyatri.in/bus-operators/shinde-travels-new-birand-neeta,Not provided by RailYatri
Vinayaka Travels,https://www.railyatri.in/bus-operators/vinayaka-travels,Not provided by RailYatri
Sri Mallikarjuna Travels,https://www.railyatri.in/bus-operators/sri-mallikarjuna-travels,Not provided by RailYatri
Noor Travels Vidarbha,https://www.railyatri.in/bus-operators/noor-travels-vidarbha,Not provided by RailYatri
Royal Holidays Travels,https://www.railyatri.in/bus-operators/royal-holidays-travels,Not provided by RailYatri
Shree Laxmi Travels Surya,https://www.railyatri.in/bus-operators/shree-laxmi-travels-surya,Not provided by RailYatri
Maharashtra Travels Rlt,https://www.railyatri.in/bus-operators/maharashtra-travels-rlt,Not provided by RailYatri
Jeyamurugan Travels,https://www.railyatri.in/bus-operators/jeyamurugan-travels,Not provided by RailYatri
Babu Travelsa C Air Suspension,https://www.railyatri.in/bus-operators/babu-travelsa-c-air-suspension,Not provided by RailYatri
Bms Travels,https://www.railyatri.in/bus-operators/bms-travels,Not provided by RailYatri
Kabra Express Logistics Pvt Ltd Brand New Shutter Coach,https://www.railyatri.in/bus-operators/kabra-express-logistics-pvt-ltd-brand-new-shutter-coach,Not provided by RailYatri
Tharai Travels,https://www.railyatri.in/bus-operators/tharai-travels,Not provided by RailYatri
Ksm Travels,https://www.railyatri.in/bus-operators/ksm-travels,Not provided by RailYatri
Shefali Tours And Travels,https://www.railyatri.in/bus-operators/shefali-tours-and-travels,Not provided by RailYatri
Jairam Classic,https://www.railyatri.in/bus-operators/jairam-classic,Not provided by RailYatri
Rlt Travels Raja,https://www.railyatri.in/bus-operators/rlt-travels-raja,Not provided by RailYatri
Maharashtra Travels Anjali,https://www.railyatri.in/bus-operators/maharashtra-travels-anjali,Not provided by RailYatri
Vansh Travels,https://www.railyatri.in/bus-operators/vansh-travels,Not provided by RailYatri
As Bus,https://www.railyatri.in/bus-operators/as-bus,Not provided by RailYatri
Mozo Travels,https://www.railyatri.in/bus-operators/mozo-travels,Not provided by RailYatri
V K Jain Marwar Travels,https://www.railyatri.in/bus-operators/v-k-jain-marwar-travels,Not provided by RailYatri
Alhind Tours And Travels Pvt Ltd,https://www.railyatri.in/bus-operators/alhind-tours-and-travels-pvt-ltd,Not provided by RailYatri
Bijoyjatra,https://www.railyatri.in/bus-operators/bijoyjatra,Not provided by RailYatri
Rkk Travels,https://www.railyatri.in/bus-operators/rkk-travels,Not provided by RailYatri
Lal Baba Travels New Luxury Coach,https://www.railyatri.in/bus-operators/lal-baba-travels-new-luxury-coach,Not provided by RailYatri
Shri Sai Travels,https://www.railyatri.in/bus-operators/shri-sai-travels,Not provided by RailYatri
Seoni Roadwaysnon Stop,https://www.railyatri.in/bus-operators/seoni-roadwaysnon-stop,Not provided by RailYatri
Royal Chintamani Royal,https://www.railyatri.in/bus-operators/royal-chintamani-royal,Not provided by RailYatri
Annamalai Travels,https://www.railyatri.in/bus-operators/annamalai-travels,Not provided by RailYatri
New Deep Motors,https://www.railyatri.in/bus-operators/new-deep-motors,Not provided by RailYatri
Delhi Heart Vikas Travels,https://www.railyatri.in/bus-operators/delhi-heart-vikas-travels,Not provided by RailYatri
Sri Gajamukha Travels,https://www.railyatri.in/bus-operators/sri-gajamukha-travels,Not provided by RailYatri
Cvt Bus,https://www.railyatri.in/bus-operators/cvt-bus,Not provided by RailYatri
Rajnigandha Travels,https://www.railyatri.in/bus-operators/rajnigandha-travels,Not provided by RailYatri
Sairath Maharana Travels Dhamaka N Dhanani,https://www.railyatri.in/bus-operators/sairath-maharana-travels-dhamaka-n-dhanani,Not provided by RailYatri
Goyal Travels New Luxary Premium Coach,https://www.railyatri.in/bus-operators/goyal-travels-new-luxary-premium-coach,Not provided by RailYatri
Shree Krishana Travels,https://www.railyatri.in/bus-operators/shree-krishana-travels,Not provided by RailYatri
Kusuma Travels,https://www.railyatri.in/bus-operators/kusuma-travels,Not provided by RailYatri
Suvarnamukhi Travels,https://www.railyatri.in/bus-operators/suvarnamukhi-travels,Not provided by RailYatri
Shree Jasnath Travels,https://www.railyatri.in/bus-operators/shree-jasnath-travels,Not provided by RailYatri
Bethlehem Transports,https://www.railyatri.in/bus-operators/bethlehem-transports,Not provided by RailYatri
Ajay Travels Neemuch,https://www.railyatri.in/bus-operators/ajay-travels-neemuch,Not provided by RailYatri
Saini Travels Pvt Ltd Non Stop Simba Passion,https://www.railyatri.in/bus-operators/saini-travels-pvt-ltd-non-stop-simba-passion,Not provided by RailYatri
Red Express Travels,https://www.railyatri.in/bus-operators/red-express-travels,Not provided by RailYatri
Kalaiyar Travels,https://www.railyatri.in/bus-operators/kalaiyar-travels,Not provided by RailYatri
Shree Sahjanand Travels,https://www.railyatri.in/bus-operators/shree-sahjanand-travels,Not provided by RailYatri
Sri Annam Travels,https://www.railyatri.in/bus-operators/sri-annam-travels,Not provided by RailYatri
Hari Om Travels Agency Uncle Travels Pune,https://www.railyatri.in/bus-operators/hari-om-travels-agency-uncle-travels-pune,Not provided by RailYatri
Star Travels Adilabad,https://www.railyatri.in/bus-operators/star-travels-adilabad,Not provided by RailYatri
Babu Travelsbuisness Class,https://www.railyatri.in/bus-operators/babu-travelsbuisness-class,Not provided by RailYatri
Tirupati Tour And Travels,https://www.railyatri.in/bus-operators/tirupati-tour-and-travels,Not provided by RailYatri
Raj Hans Tours And Travels,https://www.railyatri.in/bus-operators/raj-hans-tours-and-travels,Not provided by RailYatri
Sri Renugambal Travels,https://www.railyatri.in/bus-operators/sri-renugambal-travels,Not provided by RailYatri
New Lucky Travels,https://www.railyatri.in/bus-operators/new-lucky-travels,Not provided by RailYatri
Rohani Travels,https://www.railyatri.in/bus-operators/rohani-travels,Not provided by RailYatri
Kalaimakal Travels,https://www.railyatri.in/bus-operators/kalaimakal-travels,Not provided by RailYatri
Siva Amr Tours And Travels,https://www.railyatri.in/bus-operators/siva-amr-tours-and-travels,Not provided by RailYatri
New United Travels,https://www.railyatri.in/bus-operators/new-united-travels,Not provided by RailYatri
Kms Travels,https://www.railyatri.in/bus-operators/kms-travels,Not provided by RailYatri
Vaigai Travels,https://www.railyatri.in/bus-operators/vaigai-travels,Not provided by RailYatri
Sree Kannathal Travels,https://www.railyatri.in/bus-operators/sree-kannathal-travels,Not provided by RailYatri
Saini Travels Pvt Ltd Simba Passion,https://www.railyatri.in/bus-operators/saini-travels-pvt-ltd-simba-passion,Not provided by RailYatri
Blueworld Tourist Private Limited,https://www.railyatri.in/bus-operators/blueworld-tourist-private-limited,Not provided by RailYatri
Diwakar Travels,https://www.railyatri.in/bus-operators/diwakar-travels,Not provided by RailYatri
Dsp Tourist,https://www.railyatri.in/bus-operators/dsp-tourist,Not provided by RailYatri
Vinayak Travels,https://www.railyatri.in/bus-operators/vinayak-travels,Not provided by RailYatri
Honey Trvls Honey,https://www.railyatri.in/bus-operators/honey-trvls-honey,Not provided by RailYatri
Sai Sanvika Travels,https://www.railyatri.in/bus-operators/sai-sanvika-travels,Not provided by RailYatri
Sahara Travels,https://www.railyatri.in/bus-operators/sahara-travels,Not provided by RailYatri
Noor Travels Tayal Simba,https://www.railyatri.in/bus-operators/noor-travels-tayal-simba,Not provided by RailYatri
Manasvi Roadlines,https://www.railyatri.in/bus-operators/manasvi-roadlines,Not provided by RailYatri
Meera Travels,https://www.railyatri.in/bus-operators/meera-travels,Not provided by RailYatri
Madurai Harsha Travels,https://www.railyatri.in/bus-operators/madurai-harsha-travels,Not provided by RailYatri
Cvr Travels,https://www.railyatri.in/bus-operators/cvr-travels,Not provided by RailYatri
Khaja Travels Shama Sardar,https://www.railyatri.in/bus-operators/khaja-travels-shama-sardar,Not provided by RailYatri
Vedam Travels,https://www.railyatri.in/bus-operators/vedam-travels,Not provided by RailYatri
Surya Vamshi Travels,https://www.railyatri.in/bus-operators/surya-vamshi-travels,Not provided by RailYatri
Jai Hanuman Travels,https://www.railyatri.in/bus-operators/jai-hanuman-travels,Not provided by RailYatri
Surya Travels,https://www.railyatri.in/bus-operators/surya-travels,Not provided by RailYatri
K G R Ayyappa Travels,https://www.railyatri.in/bus-operators/k-g-r-ayyappa-travels,Not provided by RailYatri
Orange Tours And Travels Platinum,https://www.railyatri.in/bus-operators/orange-tours-and-travels-platinum,Not provided by RailYatri
Slv Jpt Tours Travels,https://www.railyatri.in/bus-operators/slv-jpt-tours-travels,Not provided by RailYatri
Friends Transport,https://www.railyatri.in/bus-operators/friends-transport,Not provided by RailYatri
Naina Travels,https://www.railyatri.in/bus-operators/naina-travels,Not provided by RailYatri
Shri Ganesh Yatra Tour Travels,https://www.railyatri.in/bus-operators/shri-ganesh-yatra-tour-travels,Not provided by RailYatri
Kmr Travels,https://www.railyatri.in/bus-operators/kmr-travels,Not provided by RailYatri
Sk Balu Bus,https://www.railyatri.in/bus-operators/sk-balu-bus,Not provided by RailYatri
Mr Travels,https://www.railyatri.in/bus-operators/mr-travels,Not provided by RailYatri
Svr Tours And Travels,https://www.railyatri.in/bus-operators/svr-tours-and-travels,Not provided by RailYatri
Sri Vihari Travels,https://www.railyatri.in/bus-operators/sri-vihari-travels,Not provided by RailYatri
Jordan Transport,https://www.railyatri.in/bus-operators/jordan-transport,Not provided by RailYatri
Csk Travels,https://www.railyatri.in/bus-operators/csk-travels,Not provided by RailYatri
Gautam Travels,https://www.railyatri.in/bus-operators/gautam-travels,Not provided by RailYatri
Sri Venkatachalapathy Tours Travels,https://www.railyatri.in/bus-operators/sri-venkatachalapathy-tours-travels,Not provided by RailYatri
Sai Travels Chembur,https://www.railyatri.in/bus-operators/sai-travels-chembur,Not provided by RailYatri
Anjani Roadways,https://www.railyatri.in/bus-operators/anjani-roadways,Not provided by RailYatri
Pawapuri Motors,https://www.railyatri.in/bus-operators/pawapuri-motors,Not provided by RailYatri
Sanjay Travels Ichalkaranji Mumbai Sangali Ichalkaranji,https://www.railyatri.in/bus-operators/sanjay-travels-ichalkaranji-mumbai-sangali-ichalkaranji,Not provided by RailYatri
Ganesh Tours And Holidays,https://www.railyatri.in/bus-operators/ganesh-tours-and-holidays,Not provided by RailYatri
Hamad Transport,https://www.railyatri.in/bus-operators/hamad-transport,Not provided by RailYatri
Mgm Travels,https://www.railyatri.in/bus-operators/mgm-travels,Not provided by RailYatri
Jkk Travels,https://www.railyatri.in/bus-operators/jkk-travels,Not provided by RailYatri
Sai Kusuma Travels,https://www.railyatri.in/bus-operators/sai-kusuma-travels,Not provided by RailYatri
Capital Express Services,https://www.railyatri.in/bus-operators/capital-express-services,Not provided by RailYatri
Moonlight Travels,https://www.railyatri.in/bus-operators/moonlight-travels,Not provided by RailYatri
Mayurra Travels,https://www.railyatri.in/bus-operators/mayurra-travels,Not provided by RailYatri
Psna Travels,https://www.railyatri.in/bus-operators/psna-travels,Not provided by RailYatri
Vikas Travels Kota,https://www.railyatri.in/bus-operators/vikas-travels-kota,Not provided by RailYatri
Taneja Express,https://www.railyatri.in/bus-operators/taneja-express,Not provided by RailYatri
Diamond Motors,https://www.railyatri.in/bus-operators/diamond-motors,Not provided by RailYatri
Srm Transports,https://www.railyatri.in/bus-operators/srm-transports,Not provided by RailYatri
Shreyas Blue Line,https://www.railyatri.in/bus-operators/shreyas-blue-line,Not provided by RailYatri
Orange Tours And Travels Grand,https://www.railyatri.in/bus-operators/orange-tours-and-travels-grand,Not provided by RailYatri
Emerald Travels,https://www.railyatri.in/bus-operators/emerald-travels,Not provided by RailYatri
Spg Travels,https://www.railyatri.in/bus-operators/spg-travels,Not provided by RailYatri
Njk Travels,https://www.railyatri.in/bus-operators/njk-travels,Not provided by RailYatri
Tanvi Travels,https://www.railyatri.in/bus-operators/tanvi-travels,Not provided by RailYatri
Nallamani Travels,https://www.railyatri.in/bus-operators/nallamani-travels,Not provided by RailYatri
Subhethra Travels,https://www.railyatri.in/bus-operators/subhethra-travels,Not provided by RailYatri
Sri Gajanana Motor Transport,https://www.railyatri.in/bus-operators/sri-gajanana-motor-transport,Not provided by RailYatri
Sbrs Tours And Travels,https://www.railyatri.in/bus-operators/sbrs-tours-and-travels,Not provided by RailYatri
Reliance Travels,https://www.railyatri.in/bus-operators/reliance-travels,Not provided by RailYatri
Shiv Charan Travels,https://www.railyatri.in/bus-operators/shiv-charan-travels,Not provided by RailYatri
Shreenath Travellers Iso Certified,https://www.railyatri.in/bus-operators/shreenath-travellers-iso-certified,Not provided by RailYatri
New Sahara Travels,https://www.railyatri.in/bus-operators/new-sahara-travels,Not provided by RailYatri
Brp Travels,https://www.railyatri.in/bus-operators/brp-travels,Not provided by RailYatri
Sri Godavari Travels,https://www.railyatri.in/bus-operators/sri-godavari-travels,Not provided by RailYatri
Kurunchi Travels,https://www.railyatri.in/bus-operators/kurunchi-travels,Not provided by RailYatri
Sri Adhinath Travels,https://www.railyatri.in/bus-operators/sri-adhinath-travels,Not provided by RailYatri
Shatabdi Travels Gurugram,https://www.railyatri.in/bus-operators/shatabdi-travels-gurugram,Not provided by RailYatri
Aeon Connect,https://www.railyatri.in/bus-operators/aeon-connect,Not provided by RailYatri
Bhopal Travelsvijayant,https://www.railyatri.in/bus-operators/bhopal-travelsvijayant,Not provided by RailYatri
Muthu Travels,https://www.railyatri.in/bus-operators/muthu-travels,Not provided by RailYatri
Dlt Bus,https://www.railyatri.in/bus-operators/dlt-bus,Not provided by RailYatri
Ashirwad Bus Services,https://www.railyatri.in/bus-operators/ashirwad-bus-services,Not provided by RailYatri
Shree Balaji Travels Www Shreebalajibuses In,https://www.railyatri.in/bus-operators/shree-balaji-travels-www-shreebalajibuses-in,Not provided by RailYatri
Smb Travels,https://www.railyatri.in/bus-operators/smb-travels,Not provided by RailYatri
Ashwamedha Flywings,https://www.railyatri.in/bus-operators/ashwamedha-flywings,Not provided by RailYatri
Sst Travels,https://www.railyatri.in/bus-operators/sst-travels,Not provided by RailYatri
Drishti Travels,https://www.railyatri.in/bus-operators/drishti-travels,Not provided by RailYatri
Sanjay Travels Ichalkaranjiichalkaranji Dadar Borivali,https://www.railyatri.in/bus-operators/sanjay-travels-ichalkaranjiichalkaranji-dadar-borivali,Not provided by RailYatri
Abc,https://www.railyatri.in/bus-operators/abc,Not provided by RailYatri
Awadh Travels India,https://www.railyatri.in/bus-operators/awadh-travels-india,Not provided by RailYatri
Om Namha Shivay Travels,https://www.railyatri.in/bus-operators/om-namha-shivay-travels,Not provided by RailYatri
Supaa Travels,https://www.railyatri.in/bus-operators/supaa-travels,Not provided by RailYatri
Jivdani Travels Jivdani,https://www.railyatri.in/bus-operators/jivdani-travels-jivdani,Not provided by RailYatri
Black Oasis,https://www.railyatri.in/bus-operators/black-oasis,Not provided by RailYatri
Aaa Travels,https://www.railyatri.in/bus-operators/aaa-travels,Not provided by RailYatri
Rlt Travels Sana,https://www.railyatri.in/bus-operators/rlt-travels-sana,Not provided by RailYatri
Tirth Madhuram Travelstirth Madhuram Led Coach,https://www.railyatri.in/bus-operators/tirth-madhuram-travelstirth-madhuram-led-coach,Not provided by RailYatri
Adithya Travels,https://www.railyatri.in/bus-operators/adithya-travels,Not provided by RailYatri
Rich Travels,https://www.railyatri.in/bus-operators/rich-travels,Not provided by RailYatri
Krishnadeep,https://www.railyatri.in/bus-operators/krishnadeep,Not provided by RailYatri
Thekedar Travels,https://www.railyatri.in/bus-operators/thekedar-travels,Not provided by RailYatri
Muskan Travels,https://www.railyatri.in/bus-operators/muskan-travels,Not provided by RailYatri
Shiv Sai Travels Indani Bus,https://www.railyatri.in/bus-operators/shiv-sai-travels-indani-bus,Not provided by RailYatri
Leo Travel Heights,https://www.railyatri.in/bus-operators/leo-travel-heights,Not provided by RailYatri
Maaruthi Travels,https://www.railyatri.in/bus-operators/maaruthi-travels,Not provided by RailYatri
Brl Transport,https://www.railyatri.in/bus-operators/brl-transport,Not provided by RailYatri
Pooja Travels Agency,https://www.railyatri.in/bus-operators/pooja-travels-agency,Not provided by RailYatri
Jaisuriya Travels,https://www.railyatri.in/bus-operators/jaisuriya-travels,Not provided by RailYatri
Sps Travels,https://www.railyatri.in/bus-operators/sps-travels,Not provided by RailYatri
Taj Tours Travels,https://www.railyatri.in/bus-operators/taj-tours-travels,Not provided by RailYatri
Laxmi Travels,https://www.railyatri.in/bus-operators/laxmi-travels,Not provided by RailYatri
Shree Om Sai Travels Non Push Back,https://www.railyatri.in/bus-operators/shree-om-sai-travels-non-push-back,Not provided by RailYatri
Eagle Tirth Travelsnew Led Coach With Sutter,https://www.railyatri.in/bus-operators/eagle-tirth-travelsnew-led-coach-with-sutter,Not provided by RailYatri
Saleem Travels,https://www.railyatri.in/bus-operators/saleem-travels,Not provided by RailYatri
Air Zone Travels India,https://www.railyatri.in/bus-operators/air-zone-travels-india,Not provided by RailYatri
Sangita Travel Agency,https://www.railyatri.in/bus-operators/sangita-travel-agency,Not provided by RailYatri
Online Go Indrayani,https://www.railyatri.in/bus-operators/online-go-indrayani,Not provided by RailYatri
A B Tour And Travels,https://www.railyatri.in/bus-operators/a-b-tour-and-travels,Not provided by RailYatri
Nafees Travels Pvt Ltd A I C T S L,https://www.railyatri.in/bus-operators/nafees-travels-pvt-ltd-a-i-c-t-s-l,Not provided by RailYatri
Dhanshree Travels,https://www.railyatri.in/bus-operators/dhanshree-travels,Not provided by RailYatri
Boys Travels,https://www.railyatri.in/bus-operators/boys-travels,Not provided by RailYatri
Limra Tours And Travels,https://www.railyatri.in/bus-operators/limra-tours-and-travels,Not provided by RailYatri
Konkan Travelsmujawar,https://www.railyatri.in/bus-operators/konkan-travelsmujawar,Not provided by RailYatri
Radheshyam Travels,https://www.railyatri.in/bus-operators/radheshyam-travels,Not provided by RailYatri
Krish Travels,https://www.railyatri.in/bus-operators/krish-travels,Not provided by RailYatri
Sps Travels India,https://www.railyatri.in/bus-operators/sps-travels-india,Not provided by RailYatri
Roshan Tours And Travels,https://www.railyatri.in/bus-operators/roshan-tours-and-travels,Not provided by RailYatri
Sri Amarnath Travels,https://www.railyatri.in/bus-operators/sri-amarnath-travels,Not provided by RailYatri
Air Indiaa Travels,https://www.railyatri.in/bus-operators/air-indiaa-travels,Not provided by RailYatri
Soumya Tours And Travels,https://www.railyatri.in/bus-operators/soumya-tours-and-travels,Not provided by RailYatri
Rajaguru Travels,https://www.railyatri.in/bus-operators/rajaguru-travels,Not provided by RailYatri
City Travels,https://www.railyatri.in/bus-operators/city-travels,Not provided by RailYatri
Bhardwaj Tour And Travelsroyal Bus Service,https://www.railyatri.in/bus-operators/bhardwaj-tour-and-travelsroyal-bus-service,Not provided by RailYatri
Sharma Transports,https://www.railyatri.in/bus-operators/sharma-transports,Not provided by RailYatri
Vivegam Travels,https://www.railyatri.in/bus-operators/vivegam-travels,Not provided by RailYatri
Mva Travels,https://www.railyatri.in/bus-operators/mva-travels,Not provided by RailYatri
Kbn Travels,https://www.railyatri.in/bus-operators/kbn-travels,Not provided by RailYatri
Sarathi Tours And Travels,https://www.railyatri.in/bus-operators/sarathi-tours-and-travels,Not provided by RailYatri
Srm Transports India Private Limited,https://www.railyatri.in/bus-operators/srm-transports-india-private-limited,Not provided by RailYatri
Sgs Travels,https://www.railyatri.in/bus-operators/sgs-travels,Not provided by RailYatri
Rathod Tours And Travels,https://www.railyatri.in/bus-operators/rathod-tours-and-travels,Not provided by RailYatri
Jagirdar Express,https://www.railyatri.in/bus-operators/jagirdar-express,Not provided by RailYatri
Jay Morlidhar Travels,https://www.railyatri.in/bus-operators/jay-morlidhar-travels,Not provided by RailYatri
Padam Tour And Travels,https://www.railyatri.in/bus-operators/padam-tour-and-travels,Not provided by RailYatri
Guruvayurappa Travels,https://www.railyatri.in/bus-operators/guruvayurappa-travels,Not provided by RailYatri
Unity Toursunity Tours,https://www.railyatri.in/bus-operators/unity-toursunity-tours,Not provided by RailYatri
Stc Travels,https://www.railyatri.in/bus-operators/stc-travels,Not provided by RailYatri
Abinaya Travels,https://www.railyatri.in/bus-operators/abinaya-travels,Not provided by RailYatri
Samantha Travels,https://www.railyatri.in/bus-operators/samantha-travels,Not provided by RailYatri
Mukul Holidays Tours,https://www.railyatri.in/bus-operators/mukul-holidays-tours,Not provided by RailYatri
Discovery Express,https://www.railyatri.in/bus-operators/discovery-express,Not provided by RailYatri
Maan Bus Service,https://www.railyatri.in/bus-operators/maan-bus-service,Not provided by RailYatri
Sahil Travels,https://www.railyatri.in/bus-operators/sahil-travels,Not provided by RailYatri
Krashnika,https://www.railyatri.in/bus-operators/krashnika,Not provided by RailYatri
Svr Tours Travels,https://www.railyatri.in/bus-operators/svr-tours-travels,Not provided by RailYatri
Kgn Travels,https://www.railyatri.in/bus-operators/kgn-travels,Not provided by RailYatri
Janta Tour And Travels,https://www.railyatri.in/bus-operators/janta-tour-and-travels,Not provided by RailYatri
Deeksha Travels,https://www.railyatri.in/bus-operators/deeksha-travels,Not provided by RailYatri
Ramya Travels,https://www.railyatri.in/bus-operators/ramya-travels,Not provided by RailYatri
Kkr Travels,https://www.railyatri.in/bus-operators/kkr-travels,Not provided by RailYatri
Pandit Travels Mauli,https://www.railyatri.in/bus-operators/pandit-travels-mauli,Not provided by RailYatri
Saini Travels Pvt Ltd Nagpur Crossing,https://www.railyatri.in/bus-operators/saini-travels-pvt-ltd-nagpur-crossing,Not provided by RailYatri
Abhinandan Tours,https://www.railyatri.in/bus-operators/abhinandan-tours,Not provided by RailYatri
Golden Temple Volvo,https://www.railyatri.in/bus-operators/golden-temple-volvo,Not provided by RailYatri
Vishnu Travels,https://www.railyatri.in/bus-operators/vishnu-travels,Not provided by RailYatri
Jain Travels Surat Jain Travels,https://www.railyatri.in/bus-operators/jain-travels-surat-jain-travels,Not provided by RailYatri
Enjoy Bus,https://www.railyatri.in/bus-operators/enjoy-bus,Not provided by RailYatri
Anand Tourist,https://www.railyatri.in/bus-operators/anand-tourist,Not provided by RailYatri
Yohalakshmi Travels,https://www.railyatri.in/bus-operators/yohalakshmi-travels,Not provided by RailYatri
Gaurishankar Travels Gstmd,https://www.railyatri.in/bus-operators/gaurishankar-travels-gstmd,Not provided by RailYatri
Swami Rameshwar Travels Swami Rameshwar Travels,https://www.railyatri.in/bus-operators/swami-rameshwar-travels-swami-rameshwar-travels,Not provided by RailYatri
Saini Travels Pvt Ltd Non Stop Mercedes Benz Semi Sleeper,https://www.railyatri.in/bus-operators/saini-travels-pvt-ltd-non-stop-mercedes-benz-semi-sleeper,Not provided by RailYatri
New Bhawani Travels,https://www.railyatri.in/bus-operators/new-bhawani-travels,Not provided by RailYatri
Dps Travels,https://www.railyatri.in/bus-operators/dps-travels,Not provided by RailYatri
Kpn Travels,https://www.railyatri.in/bus-operators/kpn-travels,Not provided by RailYatri
Vetri Travels,https://www.railyatri.in/bus-operators/vetri-travels,Not provided by RailYatri
Heera Travels,https://www.railyatri.in/bus-operators/heera-travels,Not provided by RailYatri
Smpk Tours And Travels,https://www.railyatri.in/bus-operators/smpk-tours-and-travels,Not provided by RailYatri
Sea Dream Travels,https://www.railyatri.in/bus-operators/sea-dream-travels,Not provided by RailYatri
Nirman Travels,https://www.railyatri.in/bus-operators/nirman-travels,Not provided by RailYatri
Cool Cool Tour And Travelsluxury Air Suspension,https://www.railyatri.in/bus-operators/cool-cool-tour-and-travelsluxury-air-suspension,Not provided by RailYatri
Jai Sai Tours And Travels,https://www.railyatri.in/bus-operators/jai-sai-tours-and-travels,Not provided by RailYatri
Kallada Travels,https://www.railyatri.in/bus-operators/kallada-travels,Not provided by RailYatri
Ambica Travels,https://www.railyatri.in/bus-operators/ambica-travels,Not provided by RailYatri
Saini Travels Pvt Ltd Mercedes Benz Semi Sleeper,https://www.railyatri.in/bus-operators/saini-travels-pvt-ltd-mercedes-benz-semi-sleeper,Not provided by RailYatri
Ovr Tours And Travels,https://www.railyatri.in/bus-operators/ovr-tours-and-travels,Not provided by RailYatri
Kabra Express Logistics Pvt Ltd Brand New Bus With Sutter Box,https://www.railyatri.in/bus-operators/kabra-express-logistics-pvt-ltd-brand-new-bus-with-sutter-box,Not provided by RailYatri
Tippu Sultan Travels,https://www.railyatri.in/bus-operators/tippu-sultan-travels,Not provided by RailYatri
Aadithya Travels,https://www.railyatri.in/bus-operators/aadithya-travels,Not provided by RailYatri
Nayan Travels,https://www.railyatri.in/bus-operators/nayan-travels,Not provided by RailYatri
Sutra Seva,https://www.railyatri.in/bus-operators/sutra-seva,Not provided by RailYatri
Barde Roadlines,https://www.railyatri.in/bus-operators/barde-roadlines,Not provided by RailYatri
Kaveri Enterprises,https://www.railyatri.in/bus-operators/kaveri-enterprises,Not provided by RailYatri
Shakeel Kanker Travels,https://www.railyatri.in/bus-operators/shakeel-kanker-travels,Not provided by RailYatri
Cts Travels And Tours,https://www.railyatri.in/bus-operators/cts-travels-and-tours,Not provided by RailYatri
Raj Travels Surat,https://www.railyatri.in/bus-operators/raj-travels-surat,Not provided by RailYatri
Kaveri Tours And Travels,https://www.railyatri.in/bus-operators/kaveri-tours-and-travels,Not provided by RailYatri
Green Line Express,https://www.railyatri.in/bus-operators/green-line-express,Not provided by RailYatri
Suraj Holidays,https://www.railyatri.in/bus-operators/suraj-holidays,Not provided by RailYatri
Red Apple Bus Service,https://www.railyatri.in/bus-operators/red-apple-bus-service,Not provided by RailYatri
Komitla Travels,https://www.railyatri.in/bus-operators/komitla-travels,Not provided by RailYatri
R V N R Travels,https://www.railyatri.in/bus-operators/r-v-n-r-travels,Not provided by RailYatri
Rajam Travels,https://www.railyatri.in/bus-operators/rajam-travels,Not provided by RailYatri
Kas Travels,https://www.railyatri.in/bus-operators/kas-travels,Not provided by RailYatri
Sri Gajapathy Travels,https://www.railyatri.in/bus-operators/sri-gajapathy-travels,Not provided by RailYatri
Vignesh Tatranscars,https://www.railyatri.in/bus-operators/vignesh-tatranscars,Not provided by RailYatri
Jayam Travels,https://www.railyatri.in/bus-operators/jayam-travels,Not provided by RailYatri
Nnl Travels,https://www.railyatri.in/bus-operators/nnl-travels,Not provided by RailYatri
Shivnath Travels,https://www.railyatri.in/bus-operators/shivnath-travels,Not provided by RailYatri
Hebron Transports,https://www.railyatri.in/bus-operators/hebron-transports,Not provided by RailYatri
Gms Logistics India Pvt Ltd,https://www.railyatri.in/bus-operators/gms-logistics-india-pvt-ltd,Not provided by RailYatri
Rathimeena Travels,https://www.railyatri.in/bus-operators/rathimeena-travels,Not provided by RailYatri
Shri Bhagyalakshmi Travels,https://www.railyatri.in/bus-operators/shri-bhagyalakshmi-travels,Not provided by RailYatri
Kanker Roadways Pvt Ltd X Ac Sleeper,https://www.railyatri.in/bus-operators/kanker-roadways-pvt-ltd-x-ac-sleeper,Not provided by RailYatri
Rajesh Transports,https://www.railyatri.in/bus-operators/rajesh-transports,Not provided by RailYatri
Sss Travels,https://www.railyatri.in/bus-operators/sss-travels,Not provided by RailYatri
Meghana Travels,https://www.railyatri.in/bus-operators/meghana-travels,Not provided by RailYatri
Nimmadhi Travels,https://www.railyatri.in/bus-operators/nimmadhi-travels,Not provided by RailYatri
Saini Travels Pvt Ltd,https://www.railyatri.in/bus-operators/saini-travels-pvt-ltd,Not provided by RailYatri
Jaypee Travels,https://www.railyatri.in/bus-operators/jaypee-travels,Not provided by RailYatri
Balaji Travels,https://www.railyatri.in/bus-operators/balaji-travels,Not provided by RailYatri
Madurai Radha Travels,https://www.railyatri.in/bus-operators/madurai-radha-travels,Not provided by RailYatri
Pr Travels,https://www.railyatri.in/bus-operators/pr-travels,Not provided by RailYatri
Kanker Roadways Pvt Ltd X Ac Nac Seater Sleeper,https://www.railyatri.in/bus-operators/kanker-roadways-pvt-ltd-x-ac-nac-seater-sleeper,Not provided by RailYatri
Sangita Travel Agency New Gold Class,https://www.railyatri.in/bus-operators/sangita-travel-agency-new-gold-class,Not provided by RailYatri
Arthi Travels,https://www.railyatri.in/bus-operators/arthi-travels,Not provided by RailYatri
Kanker Roadways Pvt Ltd Ac Sleeper,https://www.railyatri.in/bus-operators/kanker-roadways-pvt-ltd-ac-sleeper,Not provided by RailYatri
Kalyani Travels,https://www.railyatri.in/bus-operators/kalyani-travels,Not provided by RailYatri
Baba Tours And Travels,https://www.railyatri.in/bus-operators/baba-tours-and-travels,Not provided by RailYatri
Swami Travels Pune Swami New Brand,https://www.railyatri.in/bus-operators/swami-travels-pune-swami-new-brand,Not provided by RailYatri
Komitla,https://www.railyatri.in/bus-operators/komitla,Not provided by RailYatri
Saini Travels Pvt Ltd Mercedes Benz,https://www.railyatri.in/bus-operators/saini-travels-pvt-ltd-mercedes-benz,Not provided by RailYatri
Saini Travels Pvt Ltd Simba Cruizer,https://www.railyatri.in/bus-operators/saini-travels-pvt-ltd-simba-cruizer,Not provided by RailYatri
Saini Travels Pvt Ltd Simba Jumbo,https://www.railyatri.in/bus-operators/saini-travels-pvt-ltd-simba-jumbo,Not provided by RailYatri
Jbs Travels,https://www.railyatri.in/bus-operators/jbs-travels,Not provided by RailYatri
Nandan Travels,https://www.railyatri.in/bus-operators/nandan-travels,Not provided by RailYatri
Nandan Travelsalpha,https://www.railyatri.in/bus-operators/nandan-travelsalpha,Not provided by RailYatri
Kings Holidays Tours,https://www.railyatri.in/bus-operators/kings-holidays-tours,Not provided by RailYatri
Kerala Lines,https://www.railyatri.in/bus-operators/kerala-lines,Not provided by RailYatri
Chinnavar Travels,https://www.railyatri.in/bus-operators/chinnavar-travels,Not provided by RailYatri
Heena Tours And Travels,https://www.railyatri.in/bus-operators/heena-tours-and-travels,Not provided by RailYatri
Siddhanath Travels,https://www.railyatri.in/bus-operators/siddhanath-travels,Not provided by RailYatri
Muthu Ajith Travels,https://www.railyatri.in/bus-operators/muthu-ajith-travels,Not provided by RailYatri
Poonam New Kothari Travels,https://www.railyatri.in/bus-operators/poonam-new-kothari-travels,Not provided by RailYatri
Paul Travels,https://www.railyatri.in/bus-operators/paul-travels,Not provided by RailYatri
Sri Ram Travels,https://www.railyatri.in/bus-operators/sri-ram-travels,Not provided by RailYatri
Raahath Transport,https://www.railyatri.in/bus-operators/raahath-transport,Not provided by RailYatri
Gokul Travels,https://www.railyatri.in/bus-operators/gokul-travels,Not provided by RailYatri
S R T,https://www.railyatri.in/bus-operators/s-r-t,Not provided by RailYatri
Asians Shina Tours And Travels,https://www.railyatri.in/bus-operators/asians-shina-tours-and-travels,Not provided by RailYatri
Diya Bus,https://www.railyatri.in/bus-operators/diya-bus,Not provided by RailYatri
Siddaganga Tours And Travels,https://www.railyatri.in/bus-operators/siddaganga-tours-and-travels,Not provided by RailYatri
Tamil Travels,https://www.railyatri.in/bus-operators/tamil-travels,Not provided by RailYatri
Infant Jesus Travels,https://www.railyatri.in/bus-operators/infant-jesus-travels,Not provided by RailYatri
Shri Baghyalakshmi Travels,https://www.railyatri.in/bus-operators/shri-baghyalakshmi-travels,Not provided by RailYatri
Sona Travels,https://www.railyatri.in/bus-operators/sona-travels,Not provided by RailYatri
Srm Transport,https://www.railyatri.in/bus-operators/srm-transport,Not provided by RailYatri
Falcon Tour And Travels,https://www.railyatri.in/bus-operators/falcon-tour-and-travels,Not provided by RailYatri
Pkr Travels,https://www.railyatri.in/bus-operators/pkr-travels,Not provided by RailYatri
Dev Lines,https://www.railyatri.in/bus-operators/dev-lines,Not provided by RailYatri
Lakshmi Travel Mumbai,https://www.railyatri.in/bus-operators/lakshmi-travel-mumbai,Not provided by RailYatri
Ramesh Travels,https://www.railyatri.in/bus-operators/ramesh-travels,Not provided by RailYatri
Cumbum Travels,https://www.railyatri.in/bus-operators/cumbum-travels,Not provided by RailYatri
Prasanna Purple,https://www.railyatri.in/bus-operators/prasanna-purple,Not provided by RailYatri
Arb Express,https://www.railyatri.in/bus-operators/arb-express,Not provided by RailYatri
Mayura Bus,https://www.railyatri.in/bus-operators/mayura-bus,Not provided by RailYatri
Prm Roadways Pvt Ltd,https://www.railyatri.in/bus-operators/prm-roadways-pvt-ltd,Not provided by RailYatri
Sjt Nellai,https://www.railyatri.in/bus-operators/sjt-nellai,Not provided by RailYatri
Sri Srinivasa Bus,https://www.railyatri.in/bus-operators/sri-srinivasa-bus,Not provided by RailYatri
Tvls Travels,https://www.railyatri.in/bus-operators/tvls-travels,Not provided by RailYatri
Vsm Holiday Pvt Ltd,https://www.railyatri.in/bus-operators/vsm-holiday-pvt-ltd,Not provided by RailYatri
Sangita Travel Agency Air Car,https://www.railyatri.in/bus-operators/sangita-travel-agency-air-car,Not provided by RailYatri
Sam Tourist,https://www.railyatri.in/bus-operators/sam-tourist,Not provided by RailYatri
Shri Vashu Bus Service,https://www.railyatri.in/bus-operators/shri-vashu-bus-service,Not provided by RailYatri
R S Yadav Travelsfrom Butwal To Kathmandu Boarding By Sitting Bus,https://www.railyatri.in/bus-operators/r-s-yadav-travelsfrom-butwal-to-kathmandu-boarding-by-sitting-bus,Not provided by RailYatri
Nanban Travels,https://www.railyatri.in/bus-operators/nanban-travels,Not provided by RailYatri
M B Link,https://www.railyatri.in/bus-operators/m-b-link,Not provided by RailYatri
Sri Mvt Travels,https://www.railyatri.in/bus-operators/sri-mvt-travels,Not provided by RailYatri
New National Travels,https://www.railyatri.in/bus-operators/new-national-travels,Not provided by RailYatri
Ybm Travels,https://www.railyatri.in/bus-operators/ybm-travels,Not provided by RailYatri
Himachal Bus Tours,https://www.railyatri.in/bus-operators/himachal-bus-tours,Not provided by RailYatri
Sri Ganapathy Travels,https://www.railyatri.in/bus-operators/sri-ganapathy-travels,Not provided by RailYatri
Pallavi Madhyapradesh Parivahan,https://www.railyatri.in/bus-operators/pallavi-madhyapradesh-parivahan,Not provided by RailYatri
A Arthi Travels,https://www.railyatri.in/bus-operators/a-arthi-travels,Not provided by RailYatri
Pnk Srt Travels,https://www.railyatri.in/bus-operators/pnk-srt-travels,Not provided by RailYatri
Kayenaat Travelsbhagelaxmi,https://www.railyatri.in/bus-operators/kayenaat-travelsbhagelaxmi,Not provided by RailYatri
Pawan Gujarat Travels,https://www.railyatri.in/bus-operators/pawan-gujarat-travels,Not provided by RailYatri
Win Tours And Travels,https://www.railyatri.in/bus-operators/win-tours-and-travels,Not provided by RailYatri
Jupiter Bus,https://www.railyatri.in/bus-operators/jupiter-bus,Not provided by RailYatri
Shrinath Travel Agency Pvt Ltd Brand New,https://www.railyatri.in/bus-operators/shrinath-travel-agency-pvt-ltd-brand-new,Not provided by RailYatri
Vijay Tour And Travels Air Suspension,https://www.railyatri.in/bus-operators/vijay-tour-and-travels-air-suspension,Not provided by RailYatri
Ttt Travels,https://www.railyatri.in/bus-operators/ttt-travels,Not provided by RailYatri
Rao Tourist Services Pvt Ltd,https://www.railyatri.in/bus-operators/rao-tourist-services-pvt-ltd,Not provided by RailYatri
Assam State Transport Corporation,https://www.railyatri.in/bus-operators/assam-state-transport-corporation,Not provided by RailYatri
Kanker Roadways Pvt Ltd X Ac Seater Sleeper,https://www.railyatri.in/bus-operators/kanker-roadways-pvt-ltd-x-ac-seater-sleeper,Not provided by RailYatri
Kr Jakharthar Travels,https://www.railyatri.in/bus-operators/kr-jakharthar-travels,Not provided by RailYatri
Pmd Travels,https://www.railyatri.in/bus-operators/pmd-travels,Not provided by RailYatri
Durgesh Travels,https://www.railyatri.in/bus-operators/durgesh-travels,Not provided by RailYatri
Shrinath Tours Travels Loksewa,https://www.railyatri.in/bus-operators/shrinath-tours-travels-loksewa,Not provided by RailYatri
Himachal Tourism,https://www.railyatri.in/bus-operators/himachal-tourism,Not provided by RailYatri
Avr Travels Avr,https://www.railyatri.in/bus-operators/avr-travels-avr,Not provided by RailYatri
Blue Horse Travels,https://www.railyatri.in/bus-operators/blue-horse-travels,Not provided by RailYatri
Raj Travels Suratlimited Edition New Bus,https://www.railyatri.in/bus-operators/raj-travels-suratlimited-edition-new-bus,Not provided by RailYatri
Surani Travels,https://www.railyatri.in/bus-operators/surani-travels,Not provided by RailYatri
Selvam Travels,https://www.railyatri.in/bus-operators/selvam-travels,Not provided by RailYatri
Himachal Volvo Bus Service,https://www.railyatri.in/bus-operators/himachal-volvo-bus-service,Not provided by RailYatri
Paradizo Travels,https://www.railyatri.in/bus-operators/paradizo-travels,Not provided by RailYatri
Avr Travels,https://www.railyatri.in/bus-operators/avr-travels,Not provided by RailYatri
Rams Travels,https://www.railyatri.in/bus-operators/rams-travels,Not provided by RailYatri
Rkg Travels,https://www.railyatri.in/bus-operators/rkg-travels,Not provided by RailYatri
Bsp Bus,https://www.railyatri.in/bus-operators/bsp-bus,Not provided by RailYatri
Raj Travels Surat Pavan New Brand Coach,https://www.railyatri.in/bus-operators/raj-travels-surat-pavan-new-brand-coach,Not provided by RailYatri
Purple Metrolink,https://www.railyatri.in/bus-operators/purple-metrolink,Not provided by RailYatri
New Pooja Travels,https://www.railyatri.in/bus-operators/new-pooja-travels,Not provided by RailYatri
Shri Ganesh Yatra Tour And Travels,https://www.railyatri.in/bus-operators/shri-ganesh-yatra-tour-and-travels,Not provided by RailYatri
Shrinath Tours Travels Indore Agra Pm,https://www.railyatri.in/bus-operators/shrinath-tours-travels-indore-agra-pm,Not provided by RailYatri
M Saravanan Travels,https://www.railyatri.in/bus-operators/m-saravanan-travels,Not provided by RailYatri
Sjs Holidays,https://www.railyatri.in/bus-operators/sjs-holidays,Not provided by RailYatri
M S Gajraj Tour And Travels,https://www.railyatri.in/bus-operators/m-s-gajraj-tour-and-travels,Not provided by RailYatri
Khajurao Tours And Travels,https://www.railyatri.in/bus-operators/khajurao-tours-and-travels,Not provided by RailYatri
Shri Rishabh Tourist Agency Regd,https://www.railyatri.in/bus-operators/shri-rishabh-tourist-agency-regd,Not provided by RailYatri
Paras Travels A C Brand New Coach,https://www.railyatri.in/bus-operators/paras-travels-a-c-brand-new-coach,Not provided by RailYatri
Southern Express Travels,https://www.railyatri.in/bus-operators/southern-express-travels,Not provided by RailYatri
New Arun Travels,https://www.railyatri.in/bus-operators/new-arun-travels,Not provided by RailYatri
Yahweh Orbit,https://www.railyatri.in/bus-operators/yahweh-orbit,Not provided by RailYatri
Jai Ambay Travelling Agency,https://www.railyatri.in/bus-operators/jai-ambay-travelling-agency,Not provided by RailYatri
Madhav Bus Service New Brand,https://www.railyatri.in/bus-operators/madhav-bus-service-new-brand,Not provided by RailYatri
Jagakalia Travels,https://www.railyatri.in/bus-operators/jagakalia-travels,Not provided by RailYatri
Subra Roadways,https://www.railyatri.in/bus-operators/subra-roadways,Not provided by RailYatri
Jayalakshmi Transport,https://www.railyatri.in/bus-operators/jayalakshmi-transport,Not provided by RailYatri
Ust Bus,https://www.railyatri.in/bus-operators/ust-bus,Not provided by RailYatri
Taldar Travels,https://www.railyatri.in/bus-operators/taldar-travels,Not provided by RailYatri
Crp Bus,https://www.railyatri.in/bus-operators/crp-bus,Not provided by RailYatri
Karam Shatabdi Express,https://www.railyatri.in/bus-operators/karam-shatabdi-express,Not provided by RailYatri
Jai Mogal Krupa Travels Mumbai To Bagasara,https://www.railyatri.in/bus-operators/jai-mogal-krupa-travels-mumbai-to-bagasara,Not provided by RailYatri
Rajguru Travels,https://www.railyatri.in/bus-operators/rajguru-travels,Not provided by RailYatri
Swagat Travels Mahadev Travels Brand New Air Suspenson Coach,https://www.railyatri.in/bus-operators/swagat-travels-mahadev-travels-brand-new-air-suspenson-coach,Not provided by RailYatri
Guruprasad Travelspooja,https://www.railyatri.in/bus-operators/guruprasad-travelspooja,Not provided by RailYatri
Manisha Transports,https://www.railyatri.in/bus-operators/manisha-transports,Not provided by RailYatri
Orange Tours And Travels,https://www.railyatri.in/bus-operators/orange-tours-and-travels,Not provided by RailYatri
Rao Sahab Bus Service,https://www.railyatri.in/bus-operators/rao-sahab-bus-service,Not provided by RailYatri
Earth Himalayan Holidays,https://www.railyatri.in/bus-operators/earth-himalayan-holidays,Not provided by RailYatri
Parveen Travels,https://www.railyatri.in/bus-operators/parveen-travels,Not provided by RailYatri
Arl Travels,https://www.railyatri.in/bus-operators/arl-travels,Not provided by RailYatri
Rkt Tours And Travels,https://www.railyatri.in/bus-operators/rkt-tours-and-travels,Not provided by RailYatri
Naga Travels,https://www.railyatri.in/bus-operators/naga-travels,Not provided by RailYatri
Apex Vinod Travels,https://www.railyatri.in/bus-operators/apex-vinod-travels,Not provided by RailYatri
Relax Holiday Tours,https://www.railyatri.in/bus-operators/relax-holiday-tours,Not provided by RailYatri
Veekay Travels,https://www.railyatri.in/bus-operators/veekay-travels,Not provided by RailYatri
Thilipan Travels,https://www.railyatri.in/bus-operators/thilipan-travels,Not provided by RailYatri
Thangamayil Travels,https://www.railyatri.in/bus-operators/thangamayil-travels,Not provided by RailYatri
Pragati Travels Pragati New Brand,https://www.railyatri.in/bus-operators/pragati-travels-pragati-new-brand,Not provided by RailYatri
Shree Swami Samarth Travelsshivay Travels,https://www.railyatri.in/bus-operators/shree-swami-samarth-travelsshivay-travels,Not provided by RailYatri
Lemon Ride Bus Service,https://www.railyatri.in/bus-operators/lemon-ride-bus-service,Not provided by RailYatri
Abtc Tour And Travels,https://www.railyatri.in/bus-operators/abtc-tour-and-travels,Not provided by RailYatri
New Pal Tour And Travel,https://www.railyatri.in/bus-operators/new-pal-tour-and-travel,Not provided by RailYatri
Ssv Travels,https://www.railyatri.in/bus-operators/ssv-travels,Not provided by RailYatri
Jayavin Travels,https://www.railyatri.in/bus-operators/jayavin-travels,Not provided by RailYatri
Moon Light Tour And Travelluxury Air Suspension Coach,https://www.railyatri.in/bus-operators/moon-light-tour-and-travelluxury-air-suspension-coach,Not provided by RailYatri
Sahara Tourist Sahara Tourist,https://www.railyatri.in/bus-operators/sahara-tourist-sahara-tourist,Not provided by RailYatri
Excel Travels,https://www.railyatri.in/bus-operators/excel-travels,Not provided by RailYatri
Ashoka Tours And Travels,https://www.railyatri.in/bus-operators/ashoka-tours-and-travels,Not provided by RailYatri
Vairam Travels,https://www.railyatri.in/bus-operators/vairam-travels,Not provided by RailYatri
Sri Venkateshwara Travels,https://www.railyatri.in/bus-operators/sri-venkateshwara-travels,Not provided by RailYatri
Just Kailash Tour And Travel,https://www.railyatri.in/bus-operators/just-kailash-tour-and-travel,Not provided by RailYatri
Babu Travelsroyal Coach,https://www.railyatri.in/bus-operators/babu-travelsroyal-coach,Not provided by RailYatri
Pandit Travel,https://www.railyatri.in/bus-operators/pandit-travel,Not provided by RailYatri
Delhi Tour And Travels,https://www.railyatri.in/bus-operators/delhi-tour-and-travels,Not provided by RailYatri
Himachal Luxury Bus,https://www.railyatri.in/bus-operators/himachal-luxury-bus,Not provided by RailYatri
Safar Travels,https://www.railyatri.in/bus-operators/safar-travels,Not provided by RailYatri
Shree Swaminarayan Travels,https://www.railyatri.in/bus-operators/shree-swaminarayan-travels,Not provided by RailYatri
Anurag Travels,https://www.railyatri.in/bus-operators/anurag-travels,Not provided by RailYatri
Jai Maa Kali Travels,https://www.railyatri.in/bus-operators/jai-maa-kali-travels,Not provided by RailYatri
Taniya Travels Taniya Travels,https://www.railyatri.in/bus-operators/taniya-travels-taniya-travels,Not provided by RailYatri
Om Sai Travels,https://www.railyatri.in/bus-operators/om-sai-travels,Not provided by RailYatri
Jai Mungsaji Travels,https://www.railyatri.in/bus-operators/jai-mungsaji-travels,Not provided by RailYatri
Sai Ganesh Travels,https://www.railyatri.in/bus-operators/sai-ganesh-travels,Not provided by RailYatri
Amarnath Travels,https://www.railyatri.in/bus-operators/amarnath-travels,Not provided by RailYatri
Bobby Travels,https://www.railyatri.in/bus-operators/bobby-travels,Not provided by RailYatri
Sri Benaka Travels,https://www.railyatri.in/bus-operators/sri-benaka-travels,Not provided by RailYatri
Shree Ganesh Yatra Sangh,https://www.railyatri.in/bus-operators/shree-ganesh-yatra-sangh,Not provided by RailYatri
Ankur Travels,https://www.railyatri.in/bus-operators/ankur-travels,Not provided by RailYatri
Krsna Travelskrsna Corona Sleeper,https://www.railyatri.in/bus-operators/krsna-travelskrsna-corona-sleeper,Not provided by RailYatri
Shri Radhe Krishna Travels,https://www.railyatri.in/bus-operators/shri-radhe-krishna-travels,Not provided by RailYatri
Adventure Booking Cantre,https://www.railyatri.in/bus-operators/adventure-booking-cantre,Not provided by RailYatri
Eagle Travels Udaipur,https://www.railyatri.in/bus-operators/eagle-travels-udaipur,Not provided by RailYatri
Preetam And Puneet Travels,https://www.railyatri.in/bus-operators/preetam-and-puneet-travels,Not provided by RailYatri
Egloo Travels,https://www.railyatri.in/bus-operators/egloo-travels,Not provided by RailYatri
Vaishali Express Via Ayodhya,https://www.railyatri.in/bus-operators/vaishali-express-via-ayodhya,Not provided by RailYatri
The Rayeen Travels,https://www.railyatri.in/bus-operators/the-rayeen-travels,Not provided by RailYatri
Sri Vivek Travels,https://www.railyatri.in/bus-operators/sri-vivek-travels,Not provided by RailYatri
Ortive Travels,https://www.railyatri.in/bus-operators/ortive-travels,Not provided by RailYatri
Dhariwal Harsh Travels,https://www.railyatri.in/bus-operators/dhariwal-harsh-travels,Not provided by RailYatri
Eagle Shree Rishabh Travels,https://www.railyatri.in/bus-operators/eagle-shree-rishabh-travels,Not provided by RailYatri
Extacia Business Class,https://www.railyatri.in/bus-operators/extacia-business-class,Not provided by RailYatri
Vishawakarma Travelsvishwakarma,https://www.railyatri.in/bus-operators/vishawakarma-travelsvishwakarma,Not provided by RailYatri
Uday Travels,https://www.railyatri.in/bus-operators/uday-travels,Not provided by RailYatri
Agra Travels,https://www.railyatri.in/bus-operators/agra-travels,Not provided by RailYatri
Kamat Tourist,https://www.railyatri.in/bus-operators/kamat-tourist,Not provided by RailYatri
Vijay Tour And Travelsbenz A C Premium,https://www.railyatri.in/bus-operators/vijay-tour-and-travelsbenz-a-c-premium,Not provided by RailYatri
Babu Travelsa C Pack Glass,https://www.railyatri.in/bus-operators/babu-travelsa-c-pack-glass,Not provided by RailYatri
Patel Tours Travels,https://www.railyatri.in/bus-operators/patel-tours-travels,Not provided by RailYatri
Libra Bus Service Mercedes Benz,https://www.railyatri.in/bus-operators/libra-bus-service-mercedes-benz,Not provided by RailYatri
J J Raval,https://www.railyatri.in/bus-operators/j-j-raval,Not provided by RailYatri
Rajdhani Bus Sewawashroom,https://www.railyatri.in/bus-operators/rajdhani-bus-sewawashroom,Not provided by RailYatri
Sangwan Travelschirag Bus,https://www.railyatri.in/bus-operators/sangwan-travelschirag-bus,Not provided by RailYatri
Shri Ram Tour And Travels,https://www.railyatri.in/bus-operators/shri-ram-tour-and-travels,Not provided by RailYatri
Subramanya Tours And Travels,https://www.railyatri.in/bus-operators/subramanya-tours-and-travels,Not provided by RailYatri
City Heart Travels,https://www.railyatri.in/bus-operators/city-heart-travels,Not provided by RailYatri
Gujarat Travelsbenz Business Class,https://www.railyatri.in/bus-operators/gujarat-travelsbenz-business-class,Not provided by RailYatri
Rithish Travels,https://www.railyatri.in/bus-operators/rithish-travels,Not provided by RailYatri
Raj Travels Jhunjhunu,https://www.railyatri.in/bus-operators/raj-travels-jhunjhunu,Not provided by RailYatri
Rahi Tour And Travels,https://www.railyatri.in/bus-operators/rahi-tour-and-travels,Not provided by RailYatri
Cool Cool Tour And Travels Delhi,https://www.railyatri.in/bus-operators/cool-cool-tour-and-travels-delhi,Not provided by RailYatri
Monorama Travels,https://www.railyatri.in/bus-operators/monorama-travels,Not provided by RailYatri
Sri Manikanta Tours And Travels,https://www.railyatri.in/bus-operators/sri-manikanta-tours-and-travels,Not provided by RailYatri
Kailash Shantinath Travels Agency,https://www.railyatri.in/bus-operators/kailash-shantinath-travels-agency,Not provided by RailYatri
Maa Baneshwari Travels Kothari Group Via Dhar Rajgarh Jhabua,https://www.railyatri.in/bus-operators/maa-baneshwari-travels-kothari-group-via-dhar-rajgarh-jhabua,Not provided by RailYatri
Shreenath Metro Travels,https://www.railyatri.in/bus-operators/shreenath-metro-travels,Not provided by RailYatri
Himachal Tourist Bus,https://www.railyatri.in/bus-operators/himachal-tourist-bus,Not provided by RailYatri
Red National Travels,https://www.railyatri.in/bus-operators/red-national-travels,Not provided by RailYatri
Shree Shyam Cargo Hub,https://www.railyatri.in/bus-operators/shree-shyam-cargo-hub,Not provided by RailYatri
Shine Star Luxury Coach And Cargo Pvt Ltd Luxury Pack Glas Air Suspension,https://www.railyatri.in/bus-operators/shine-star-luxury-coach-and-cargo-pvt-ltd-luxury-pack-glas-air-suspension,Not provided by RailYatri
Maa Pitambra Travels,https://www.railyatri.in/bus-operators/maa-pitambra-travels,Not provided by RailYatri
Moon Light Tour And Travel,https://www.railyatri.in/bus-operators/moon-light-tour-and-travel,Not provided by RailYatri
Satadhar Travels,https://www.railyatri.in/bus-operators/satadhar-travels,Not provided by RailYatri
Sri Balajee Travels,https://www.railyatri.in/bus-operators/sri-balajee-travels,Not provided by RailYatri
Sai Baba Travels Non Stop Via Salumbar Banswara Ratlam,https://www.railyatri.in/bus-operators/sai-baba-travels-non-stop-via-salumbar-banswara-ratlam,Not provided by RailYatri
New Sharma Travellers And Cargo,https://www.railyatri.in/bus-operators/new-sharma-travellers-and-cargo,Not provided by RailYatri
Bhawani Travels Bha,https://www.railyatri.in/bus-operators/bhawani-travels-bha,Not provided by RailYatri
Shriom Travels,https://www.railyatri.in/bus-operators/shriom-travels,Not provided by RailYatri
Msk Travels,https://www.railyatri.in/bus-operators/msk-travels,Not provided by RailYatri
New Raja Travels,https://www.railyatri.in/bus-operators/new-raja-travels,Not provided by RailYatri
Mujahid Bus Services,https://www.railyatri.in/bus-operators/mujahid-bus-services,Not provided by RailYatri
Bg Travels,https://www.railyatri.in/bus-operators/bg-travels,Not provided by RailYatri
Shri Sai Nath Travels,https://www.railyatri.in/bus-operators/shri-sai-nath-travels,Not provided by RailYatri
Sahil Bus Service,https://www.railyatri.in/bus-operators/sahil-bus-service,Not provided by RailYatri
Deepthi Travels,https://www.railyatri.in/bus-operators/deepthi-travels,Not provided by RailYatri
Holiday Appeal,https://www.railyatri.in/bus-operators/holiday-appeal,Not provided by RailYatri
Karni Kripa Travels,https://www.railyatri.in/bus-operators/karni-kripa-travels,Not provided by RailYatri
Shree Swami Samarth Travels Shree Swami Ichha,https://www.railyatri.in/bus-operators/shree-swami-samarth-travels-shree-swami-ichha,Not provided by RailYatri
Shree Krishna Travellers,https://www.railyatri.in/bus-operators/shree-krishna-travellers,Not provided by RailYatri
Shrinath Travels,https://www.railyatri.in/bus-operators/shrinath-travels,Not provided by RailYatri
Ashok Tours And Travels,https://www.railyatri.in/bus-operators/ashok-tours-and-travels,Not provided by RailYatri
Surana Vishal Tour And Travels,https://www.railyatri.in/bus-operators/surana-vishal-tour-and-travels,Not provided by RailYatri
Shreeji Travels,https://www.railyatri.in/bus-operators/shreeji-travels,Not provided by RailYatri
Lucky Travelsshivam Travels,https://www.railyatri.in/bus-operators/lucky-travelsshivam-travels,Not provided by RailYatri
Vasu Tour And Travels,https://www.railyatri.in/bus-operators/vasu-tour-and-travels,Not provided by RailYatri
Vijay Shree Travels,https://www.railyatri.in/bus-operators/vijay-shree-travels,Not provided by RailYatri
Sai Arpan Travels,https://www.railyatri.in/bus-operators/sai-arpan-travels,Not provided by RailYatri
Blue Birds Travels,https://www.railyatri.in/bus-operators/blue-birds-travels,Not provided by RailYatri
Assam Valley Travels,https://www.railyatri.in/bus-operators/assam-valley-travels,Not provided by RailYatri
Shri Shanti Travels,https://www.railyatri.in/bus-operators/shri-shanti-travels,Not provided by RailYatri
Balaji Bus Services,https://www.railyatri.in/bus-operators/balaji-bus-services,Not provided by RailYatri
Mahaveer Travels Companyextraaa,https://www.railyatri.in/bus-operators/mahaveer-travels-companyextraaa,Not provided by RailYatri
Anshi Rajshree Travels,https://www.railyatri.in/bus-operators/anshi-rajshree-travels,Not provided by RailYatri
Mewara Travels,https://www.railyatri.in/bus-operators/mewara-travels,Not provided by RailYatri
Babu Travelsnew Pack A C Royal Safari,https://www.railyatri.in/bus-operators/babu-travelsnew-pack-a-c-royal-safari,Not provided by RailYatri
Hare Krishna Travels King Bus,https://www.railyatri.in/bus-operators/hare-krishna-travels-king-bus,Not provided by RailYatri
Rajdhani Travels,https://www.railyatri.in/bus-operators/rajdhani-travels,Not provided by RailYatri
Balaji Travels Balaji Travels,https://www.railyatri.in/bus-operators/balaji-travels-balaji-travels,Not provided by RailYatri
Rai Bus Servicesashok Travels,https://www.railyatri.in/bus-operators/rai-bus-servicesashok-travels,Not provided by RailYatri
Lucky Travels,https://www.railyatri.in/bus-operators/lucky-travels,Not provided by RailYatri
Prtc Patiala Depot,https://www.railyatri.in/bus-operators/prtc-patiala-depot,Not provided by RailYatri
Gagan Tourist,https://www.railyatri.in/bus-operators/gagan-tourist,Not provided by RailYatri
Sunway Travels,https://www.railyatri.in/bus-operators/sunway-travels,Not provided by RailYatri
New Shree Patel Travels,https://www.railyatri.in/bus-operators/new-shree-patel-travels,Not provided by RailYatri
Jaymant Travelsbrand New Bus,https://www.railyatri.in/bus-operators/jaymant-travelsbrand-new-bus,Not provided by RailYatri
Shree Swami Samarth Travels Vishal,https://www.railyatri.in/bus-operators/shree-swami-samarth-travels-vishal,Not provided by RailYatri
Indore Travels Sayyed Bus,https://www.railyatri.in/bus-operators/indore-travels-sayyed-bus,Not provided by RailYatri
Eagle Shree Rishabh Travels Eagle Shree Rishabh,https://www.railyatri.in/bus-operators/eagle-shree-rishabh-travels-eagle-shree-rishabh,Not provided by RailYatri
Lucky Travelslucky Travels,https://www.railyatri.in/bus-operators/lucky-travelslucky-travels,Not provided by RailYatri
Gangesh Tour And Travels,https://www.railyatri.in/bus-operators/gangesh-tour-and-travels,Not provided by RailYatri
Bhopal Travels Rayeen Travels,https://www.railyatri.in/bus-operators/bhopal-travels-rayeen-travels,Not provided by RailYatri
Shree Mahadev Tour And Travels,https://www.railyatri.in/bus-operators/shree-mahadev-tour-and-travels,Not provided by RailYatri
Shri Krishna Travels,https://www.railyatri.in/bus-operators/shri-krishna-travels,Not provided by RailYatri
Shree Anjaniputra Travels And Cargo Pvt Ltd,https://www.railyatri.in/bus-operators/shree-anjaniputra-travels-and-cargo-pvt-ltd,Not provided by RailYatri
Shri Ram Travels,https://www.railyatri.in/bus-operators/shri-ram-travels,Not provided by RailYatri
Siddhivinayak Travels,https://www.railyatri.in/bus-operators/siddhivinayak-travels,Not provided by RailYatri
Ms Group Travels Cab Service,https://www.railyatri.in/bus-operators/ms-group-travels-cab-service,Not provided by RailYatri
Patel Travels,https://www.railyatri.in/bus-operators/patel-travels,Not provided by RailYatri
Trisha Travels,https://www.railyatri.in/bus-operators/trisha-travels,Not provided by RailYatri
Eagle Travels,https://www.railyatri.in/bus-operators/eagle-travels,Not provided by RailYatri
Rajwadi Travels Sikar,https://www.railyatri.in/bus-operators/rajwadi-travels-sikar,Not provided by RailYatri
Tantia Travels And Cargopalace On Wheels,https://www.railyatri.in/bus-operators/tantia-travels-and-cargopalace-on-wheels,Not provided by RailYatri
Sahara Tourist,https://www.railyatri.in/bus-operators/sahara-tourist,Not provided by RailYatri
Delhi Bus India,https://www.railyatri.in/bus-operators/delhi-bus-india,Not provided by RailYatri
Tulsi Travels,https://www.railyatri.in/bus-operators/tulsi-travels,Not provided by RailYatri
Sai Yatra Co And Krishna Travels,https://www.railyatri.in/bus-operators/sai-yatra-co-and-krishna-travels,Not provided by RailYatri
Holiday Delights,https://www.railyatri.in/bus-operators/holiday-delights,Not provided by RailYatri
Babu Travels Business Class,https://www.railyatri.in/bus-operators/babu-travels-business-class,Not provided by RailYatri
Suraj Travels And Cargo Service,https://www.railyatri.in/bus-operators/suraj-travels-and-cargo-service,Not provided by RailYatri
K S Tour And Travels,https://www.railyatri.in/bus-operators/k-s-tour-and-travels,Not provided by RailYatri
Virendra Janta Travels,https://www.railyatri.in/bus-operators/virendra-janta-travels,Not provided by RailYatri
G P M Travels,https://www.railyatri.in/bus-operators/g-p-m-travels,Not provided by RailYatri
Raj Express,https://www.railyatri.in/bus-operators/raj-express,Not provided by RailYatri
Paulo Travels No Dinner Halt,https://www.railyatri.in/bus-operators/paulo-travels-no-dinner-halt,Not provided by RailYatri
Pooja Express Tour And Travels,https://www.railyatri.in/bus-operators/pooja-express-tour-and-travels,Not provided by RailYatri
Parihar Travels Non Stop,https://www.railyatri.in/bus-operators/parihar-travels-non-stop,Not provided by RailYatri
Shree Kambeshwar Travels,https://www.railyatri.in/bus-operators/shree-kambeshwar-travels,Not provided by RailYatri
Hare Krishna Travelsvaibhav,https://www.railyatri.in/bus-operators/hare-krishna-travelsvaibhav,Not provided by RailYatri
Mukesh Tours And Travels,https://www.railyatri.in/bus-operators/mukesh-tours-and-travels,Not provided by RailYatri
Nafees Travels Pvt Ltd,https://www.railyatri.in/bus-operators/nafees-travels-pvt-ltd,Not provided by RailYatri
Shree Laxmi Yatra,https://www.railyatri.in/bus-operators/shree-laxmi-yatra,Not provided by RailYatri
Shanti Travels,https://www.railyatri.in/bus-operators/shanti-travels,Not provided by RailYatri
Sai Yatra Travels,https://www.railyatri.in/bus-operators/sai-yatra-travels,Not provided by RailYatri
Chandramukhi Travels Sikar,https://www.railyatri.in/bus-operators/chandramukhi-travels-sikar,Not provided by RailYatri
Rajdhani Bus Sewa,https://www.railyatri.in/bus-operators/rajdhani-bus-sewa,Not provided by RailYatri
Mahadev Travels Agency,https://www.railyatri.in/bus-operators/mahadev-travels-agency,Not provided by RailYatri
Global Travels,https://www.railyatri.in/bus-operators/global-travels,Not provided by RailYatri
Pandu Travels,https://www.railyatri.in/bus-operators/pandu-travels,Not provided by RailYatri
Lal Baba Travels,https://www.railyatri.in/bus-operators/lal-baba-travels,Not provided by RailYatri
Ram Rath Travels Cargo,https://www.railyatri.in/bus-operators/ram-rath-travels-cargo,Not provided by RailYatri
Sma Travels,https://www.railyatri.in/bus-operators/sma-travels,Not provided by RailYatri
Jay Ramanandi Bus Service,https://www.railyatri.in/bus-operators/jay-ramanandi-bus-service,Not provided by RailYatri
Kalika Subham Travels,https://www.railyatri.in/bus-operators/kalika-subham-travels,Not provided by RailYatri
Divyanshu Tour And Travels,https://www.railyatri.in/bus-operators/divyanshu-tour-and-travels,Not provided by RailYatri
Seema Pooja Travels,https://www.railyatri.in/bus-operators/seema-pooja-travels,Not provided by RailYatri
Shri Raj Travels,https://www.railyatri.in/bus-operators/shri-raj-travels,Not provided by RailYatri
Kdh Travels And Logistics,https://www.railyatri.in/bus-operators/kdh-travels-and-logistics,Not provided by RailYatri
Shreenath Yadav Indore,https://www.railyatri.in/bus-operators/shreenath-yadav-indore,Not provided by RailYatri
Neelam Travels,https://www.railyatri.in/bus-operators/neelam-travels,Not provided by RailYatri
Divyanshu Travels Divyanshu Travels,https://www.railyatri.in/bus-operators/divyanshu-travels-divyanshu-travels,Not provided by RailYatri
Sandhya Travels,https://www.railyatri.in/bus-operators/sandhya-travels,Not provided by RailYatri
Yadav Vishvkarma Tours And Travels,https://www.railyatri.in/bus-operators/yadav-vishvkarma-tours-and-travels,Not provided by RailYatri
Yogeshwari Tours And Travel Yogeshwari,https://www.railyatri.in/bus-operators/yogeshwari-tours-and-travel-yogeshwari,Not provided by RailYatri
Rajlaxmi Travel Agency,https://www.railyatri.in/bus-operators/rajlaxmi-travel-agency,Not provided by RailYatri
Paavan Travels,https://www.railyatri.in/bus-operators/paavan-travels,Not provided by RailYatri
People Bus Service,https://www.railyatri.in/bus-operators/people-bus-service,Not provided by RailYatri
Ashok Tourists J M B S Pvt Ltd,https://www.railyatri.in/bus-operators/ashok-tourists-j-m-b-s-pvt-ltd,Not provided by RailYatri
Aainath And Siddhi Vinayak Travels,https://www.railyatri.in/bus-operators/aainath-and-siddhi-vinayak-travels,Not provided by RailYatri
Meet Travels,https://www.railyatri.in/bus-operators/meet-travels,Not provided by RailYatri
Chirag Travels Agency,https://www.railyatri.in/bus-operators/chirag-travels-agency,Not provided by RailYatri
Sree Jothi Travels,https://www.railyatri.in/bus-operators/sree-jothi-travels,Not provided by RailYatri
Kothari Travels,https://www.railyatri.in/bus-operators/kothari-travels,Not provided by RailYatri
Royal Tourist,https://www.railyatri.in/bus-operators/royal-tourist,Not provided by RailYatri
Ajay Travels,https://www.railyatri.in/bus-operators/ajay-travels,Not provided by RailYatri
Alok Travels,https://www.railyatri.in/bus-operators/alok-travels,Not provided by RailYatri
Shyam Travels,https://www.railyatri.in/bus-operators/shyam-travels,Not provided by RailYatri
Laxmi Tours And Travels,https://www.railyatri.in/bus-operators/laxmi-tours-and-travels,Not provided by RailYatri
Bhati Tour And Travels,https://www.railyatri.in/bus-operators/bhati-tour-and-travels,Not provided by RailYatri
Jagdamb Tours And Travels,https://www.railyatri.in/bus-operators/jagdamb-tours-and-travels,Not provided by RailYatri
Mjt Travels,https://www.railyatri.in/bus-operators/mjt-travels,Not provided by RailYatri
Babu Travels Royal Safari,https://www.railyatri.in/bus-operators/babu-travels-royal-safari,Not provided by RailYatri
Global Travel Agency,https://www.railyatri.in/bus-operators/global-travel-agency,Not provided by RailYatri
Ravi Travels,https://www.railyatri.in/bus-operators/ravi-travels,Not provided by RailYatri
Sundesha Travels,https://www.railyatri.in/bus-operators/sundesha-travels,Not provided by RailYatri
Saraswat Travels,https://www.railyatri.in/bus-operators/saraswat-travels,Not provided by RailYatri
Shree Swami Samarth Travels Swami Samarth,https://www.railyatri.in/bus-operators/shree-swami-samarth-travels-swami-samarth,Not provided by RailYatri
Thar Travels,https://www.railyatri.in/bus-operators/thar-travels,Not provided by RailYatri
Rytham Travels,https://www.railyatri.in/bus-operators/rytham-travels,Not provided by RailYatri
S V Travels,https://www.railyatri.in/bus-operators/s-v-travels,Not provided by RailYatri
Singh Brother Bus Services,https://www.railyatri.in/bus-operators/singh-brother-bus-services,Not provided by RailYatri
Sky Travels Surat,https://www.railyatri.in/bus-operators/sky-travels-surat,Not provided by RailYatri
Beniwal Travels,https://www.railyatri.in/bus-operators/beniwal-travels,Not provided by RailYatri
Lake City Travels With Heater,https://www.railyatri.in/bus-operators/lake-city-travels-with-heater,Not provided by RailYatri
Sai Baba Travels,https://www.railyatri.in/bus-operators/sai-baba-travels,Not provided by RailYatri
Jain Shiv Shankar Travels,https://www.railyatri.in/bus-operators/jain-shiv-shankar-travels,Not provided by RailYatri
Babu Travelsa C Airbus,https://www.railyatri.in/bus-operators/babu-travelsa-c-airbus,Not provided by RailYatri
M J Bhati Tour And Travels,https://www.railyatri.in/bus-operators/m-j-bhati-tour-and-travels,Not provided by RailYatri
Shree Dwarkadhish Travels And Hanuman Bhati Cargo,https://www.railyatri.in/bus-operators/shree-dwarkadhish-travels-and-hanuman-bhati-cargo,Not provided by RailYatri
Jaishree Travels,https://www.railyatri.in/bus-operators/jaishree-travels,Not provided by RailYatri
Shree Sai Travels Jai Guru Ji,https://www.railyatri.in/bus-operators/shree-sai-travels-jai-guru-ji,Not provided by RailYatri
Tantia Travels And Cargo,https://www.railyatri.in/bus-operators/tantia-travels-and-cargo,Not provided by RailYatri
New Preeti Travels,https://www.railyatri.in/bus-operators/new-preeti-travels,Not provided by RailYatri
Yogeshwari Tours And Travel Yogeshwari Tours,https://www.railyatri.in/bus-operators/yogeshwari-tours-and-travel-yogeshwari-tours,Not provided by RailYatri
R K Kalpana Travels,https://www.railyatri.in/bus-operators/r-k-kalpana-travels,Not provided by RailYatri
Dwarkesh Girnar Travels,https://www.railyatri.in/bus-operators/dwarkesh-girnar-travels,Not provided by RailYatri
Vijay Tour And Travelsvolvo,https://www.railyatri.in/bus-operators/vijay-tour-and-travelsvolvo,Not provided by RailYatri
Jiya Travels,https://www.railyatri.in/bus-operators/jiya-travels,Not provided by RailYatri
New Travel India,https://www.railyatri.in/bus-operators/new-travel-india,Not provided by RailYatri
Kamlesh Travels,https://www.railyatri.in/bus-operators/kamlesh-travels,Not provided by RailYatri
Babu Travelsextra,https://www.railyatri.in/bus-operators/babu-travelsextra,Not provided by RailYatri
Shreenath Travellers Co Iso Since,https://www.railyatri.in/bus-operators/shreenath-travellers-co-iso-since,Not provided by RailYatri
Thenmozhi Travels,https://www.railyatri.in/bus-operators/thenmozhi-travels,Not provided by RailYatri
Devi Krupa Travels,https://www.railyatri.in/bus-operators/devi-krupa-travels,Not provided by RailYatri
Snt Travels,https://www.railyatri.in/bus-operators/snt-travels,Not provided by RailYatri
More Travels,https://www.railyatri.in/bus-operators/more-travels,Not provided by RailYatri
Veer Travels Shutter Coach,https://www.railyatri.in/bus-operators/veer-travels-shutter-coach,Not provided by RailYatri
S K Travels,https://www.railyatri.in/bus-operators/s-k-travels,Not provided by RailYatri
Shilpa Tour And Travels,https://www.railyatri.in/bus-operators/shilpa-tour-and-travels,Not provided by RailYatri
Siddharth Travels,https://www.railyatri.in/bus-operators/siddharth-travels,Not provided by RailYatri
Unique Tour And Travels,https://www.railyatri.in/bus-operators/unique-tour-and-travels,Not provided by RailYatri
Jr Travels,https://www.railyatri.in/bus-operators/jr-travels,Not provided by RailYatri
Prince Travels Ahmedabad,https://www.railyatri.in/bus-operators/prince-travels-ahmedabad,Not provided by RailYatri
Shailesh Travelssai Bus,https://www.railyatri.in/bus-operators/shailesh-travelssai-bus,Not provided by RailYatri
Priya Travels,https://www.railyatri.in/bus-operators/priya-travels,Not provided by RailYatri
Guru Kripa Travels,https://www.railyatri.in/bus-operators/guru-kripa-travels,Not provided by RailYatri
Arora Tours And Travels,https://www.railyatri.in/bus-operators/arora-tours-and-travels,Not provided by RailYatri
Sai Anand,https://www.railyatri.in/bus-operators/sai-anand,Not provided by RailYatri
Vijay Tour And Travels Pack Glass Coach,https://www.railyatri.in/bus-operators/vijay-tour-and-travels-pack-glass-coach,Not provided by RailYatri
Lake City Travels,https://www.railyatri.in/bus-operators/lake-city-travels,Not provided by RailYatri
Maharashtra Travels Raja,https://www.railyatri.in/bus-operators/maharashtra-travels-raja,Not provided by RailYatri
Sangwan Travels,https://www.railyatri.in/bus-operators/sangwan-travels,Not provided by RailYatri
Kapoor Travels,https://www.railyatri.in/bus-operators/kapoor-travels,Not provided by RailYatri
India Travelsbhavana,https://www.railyatri.in/bus-operators/india-travelsbhavana,Not provided by RailYatri
Oswal Travels,https://www.railyatri.in/bus-operators/oswal-travels,Not provided by RailYatri
Daukiya Travels,https://www.railyatri.in/bus-operators/daukiya-travels,Not provided by RailYatri
Grape City Travels,https://www.railyatri.in/bus-operators/grape-city-travels,Not provided by RailYatri
Bhavana Travels,https://www.railyatri.in/bus-operators/bhavana-travels,Not provided by RailYatri
Yuga Travels Yuga Business Class,https://www.railyatri.in/bus-operators/yuga-travels-yuga-business-class,Not provided by RailYatri
Ashok Travels Regd,https://www.railyatri.in/bus-operators/ashok-travels-regd,Not provided by RailYatri
Shekhwat Rinku Travels,https://www.railyatri.in/bus-operators/shekhwat-rinku-travels,Not provided by RailYatri
R J Travels,https://www.railyatri.in/bus-operators/r-j-travels,Not provided by RailYatri
Sai Travels Amravatisai Treval,https://www.railyatri.in/bus-operators/sai-travels-amravatisai-treval,Not provided by RailYatri
Saral Yatra,https://www.railyatri.in/bus-operators/saral-yatra,Not provided by RailYatri
Shreenath Tour And Travels Iso,https://www.railyatri.in/bus-operators/shreenath-tour-and-travels-iso,Not provided by RailYatri
Pensiya Travels,https://www.railyatri.in/bus-operators/pensiya-travels,Not provided by RailYatri
Hisar Travels,https://www.railyatri.in/bus-operators/hisar-travels,Not provided by RailYatri
Paras Travels,https://www.railyatri.in/bus-operators/paras-travels,Not provided by RailYatri
Priya Travels Surat,https://www.railyatri.in/bus-operators/priya-travels-surat,Not provided by RailYatri
Sai Darsan Travels,https://www.railyatri.in/bus-operators/sai-darsan-travels,Not provided by RailYatri
Hare Krishna Travelsm K Bus Service,https://www.railyatri.in/bus-operators/hare-krishna-travelsm-k-bus-service,Not provided by RailYatri
Deepak Travels,https://www.railyatri.in/bus-operators/deepak-travels,Not provided by RailYatri
Chandra Shreeji Darshan Travelsj J Travels,https://www.railyatri.in/bus-operators/chandra-shreeji-darshan-travelsj-j-travels,Not provided by RailYatri
Shree Vijayant Travels,https://www.railyatri.in/bus-operators/shree-vijayant-travels,Not provided by RailYatri
Jay Bajarang Travels,https://www.railyatri.in/bus-operators/jay-bajarang-travels,Not provided by RailYatri
Pawar Tours And Travels Pawar Travels,https://www.railyatri.in/bus-operators/pawar-tours-and-travels-pawar-travels,Not provided by RailYatri
Bhagwati Travels And Tours,https://www.railyatri.in/bus-operators/bhagwati-travels-and-tours,Not provided by RailYatri
Choudhary Travels Agency,https://www.railyatri.in/bus-operators/choudhary-travels-agency,Not provided by RailYatri
N T New National,https://www.railyatri.in/bus-operators/n-t-new-national,Not provided by RailYatri
Choudhary Travels,https://www.railyatri.in/bus-operators/choudhary-travels,Not provided by RailYatri
Armaan Tour And Travels,https://www.railyatri.in/bus-operators/armaan-tour-and-travels,Not provided by RailYatri
Rajlaxmi Dewasi Travels,https://www.railyatri.in/bus-operators/rajlaxmi-dewasi-travels,Not provided by RailYatri
Honey Trvlsshatabdi,https://www.railyatri.in/bus-operators/honey-trvlsshatabdi,Not provided by RailYatri
Miri Piri Travels,https://www.railyatri.in/bus-operators/miri-piri-travels,Not provided by RailYatri
Sai Travels Volvo Service,https://www.railyatri.in/bus-operators/sai-travels-volvo-service,Not provided by RailYatri
Shree Tara Travels,https://www.railyatri.in/bus-operators/shree-tara-travels,Not provided by RailYatri
Indrani,https://www.railyatri.in/bus-operators/indrani,Not provided by RailYatri
Indani Travels,https://www.railyatri.in/bus-operators/indani-travels,Not provided by RailYatri
Rahul Travels Sheetal,https://www.railyatri.in/bus-operators/rahul-travels-sheetal,Not provided by RailYatri
Veena Travels,https://www.railyatri.in/bus-operators/veena-travels,Not provided by RailYatri
Golden Temple Tours And Travels,https://www.railyatri.in/bus-operators/golden-temple-tours-and-travels,Not provided by RailYatri
Vijay Tour And Travels Pack Glass,https://www.railyatri.in/bus-operators/vijay-tour-and-travels-pack-glass,Not provided by RailYatri
Sachi Travels,https://www.railyatri.in/bus-operators/sachi-travels,Not provided by RailYatri
M K Bus Service Brand New Coach,https://www.railyatri.in/bus-operators/m-k-bus-service-brand-new-coach,Not provided by RailYatri
Rathore And Rajpreet Travels,https://www.railyatri.in/bus-operators/rathore-and-rajpreet-travels,Not provided by RailYatri
Vidarbha Travels,https://www.railyatri.in/bus-operators/vidarbha-travels,Not provided by RailYatri
Sahara Tourist Sahara Tourists,https://www.railyatri.in/bus-operators/sahara-tourist-sahara-tourists,Not provided by RailYatri
Shreenath Travellers Co Iso Brand New Ashok Leyland,https://www.railyatri.in/bus-operators/shreenath-travellers-co-iso-brand-new-ashok-leyland,Not provided by RailYatri
Shree Maruti Travels,https://www.railyatri.in/bus-operators/shree-maruti-travels,Not provided by RailYatri
Sri Sai Travels,https://www.railyatri.in/bus-operators/sri-sai-travels,Not provided by RailYatri
Shree Krishna Bus Service,https://www.railyatri.in/bus-operators/shree-krishna-bus-service,Not provided by RailYatri
Sadguru Shivam Travels,https://www.railyatri.in/bus-operators/sadguru-shivam-travels,Not provided by RailYatri
Jain Travels Shivpuri,https://www.railyatri.in/bus-operators/jain-travels-shivpuri,Not provided by RailYatri
Maa Vankal Barmer Travels,https://www.railyatri.in/bus-operators/maa-vankal-barmer-travels,Not provided by RailYatri
Shyam Baba,https://www.railyatri.in/bus-operators/shyam-baba,Not provided by RailYatri
Yolo Bus,https://www.railyatri.in/bus-operators/yolo-bus,Not provided by RailYatri
Libra Bus Service,https://www.railyatri.in/bus-operators/libra-bus-service,Not provided by RailYatri
Om Shrinath Tours And Travelschamunda Travels,https://www.railyatri.in/bus-operators/om-shrinath-tours-and-travelschamunda-travels,Not provided by RailYatri
Baba Budha Ji Travels,https://www.railyatri.in/bus-operators/baba-budha-ji-travels,Not provided by RailYatri
Shree Nath Travels,https://www.railyatri.in/bus-operators/shree-nath-travels,Not provided by RailYatri
Raja Travels,https://www.railyatri.in/bus-operators/raja-travels,Not provided by RailYatri
Shri Mallinath Tours And Travels,https://www.railyatri.in/bus-operators/shri-mallinath-tours-and-travels,Not provided by RailYatri
Rathore Travels Agency,https://www.railyatri.in/bus-operators/rathore-travels-agency,Not provided by RailYatri
Royal Chintamani,https://www.railyatri.in/bus-operators/royal-chintamani,Not provided by RailYatri
Whiteline Travels,https://www.railyatri.in/bus-operators/whiteline-travels,Not provided by RailYatri
Shree Shyam Travels,https://www.railyatri.in/bus-operators/shree-shyam-travels,Not provided by RailYatri
Rajan Travels,https://www.railyatri.in/bus-operators/rajan-travels,Not provided by RailYatri
Manali Ice Angels,https://www.railyatri.in/bus-operators/manali-ice-angels,Not provided by RailYatri
Chandra Travels,https://www.railyatri.in/bus-operators/chandra-travels,Not provided by RailYatri
Ram Travelsshree Ganesh Bus,https://www.railyatri.in/bus-operators/ram-travelsshree-ganesh-bus,Not provided by RailYatri
Ibs Travels,https://www.railyatri.in/bus-operators/ibs-travels,Not provided by RailYatri
Shri Jee Travels Dholpur,https://www.railyatri.in/bus-operators/shri-jee-travels-dholpur,Not provided by RailYatri
Jain Travels Surat,https://www.railyatri.in/bus-operators/jain-travels-surat,Not provided by RailYatri
Seoni Roadways,https://www.railyatri.in/bus-operators/seoni-roadways,Not provided by RailYatri
Satnam Travels Raj Bus,https://www.railyatri.in/bus-operators/satnam-travels-raj-bus,Not provided by RailYatri
J K Travels,https://www.railyatri.in/bus-operators/j-k-travels,Not provided by RailYatri
N T Abhinav Travels,https://www.railyatri.in/bus-operators/n-t-abhinav-travels,Not provided by RailYatri
Rajhans Bhadouriya Travels,https://www.railyatri.in/bus-operators/rajhans-bhadouriya-travels,Not provided by RailYatri
Khusboo Tours Travels,https://www.railyatri.in/bus-operators/khusboo-tours-travels,Not provided by RailYatri
Jai Mata Ji Travels Ac,https://www.railyatri.in/bus-operators/jai-mata-ji-travels-ac,Not provided by RailYatri
Aryan Travel,https://www.railyatri.in/bus-operators/aryan-travel,Not provided by RailYatri
Multani Sona Travels,https://www.railyatri.in/bus-operators/multani-sona-travels,Not provided by RailYatri
Veer Travels Sutter Coach,https://www.railyatri.in/bus-operators/veer-travels-sutter-coach,Not provided by RailYatri
Mahendras New Bus,https://www.railyatri.in/bus-operators/mahendras-new-bus,Not provided by RailYatri
Mercedez Benz Bus,https://www.railyatri.in/bus-operators/mercedez-benz-bus,Not provided by RailYatri
Skt Travels,https://www.railyatri.in/bus-operators/skt-travels,Not provided by RailYatri
Paliwal Travels,https://www.railyatri.in/bus-operators/paliwal-travels,Not provided by RailYatri
Babu Travels Newly Started,https://www.railyatri.in/bus-operators/babu-travels-newly-started,Not provided by RailYatri
Urvashi Travels,https://www.railyatri.in/bus-operators/urvashi-travels,Not provided by RailYatri
Vishwakarma Tours And Travels,https://www.railyatri.in/bus-operators/vishwakarma-tours-and-travels,Not provided by RailYatri
Rp Rajasthan Travels,https://www.railyatri.in/bus-operators/rp-rajasthan-travels,Not provided by RailYatri
Veer Tours And Travels,https://www.railyatri.in/bus-operators/veer-tours-and-travels,Not provided by RailYatri
Raj Kalpana Travels,https://www.railyatri.in/bus-operators/raj-kalpana-travels,Not provided by RailYatri
Ambey Travels Lalitpur,https://www.railyatri.in/bus-operators/ambey-travels-lalitpur,Not provided by RailYatri
Prtc Ludhiana Depot,https://www.railyatri.in/bus-operators/prtc-ludhiana-depot,Not provided by RailYatri
Sai Leela Travels,https://www.railyatri.in/bus-operators/sai-leela-travels,Not provided by RailYatri
Shubham Travels Up,https://www.railyatri.in/bus-operators/shubham-travels-up,Not provided by RailYatri
Raj Travels Basti,https://www.railyatri.in/bus-operators/raj-travels-basti,Not provided by RailYatri
Shiv Bhole Nath Travels,https://www.railyatri.in/bus-operators/shiv-bhole-nath-travels,Not provided by RailYatri
New Kothari Travels,https://www.railyatri.in/bus-operators/new-kothari-travels,Not provided by RailYatri
Shree Paras Travels,https://www.railyatri.in/bus-operators/shree-paras-travels,Not provided by RailYatri
Sneh Lata Travels,https://www.railyatri.in/bus-operators/sneh-lata-travels,Not provided by RailYatri
Indo Canadian Interstate Transport,https://www.railyatri.in/bus-operators/indo-canadian-interstate-transport,Not provided by RailYatri
Lavi Travels,https://www.railyatri.in/bus-operators/lavi-travels,Not provided by RailYatri
Prashant Tours And Travels,https://www.railyatri.in/bus-operators/prashant-tours-and-travels,Not provided by RailYatri
Shatabdi Tour And Travels,https://www.railyatri.in/bus-operators/shatabdi-tour-and-travels,Not provided by RailYatri
Vaishali Express,https://www.railyatri.in/bus-operators/vaishali-express,Not provided by RailYatri
Bihar Bus Service,https://www.railyatri.in/bus-operators/bihar-bus-service,Not provided by RailYatri
Jangid Vishwakarma Tour And Travels,https://www.railyatri.in/bus-operators/jangid-vishwakarma-tour-and-travels,Not provided by RailYatri
Sangam Travels,https://www.railyatri.in/bus-operators/sangam-travels,Not provided by RailYatri
Krc Travel Access,https://www.railyatri.in/bus-operators/krc-travel-access,Not provided by RailYatri
Pavan Travels Jnd,https://www.railyatri.in/bus-operators/pavan-travels-jnd,Not provided by RailYatri
Shree Vijay Travels Cool Baba,https://www.railyatri.in/bus-operators/shree-vijay-travels-cool-baba,Not provided by RailYatri
Agrawal Travels,https://www.railyatri.in/bus-operators/agrawal-travels,Not provided by RailYatri
Adventure Booking Centre Pvt Ltd,https://www.railyatri.in/bus-operators/adventure-booking-centre-pvt-ltd,Not provided by RailYatri
New Apex Chandra Travels,https://www.railyatri.in/bus-operators/new-apex-chandra-travels,Not provided by RailYatri
Jay Mauli Travels,https://www.railyatri.in/bus-operators/jay-mauli-travels,Not provided by RailYatri
Shihori Travels,https://www.railyatri.in/bus-operators/shihori-travels,Not provided by RailYatri
Maharashtra Travels,https://www.railyatri.in/bus-operators/maharashtra-travels,Not provided by RailYatri
Dax Travels,https://www.railyatri.in/bus-operators/dax-travels,Not provided by RailYatri
Mahendra Travels Maharashtra,https://www.railyatri.in/bus-operators/mahendra-travels-maharashtra,Not provided by RailYatri
Snemita Paribahan,https://www.railyatri.in/bus-operators/snemita-paribahan,Not provided by RailYatri
Tirth,https://www.railyatri.in/bus-operators/tirth,Not provided by RailYatri
Sri Venkata Ramana Travels,https://www.railyatri.in/bus-operators/sri-venkata-ramana-travels,Not provided by RailYatri
Ds Sodha Travels,https://www.railyatri.in/bus-operators/ds-sodha-travels,Not provided by RailYatri
Kanak Holidays,https://www.railyatri.in/bus-operators/kanak-holidays,Not provided by RailYatri
Paulo Travels X,https://www.railyatri.in/bus-operators/paulo-travels-x,Not provided by RailYatri
Samy Travels,https://www.railyatri.in/bus-operators/samy-travels,Not provided by RailYatri
Ashu Travels India,https://www.railyatri.in/bus-operators/ashu-travels-india,Not provided by RailYatri
Vaishali Express Via Ragargang,https://www.railyatri.in/bus-operators/vaishali-express-via-ragargang,Not provided by RailYatri
Mahasagar,https://www.railyatri.in/bus-operators/mahasagar,Not provided by RailYatri
Chouhan Travels And Cargo,https://www.railyatri.in/bus-operators/chouhan-travels-and-cargo,Not provided by RailYatri
Sea Bird Tourist,https://www.railyatri.in/bus-operators/sea-bird-tourist,Not provided by RailYatri
Shree Parshwanth Travels And Cargo,https://www.railyatri.in/bus-operators/shree-parshwanth-travels-and-cargo,Not provided by RailYatri
Tiger Travels,https://www.railyatri.in/bus-operators/tiger-travels,Not provided by RailYatri
Sobnam Travels,https://www.railyatri.in/bus-operators/sobnam-travels,Not provided by RailYatri
Kamal Travels,https://www.railyatri.in/bus-operators/kamal-travels,Not provided by RailYatri
Yatra Travels,https://www.railyatri.in/bus-operators/yatra-travels,Not provided by RailYatri
Yadav Bus Service,https://www.railyatri.in/bus-operators/yadav-bus-service,Not provided by RailYatri
Vishal Travels,https://www.railyatri.in/bus-operators/vishal-travels,Not provided by RailYatri
Seema Travels,https://www.railyatri.in/bus-operators/seema-travels,Not provided by RailYatri
Brahmaputra Travels,https://www.railyatri.in/bus-operators/brahmaputra-travels,Not provided by RailYatri
Vijaylaxmi Travels,https://www.railyatri.in/bus-operators/vijaylaxmi-travels,Not provided by RailYatri
Sainath Travel Agency,https://www.railyatri.in/bus-operators/sainath-travel-agency,Not provided by RailYatri
Super Power Travels,https://www.railyatri.in/bus-operators/super-power-travels,Not provided by RailYatri
Jai Shrinath Travels,https://www.railyatri.in/bus-operators/jai-shrinath-travels,Not provided by RailYatri
Vijay Shakti Travels,https://www.railyatri.in/bus-operators/vijay-shakti-travels,Not provided by RailYatri
Pavan Travels Junagadh,https://www.railyatri.in/bus-operators/pavan-travels-junagadh,Not provided by RailYatri
Punjab Travels,https://www.railyatri.in/bus-operators/punjab-travels,Not provided by RailYatri
Pragathi Tourist Corporation,https://www.railyatri.in/bus-operators/pragathi-tourist-corporation,Not provided by RailYatri
Indore Travels And Transport Co,https://www.railyatri.in/bus-operators/indore-travels-and-transport-co,Not provided by RailYatri
Eagle Express Falcon,https://www.railyatri.in/bus-operators/eagle-express-falcon,Not provided by RailYatri
Bhambhu Travels,https://www.railyatri.in/bus-operators/bhambhu-travels,Not provided by RailYatri
Country Line Travels And Cargo,https://www.railyatri.in/bus-operators/country-line-travels-and-cargo,Not provided by RailYatri
New Dharti Travels,https://www.railyatri.in/bus-operators/new-dharti-travels,Not provided by RailYatri
Gogte Travels,https://www.railyatri.in/bus-operators/gogte-travels,Not provided by RailYatri
New Bharat Travels,https://www.railyatri.in/bus-operators/new-bharat-travels,Not provided by RailYatri
Ekta Travels,https://www.railyatri.in/bus-operators/ekta-travels,Not provided by RailYatri
Hirani Travels,https://www.railyatri.in/bus-operators/hirani-travels,Not provided by RailYatri
Sheetal Travels,https://www.railyatri.in/bus-operators/sheetal-travels,Not provided by RailYatri
Rajwadi Travels,https://www.railyatri.in/bus-operators/rajwadi-travels,Not provided by RailYatri
S N Travels,https://www.railyatri.in/bus-operators/s-n-travels,Not provided by RailYatri
Matru Krupa Travels,https://www.railyatri.in/bus-operators/matru-krupa-travels,Not provided by RailYatri
Vinod Travel,https://www.railyatri.in/bus-operators/vinod-travel,Not provided by RailYatri
Jmd Travels,https://www.railyatri.in/bus-operators/jmd-travels,Not provided by RailYatri
Shrinath Tours And Travels,https://www.railyatri.in/bus-operators/shrinath-tours-and-travels,Not provided by RailYatri
Shailu Tour And Travels,https://www.railyatri.in/bus-operators/shailu-tour-and-travels,Not provided by RailYatri
R S Chandra Travels,https://www.railyatri.in/bus-operators/r-s-chandra-travels,Not provided by RailYatri
E Bus India,https://www.railyatri.in/bus-operators/e-bus-india,Not provided by RailYatri
Chandra Kripa Travels,https://www.railyatri.in/bus-operators/chandra-kripa-travels,Not provided by RailYatri
Ashok Travels Ujjain Skt,https://www.railyatri.in/bus-operators/ashok-travels-ujjain-skt,Not provided by RailYatri
Gujarat Travels Business Class,https://www.railyatri.in/bus-operators/gujarat-travels-business-class,Not provided by RailYatri
Syndicate Natkar Travels,https://www.railyatri.in/bus-operators/syndicate-natkar-travels,Not provided by RailYatri
Anuraag Travels,https://www.railyatri.in/bus-operators/anuraag-travels,Not provided by RailYatri
Patliputra Services,https://www.railyatri.in/bus-operators/patliputra-services,Not provided by RailYatri
Sri Kankadurga Travels,https://www.railyatri.in/bus-operators/sri-kankadurga-travels,Not provided by RailYatri
Go Red Benz,https://www.railyatri.in/bus-operators/go-red-benz,Not provided by RailYatri
Saurabh Travels Parasia,https://www.railyatri.in/bus-operators/saurabh-travels-parasia,Not provided by RailYatri
Eagle Falcon Bus,https://www.railyatri.in/bus-operators/eagle-falcon-bus,Not provided by RailYatri
Syndicate Travels,https://www.railyatri.in/bus-operators/syndicate-travels,Not provided by RailYatri
Hanuman Travels,https://www.railyatri.in/bus-operators/hanuman-travels,Not provided by RailYatri
Ashiana Travels,https://www.railyatri.in/bus-operators/ashiana-travels,Not provided by RailYatri
Ravina Travelsexecutive Class,https://www.railyatri.in/bus-operators/ravina-travelsexecutive-class,Not provided by RailYatri
Jain Travels Bikaner,https://www.railyatri.in/bus-operators/jain-travels-bikaner,Not provided by RailYatri
Amar Travels Delhi,https://www.railyatri.in/bus-operators/amar-travels-delhi,Not provided by RailYatri
Hill Queen Services,https://www.railyatri.in/bus-operators/hill-queen-services,Not provided by RailYatri
Kingfisher Translines,https://www.railyatri.in/bus-operators/kingfisher-translines,Not provided by RailYatri
Aron Travels,https://www.railyatri.in/bus-operators/aron-travels,Not provided by RailYatri
Universal Manish Travels,https://www.railyatri.in/bus-operators/universal-manish-travels,Not provided by RailYatri
Rahi Travels,https://www.railyatri.in/bus-operators/rahi-travels,Not provided by RailYatri
Shrinathji Travels,https://www.railyatri.in/bus-operators/shrinathji-travels,Not provided by RailYatri
Maa Pitambara Travels,https://www.railyatri.in/bus-operators/maa-pitambara-travels,Not provided by RailYatri
Shree Pramukhraj Travels,https://www.railyatri.in/bus-operators/shree-pramukhraj-travels,Not provided by RailYatri
Maa Bhawani Travels,https://www.railyatri.in/bus-operators/maa-bhawani-travels,Not provided by RailYatri
Ashok Syndicate Travels Sion,https://www.railyatri.in/bus-operators/ashok-syndicate-travels-sion,Not provided by RailYatri
Dolphin Travels House,https://www.railyatri.in/bus-operators/dolphin-travels-house,Not provided by RailYatri
Rlt Travels Rlt,https://www.railyatri.in/bus-operators/rlt-travels-rlt,Not provided by RailYatri
Sri Someshwara Travels,https://www.railyatri.in/bus-operators/sri-someshwara-travels,Not provided by RailYatri
Rahul Travels Sindh,https://www.railyatri.in/bus-operators/rahul-travels-sindh,Not provided by RailYatri
Shrinath Nandu Travels Delhi,https://www.railyatri.in/bus-operators/shrinath-nandu-travels-delhi,Not provided by RailYatri
Rathore Sonal Travels,https://www.railyatri.in/bus-operators/rathore-sonal-travels,Not provided by RailYatri
Saw Traders Arzoo,https://www.railyatri.in/bus-operators/saw-traders-arzoo,Not provided by RailYatri
Sadguru Travels,https://www.railyatri.in/bus-operators/sadguru-travels,Not provided by RailYatri
Rajat Travels,https://www.railyatri.in/bus-operators/rajat-travels,Not provided by RailYatri
Jain Travels Regd Abd,https://www.railyatri.in/bus-operators/jain-travels-regd-abd,Not provided by RailYatri
Shree Vitthala Travels,https://www.railyatri.in/bus-operators/shree-vitthala-travels,Not provided by RailYatri
Atmaram Travels,https://www.railyatri.in/bus-operators/atmaram-travels,Not provided by RailYatri
Mythri Tours Travels,https://www.railyatri.in/bus-operators/mythri-tours-travels,Not provided by RailYatri
Himachal Tourist Bus Service,https://www.railyatri.in/bus-operators/himachal-tourist-bus-service,Not provided by RailYatri
The Abha Travels,https://www.railyatri.in/bus-operators/the-abha-travels,Not provided by RailYatri
K G N Tours And Travels,https://www.railyatri.in/bus-operators/k-g-n-tours-and-travels,Not provided by RailYatri
Sri Krishna Rath,https://www.railyatri.in/bus-operators/sri-krishna-rath,Not provided by RailYatri
Sky Travels,https://www.railyatri.in/bus-operators/sky-travels,Not provided by RailYatri
Rajdhani Travelling Company,https://www.railyatri.in/bus-operators/rajdhani-travelling-company,Not provided by RailYatri
Akanksha Tourism,https://www.railyatri.in/bus-operators/akanksha-tourism,Not provided by RailYatri
Vikas Travels Regd,https://www.railyatri.in/bus-operators/vikas-travels-regd,Not provided by RailYatri
Shree Khatu Shyam Travels,https://www.railyatri.in/bus-operators/shree-khatu-shyam-travels,Not provided by RailYatri
Jain Parshwanath Travels Iso,https://www.railyatri.in/bus-operators/jain-parshwanath-travels-iso,Not provided by RailYatri
Nandu V K Travels,https://www.railyatri.in/bus-operators/nandu-v-k-travels,Not provided by RailYatri
Avadh Express,https://www.railyatri.in/bus-operators/avadh-express,Not provided by RailYatri
Shreenath Travelers,https://www.railyatri.in/bus-operators/shreenath-travelers,Not provided by RailYatri
Giriraj Travels,https://www.railyatri.in/bus-operators/giriraj-travels,Not provided by RailYatri
Manjushree Travels,https://www.railyatri.in/bus-operators/manjushree-travels,Not provided by RailYatri
Auroashish,https://www.railyatri.in/bus-operators/auroashish,Not provided by RailYatri
N T Navlai Travels,https://www.railyatri.in/bus-operators/n-t-navlai-travels,Not provided by RailYatri
Bharathi Tourist,https://www.railyatri.in/bus-operators/bharathi-tourist,Not provided by RailYatri
Karnavati Travels,https://www.railyatri.in/bus-operators/karnavati-travels,Not provided by RailYatri
Deep Travels Dream Liner,https://www.railyatri.in/bus-operators/deep-travels-dream-liner,Not provided by RailYatri
Bholanath Travels,https://www.railyatri.in/bus-operators/bholanath-travels,Not provided by RailYatri
Om Sai Ram Enterprises And Tourism,https://www.railyatri.in/bus-operators/om-sai-ram-enterprises-and-tourism,Not provided by RailYatri
Jain Parshwanath Travels,https://www.railyatri.in/bus-operators/jain-parshwanath-travels,Not provided by RailYatri
Mishra Paribahan,https://www.railyatri.in/bus-operators/mishra-paribahan,Not provided by RailYatri
Sri Durga Tourist,https://www.railyatri.in/bus-operators/sri-durga-tourist,Not provided by RailYatri
Vijayant Travels,https://www.railyatri.in/bus-operators/vijayant-travels,Not provided by RailYatri
Adtc Lemon Bus Service,https://www.railyatri.in/bus-operators/adtc-lemon-bus-service,Not provided by RailYatri
Shatabdi Travels And Cargo,https://www.railyatri.in/bus-operators/shatabdi-travels-and-cargo,Not provided by RailYatri
Indo Express,https://www.railyatri.in/bus-operators/indo-express,Not provided by RailYatri
Rmb Travel Agency,https://www.railyatri.in/bus-operators/rmb-travel-agency,Not provided by RailYatri
Lady Diana Travels,https://www.railyatri.in/bus-operators/lady-diana-travels,Not provided by RailYatri
Parshwanath Travels,https://www.railyatri.in/bus-operators/parshwanath-travels,Not provided by RailYatri
Sai Krishna Luxury,https://www.railyatri.in/bus-operators/sai-krishna-luxury,Not provided by RailYatri
Prk Travels,https://www.railyatri.in/bus-operators/prk-travels,Not provided by RailYatri
Pvr Pothula Travels,https://www.railyatri.in/bus-operators/pvr-pothula-travels,Not provided by RailYatri
Raj Laxmi Travels,https://www.railyatri.in/bus-operators/raj-laxmi-travels,Not provided by RailYatri
Navrang Travels,https://www.railyatri.in/bus-operators/navrang-travels,Not provided by RailYatri
Roshan Travels,https://www.railyatri.in/bus-operators/roshan-travels,Not provided by RailYatri
Bihar State Road Transport Corporation,https://www.railyatri.in/bus-operators/bihar-state-road-transport-corporation,Not provided by RailYatri
Virat Travels,https://www.railyatri.in/bus-operators/virat-travels,Not provided by RailYatri
Dnr Express,https://www.railyatri.in/bus-operators/dnr-express,Not provided by RailYatri
Kcms Travels,https://www.railyatri.in/bus-operators/kcms-travels,Not provided by RailYatri
Dubey Travels,https://www.railyatri.in/bus-operators/dubey-travels,Not provided by RailYatri
BSRTC,https://www.railyatri.in/bus-operators/bsrtc,Not provided by RailYatri
Meena Tours And Travels,https://www.railyatri.in/bus-operators/meena-tours-and-travels,Not provided by RailYatri
Shree Satguru Travels,https://www.railyatri.in/bus-operators/shree-satguru-travels,Not provided by RailYatri
Kalpana Holiday Travels,https://www.railyatri.in/bus-operators/kalpana-holiday-travels,Not provided by RailYatri
New Janta Travels,https://www.railyatri.in/bus-operators/new-janta-travels,Not provided by RailYatri
Maharani Express,https://www.railyatri.in/bus-operators/maharani-express,Not provided by RailYatri
Sai Sindhu Travels,https://www.railyatri.in/bus-operators/sai-sindhu-travels,Not provided by RailYatri
Jai Shree Ganesh Travels,https://www.railyatri.in/bus-operators/jai-shree-ganesh-travels,Not provided by RailYatri
Himmat Travels,https://www.railyatri.in/bus-operators/himmat-travels,Not provided by RailYatri
Indigo Travels,https://www.railyatri.in/bus-operators/indigo-travels,Not provided by RailYatri
Aryan Travels,https://www.railyatri.in/bus-operators/aryan-travels,Not provided by RailYatri
Vishwakarma Nirman Travels,https://www.railyatri.in/bus-operators/vishwakarma-nirman-travels,Not provided by RailYatri
Rajdhani Bus Service,https://www.railyatri.in/bus-operators/rajdhani-bus-service,Not provided by RailYatri
Abhishek Bapasitaram Travels,https://www.railyatri.in/bus-operators/abhishek-bapasitaram-travels,Not provided by RailYatri
N T Kingfisher Translines,https://www.railyatri.in/bus-operators/n-t-kingfisher-translines,Not provided by RailYatri
National Travels Ntn,https://www.railyatri.in/bus-operators/national-travels-ntn,Not provided by RailYatri
Kailash Travels,https://www.railyatri.in/bus-operators/kailash-travels,Not provided by RailYatri
Indo Canadian Transport Co,https://www.railyatri.in/bus-operators/indo-canadian-transport-co,Not provided by RailYatri
Annapurna Travels,https://www.railyatri.in/bus-operators/annapurna-travels,Not provided by RailYatri
Mukul Travels,https://www.railyatri.in/bus-operators/mukul-travels,Not provided by RailYatri
Skt Radhika Travels,https://www.railyatri.in/bus-operators/skt-radhika-travels,Not provided by RailYatri
Mahasagar Travels,https://www.railyatri.in/bus-operators/mahasagar-travels,Not provided by RailYatri
Mishra Transport Co,https://www.railyatri.in/bus-operators/mishra-transport-co,Not provided by RailYatri
Jeeva Travels,https://www.railyatri.in/bus-operators/jeeva-travels,Not provided by RailYatri
Geetanjali Travels,https://www.railyatri.in/bus-operators/geetanjali-travels,Not provided by RailYatri
Josh Bus,https://www.railyatri.in/bus-operators/josh-bus,Not provided by RailYatri
Hari Har Travels,https://www.railyatri.in/bus-operators/hari-har-travels,Not provided by RailYatri
Vishwa Travels,https://www.railyatri.in/bus-operators/vishwa-travels,Not provided by RailYatri
Rajgagan Travels,https://www.railyatri.in/bus-operators/rajgagan-travels,Not provided by RailYatri
Amardeep Travels,https://www.railyatri.in/bus-operators/amardeep-travels,Not provided by RailYatri
New Navyug Travels,https://www.railyatri.in/bus-operators/new-navyug-travels,Not provided by RailYatri
Chaturvedi Tours And Travels,https://www.railyatri.in/bus-operators/chaturvedi-tours-and-travels,Not provided by RailYatri
Shree Durga Tours Travels Panvel,https://www.railyatri.in/bus-operators/shree-durga-tours-travels-panvel,Not provided by RailYatri
Nrj Tours,https://www.railyatri.in/bus-operators/nrj-tours,Not provided by RailYatri
Amar Vikky Travels,https://www.railyatri.in/bus-operators/amar-vikky-travels,Not provided by RailYatri
Jai Shrinath Ji Ki Travels,https://www.railyatri.in/bus-operators/jai-shrinath-ji-ki-travels,Not provided by RailYatri
Indore Travels,https://www.railyatri.in/bus-operators/indore-travels,Not provided by RailYatri
Gayatri Travels,https://www.railyatri.in/bus-operators/gayatri-travels,Not provided by RailYatri
Eeshan Logistic,https://www.railyatri.in/bus-operators/eeshan-logistic,Not provided by RailYatri
New Loksewa Travels,https://www.railyatri.in/bus-operators/new-loksewa-travels,Not provided by RailYatri
Cauvery Travels,https://www.railyatri.in/bus-operators/cauvery-travels,Not provided by RailYatri
Nishan Travels,https://www.railyatri.in/bus-operators/nishan-travels,Not provided by RailYatri
Kadamba Trans Corp Ltd,https://www.railyatri.in/bus-operators/kadamba-trans-corp-ltd,Not provided by RailYatri
Ni Bus,https://www.railyatri.in/bus-operators/ni-bus,Not provided by RailYatri
Swagat Travels,https://www.railyatri.in/bus-operators/swagat-travels,Not provided by RailYatri
Ravi Travels Jalore,https://www.railyatri.in/bus-operators/ravi-travels-jalore,Not provided by RailYatri
Golden Holidays,https://www.railyatri.in/bus-operators/golden-holidays,Not provided by RailYatri
Harsha Travels,https://www.railyatri.in/bus-operators/harsha-travels,Not provided by RailYatri
Shantanu Travels,https://www.railyatri.in/bus-operators/shantanu-travels,Not provided by RailYatri
Samrat Travels,https://www.railyatri.in/bus-operators/samrat-travels,Not provided by RailYatri
Sanjay Travels,https://www.railyatri.in/bus-operators/sanjay-travels,Not provided by RailYatri
Aadesh Travels,https://www.railyatri.in/bus-operators/aadesh-travels,Not provided by RailYatri
Chauhan Travels,https://www.railyatri.in/bus-operators/chauhan-travels,Not provided by RailYatri
New Pooja Bus,https://www.railyatri.in/bus-operators/new-pooja-bus,Not provided by RailYatri
Akanksha Travels,https://www.railyatri.in/bus-operators/akanksha-travels,Not provided by RailYatri
Neeraj Travels,https://www.railyatri.in/bus-operators/neeraj-travels,Not provided by RailYatri
Natraj Travels,https://www.railyatri.in/bus-operators/natraj-travels,Not provided by RailYatri
Laxmi Traveller,https://www.railyatri.in/bus-operators/laxmi-traveller,Not provided by RailYatri
N T Safar,https://www.railyatri.in/bus-operators/n-t-safar,Not provided by RailYatri
Gangothri Travels,https://www.railyatri.in/bus-operators/gangothri-travels,Not provided by RailYatri
Social Shuttles,https://www.railyatri.in/bus-operators/social-shuttles,Not provided by RailYatri
Puneet Bus Service,https://www.railyatri.in/bus-operators/puneet-bus-service,Not provided by RailYatri
Shree Vrajraj Travels,https://www.railyatri.in/bus-operators/shree-vrajraj-travels,Not provided by RailYatri
Shree Devnarayan Travels,https://www.railyatri.in/bus-operators/shree-devnarayan-travels,Not provided by RailYatri
Kissan Travels,https://www.railyatri.in/bus-operators/kissan-travels,Not provided by RailYatri
Amar Travels Jaipur,https://www.railyatri.in/bus-operators/amar-travels-jaipur,Not provided by RailYatri
Lv Travels,https://www.railyatri.in/bus-operators/lv-travels,Not provided by RailYatri
Tanuj Travels,https://www.railyatri.in/bus-operators/tanuj-travels,Not provided by RailYatri
Yadav Vishvkarma Tour Travels,https://www.railyatri.in/bus-operators/yadav-vishvkarma-tour-travels,Not provided by RailYatri
Padmalaya Travels,https://www.railyatri.in/bus-operators/padmalaya-travels,Not provided by RailYatri
Swapna Travels,https://www.railyatri.in/bus-operators/swapna-travels,Not provided by RailYatri
Rameshwar Travels,https://www.railyatri.in/bus-operators/rameshwar-travels,Not provided by RailYatri
Jain Parshwnath Travels,https://www.railyatri.in/bus-operators/jain-parshwnath-travels,Not provided by RailYatri
Stallion Roadways Pvt Ltd,https://www.railyatri.in/bus-operators/stallion-roadways-pvt-ltd,Not provided by RailYatri
Sri Durga Motors,https://www.railyatri.in/bus-operators/sri-durga-motors,Not provided by RailYatri
New Srkt Travels,https://www.railyatri.in/bus-operators/new-srkt-travels,Not provided by RailYatri
New Payal Travels Jamnagar,https://www.railyatri.in/bus-operators/new-payal-travels-jamnagar,Not provided by RailYatri
Sai Abhishek Tours And Travels,https://www.railyatri.in/bus-operators/sai-abhishek-tours-and-travels,Not provided by RailYatri
Warsi Travels,https://www.railyatri.in/bus-operators/warsi-travels,Not provided by RailYatri
Hari Om Tour And Travels,https://www.railyatri.in/bus-operators/hari-om-tour-and-travels,Not provided by RailYatri
Ams Travel Agency,https://www.railyatri.in/bus-operators/ams-travel-agency,Not provided by RailYatri
Jai Bholenath Tour And Travels,https://www.railyatri.in/bus-operators/jai-bholenath-tour-and-travels,Not provided by RailYatri
Gagan Travels Shivpuri,https://www.railyatri.in/bus-operators/gagan-travels-shivpuri,Not provided by RailYatri
Sree Travels,https://www.railyatri.in/bus-operators/sree-travels,Not provided by RailYatri
Skynet Travels,https://www.railyatri.in/bus-operators/skynet-travels,Not provided by RailYatri
Chachan Travels,https://www.railyatri.in/bus-operators/chachan-travels,Not provided by RailYatri
Lokenath Bus Service,https://www.railyatri.in/bus-operators/lokenath-bus-service,Not provided by RailYatri
Maa Vaishno Travels,https://www.railyatri.in/bus-operators/maa-vaishno-travels,Not provided by RailYatri
N T Sonu Travels,https://www.railyatri.in/bus-operators/n-t-sonu-travels,Not provided by RailYatri
Trishul Travels,https://www.railyatri.in/bus-operators/trishul-travels,Not provided by RailYatri
Shyamoli Yatri Paribahan,https://www.railyatri.in/bus-operators/shyamoli-yatri-paribahan,Not provided by RailYatri
Barbie Travels,https://www.railyatri.in/bus-operators/barbie-travels,Not provided by RailYatri
M R Travels And Logistics,https://www.railyatri.in/bus-operators/m-r-travels-and-logistics,Not provided by RailYatri
Shree Swami Travels,https://www.railyatri.in/bus-operators/shree-swami-travels,Not provided by RailYatri
Prabh Tour And Travels,https://www.railyatri.in/bus-operators/prabh-tour-and-travels,Not provided by RailYatri
Vijay Tour And Travelspremium,https://www.railyatri.in/bus-operators/vijay-tour-and-travelspremium,Not provided by RailYatri
Black Oasis Tours And Travels,https://www.railyatri.in/bus-operators/black-oasis-tours-and-travels,Not provided by RailYatri
Shitla Travels,https://www.railyatri.in/bus-operators/shitla-travels,Not provided by RailYatri
Shri Vashu Travels,https://www.railyatri.in/bus-operators/shri-vashu-travels,Not provided by RailYatri
Jay Khodiyar Bus Service,https://www.railyatri.in/bus-operators/jay-khodiyar-bus-service,Not provided by RailYatri
Amaltas Travels,https://www.railyatri.in/bus-operators/amaltas-travels,Not provided by RailYatri
Tejas Travels,https://www.railyatri.in/bus-operators/tejas-travels,Not provided by RailYatri
Shekhawat Travels Jaipur,https://www.railyatri.in/bus-operators/shekhawat-travels-jaipur,Not provided by RailYatri
Shyam Rath,https://www.railyatri.in/bus-operators/shyam-rath,Not provided by RailYatri
Falcon Bus Dhariwal,https://www.railyatri.in/bus-operators/falcon-bus-dhariwal,Not provided by RailYatri
Srinivasa Travels,https://www.railyatri.in/bus-operators/srinivasa-travels,Not provided by RailYatri
Shree Ramkrupa Travels,https://www.railyatri.in/bus-operators/shree-ramkrupa-travels,Not provided by RailYatri
Royalstar Rts Royal Tourist Pvt Ltd,https://www.railyatri.in/bus-operators/royalstar-rts-royal-tourist-pvt-ltd,Not provided by RailYatri
Jet Blaze Cruiser,https://www.railyatri.in/bus-operators/jet-blaze-cruiser,Not provided by RailYatri
Maharani Travels,https://www.railyatri.in/bus-operators/maharani-travels,Not provided by RailYatri
Asian Xpress,https://www.railyatri.in/bus-operators/asian-xpress,Not provided by RailYatri
Falcon Bus Pvt Ltd,https://www.railyatri.in/bus-operators/falcon-bus-pvt-ltd,Not provided by RailYatri
Blue World Tourist,https://www.railyatri.in/bus-operators/blue-world-tourist,Not provided by RailYatri
Das Travels,https://www.railyatri.in/bus-operators/das-travels,Not provided by RailYatri
Mansi Travels,https://www.railyatri.in/bus-operators/mansi-travels,Not provided by RailYatri
Bharat Express,https://www.railyatri.in/bus-operators/bharat-express,Not provided by RailYatri
Raj Shila Travels And Cargo,https://www.railyatri.in/bus-operators/raj-shila-travels-and-cargo,Not provided by RailYatri
New Bharat Travels Jaipur,https://www.railyatri.in/bus-operators/new-bharat-travels-jaipur,Not provided by RailYatri
M J Travels,https://www.railyatri.in/bus-operators/m-j-travels,Not provided by RailYatri
Pavit Travels,https://www.railyatri.in/bus-operators/pavit-travels,Not provided by RailYatri
Rajsthan Tours And Travels,https://www.railyatri.in/bus-operators/rajsthan-tours-and-travels,Not provided by RailYatri
Bhagwati Travel Agency,https://www.railyatri.in/bus-operators/bhagwati-travel-agency,Not provided by RailYatri
Zee Travels,https://www.railyatri.in/bus-operators/zee-travels,Not provided by RailYatri
Samarth Travels,https://www.railyatri.in/bus-operators/samarth-travels,Not provided by RailYatri
N T Mansi Travels,https://www.railyatri.in/bus-operators/n-t-mansi-travels,Not provided by RailYatri
Ira Travels,https://www.railyatri.in/bus-operators/ira-travels,Not provided by RailYatri
A K Travels,https://www.railyatri.in/bus-operators/a-k-travels,Not provided by RailYatri
N T Akanksha Tourism,https://www.railyatri.in/bus-operators/n-t-akanksha-tourism,Not provided by RailYatri
Shiv Jyoti Travels,https://www.railyatri.in/bus-operators/shiv-jyoti-travels,Not provided by RailYatri
Akash Travels Delhi,https://www.railyatri.in/bus-operators/akash-travels-delhi,Not provided by RailYatri
Deepak Raj Tour And Travels,https://www.railyatri.in/bus-operators/deepak-raj-tour-and-travels,Not provided by RailYatri
Ocean Bus,https://www.railyatri.in/bus-operators/ocean-bus,Not provided by RailYatri
Kohinoor Travels,https://www.railyatri.in/bus-operators/kohinoor-travels,Not provided by RailYatri
Sree Sivasankar Travels,https://www.railyatri.in/bus-operators/sree-sivasankar-travels,Not provided by RailYatri
Meenakshi Travels,https://www.railyatri.in/bus-operators/meenakshi-travels,Not provided by RailYatri
Swami Travels,https://www.railyatri.in/bus-operators/swami-travels,Not provided by RailYatri
Shree Bansidhar Travels,https://www.railyatri.in/bus-operators/shree-bansidhar-travels,Not provided by RailYatri
Associates,https://www.railyatri.in/bus-operators/associates,Not provided by RailYatri
Namaste Bihar,https://www.railyatri.in/bus-operators/namaste-bihar,Not provided by RailYatri
Kalia Kanhu Travels,https://www.railyatri.in/bus-operators/kalia-kanhu-travels,Not provided by RailYatri
Shivam Travels,https://www.railyatri.in/bus-operators/shivam-travels,Not provided by RailYatri
Kanker Roadways,https://www.railyatri.in/bus-operators/kanker-roadways,Not provided by RailYatri
Ignatius Travels,https://www.railyatri.in/bus-operators/ignatius-travels,Not provided by RailYatri
Bt Travels,https://www.railyatri.in/bus-operators/bt-travels,Not provided by RailYatri
Arora Tour Travel,https://www.railyatri.in/bus-operators/arora-tour-travel,Not provided by RailYatri
Jai Mata Ji Travels,https://www.railyatri.in/bus-operators/jai-mata-ji-travels,Not provided by RailYatri
Pranjit Travels,https://www.railyatri.in/bus-operators/pranjit-travels,Not provided by RailYatri
Dhanush Tours And Travels,https://www.railyatri.in/bus-operators/dhanush-tours-and-travels,Not provided by RailYatri
Dhan Ji Travels,https://www.railyatri.in/bus-operators/dhan-ji-travels,Not provided by RailYatri
R R Travels,https://www.railyatri.in/bus-operators/r-r-travels,Not provided by RailYatri
Shekhar Travels,https://www.railyatri.in/bus-operators/shekhar-travels,Not provided by RailYatri
Ravina Travels,https://www.railyatri.in/bus-operators/ravina-travels,Not provided by RailYatri
John Volvo Astc,https://www.railyatri.in/bus-operators/john-volvo-astc,Not provided by RailYatri
Galaxy Travels,https://www.railyatri.in/bus-operators/galaxy-travels,Not provided by RailYatri
Sp Travels,https://www.railyatri.in/bus-operators/sp-travels,Not provided by RailYatri
Virendra Tours And Travels,https://www.railyatri.in/bus-operators/virendra-tours-and-travels,Not provided by RailYatri
Jts Tours Travels,https://www.railyatri.in/bus-operators/jts-tours-travels,Not provided by RailYatri
Madhuram Travels,https://www.railyatri.in/bus-operators/madhuram-travels,Not provided by RailYatri
Triguna Travels,https://www.railyatri.in/bus-operators/triguna-travels,Not provided by RailYatri
New Golden Travels,https://www.railyatri.in/bus-operators/new-golden-travels,Not provided by RailYatri
Sachin Kumar Travels,https://www.railyatri.in/bus-operators/sachin-kumar-travels,Not provided by RailYatri
Golden Travels,https://www.railyatri.in/bus-operators/golden-travels,Not provided by RailYatri
Limoliner,https://www.railyatri.in/bus-operators/limoliner,Not provided by RailYatri
Sachin Kumar Tours And Travels,https://www.railyatri.in/bus-operators/sachin-kumar-tours-and-travels,Not provided by RailYatri
Vir Gurjar Devnarayan Travels,https://www.railyatri.in/bus-operators/vir-gurjar-devnarayan-travels,Not provided by RailYatri
New International Tourist,https://www.railyatri.in/bus-operators/new-international-tourist,Not provided by RailYatri
Sbr Travels,https://www.railyatri.in/bus-operators/sbr-travels,Not provided by RailYatri
Shree Sai Krishna Luxury,https://www.railyatri.in/bus-operators/shree-sai-krishna-luxury,Not provided by RailYatri
A R Super,https://www.railyatri.in/bus-operators/a-r-super,Not provided by RailYatri
Gwalior Travels,https://www.railyatri.in/bus-operators/gwalior-travels,Not provided by RailYatri
Rayeen Bus,https://www.railyatri.in/bus-operators/rayeen-bus,Not provided by RailYatri
Mercy Travels,https://www.railyatri.in/bus-operators/mercy-travels,Not provided by RailYatri
Jagdamba Travels Service,https://www.railyatri.in/bus-operators/jagdamba-travels-service,Not provided by RailYatri
Shree Balaji Travels,https://www.railyatri.in/bus-operators/shree-balaji-travels,Not provided by RailYatri
Maa Vaishno Travels Morena,https://www.railyatri.in/bus-operators/maa-vaishno-travels-morena,Not provided by RailYatri
Salasar Travel,https://www.railyatri.in/bus-operators/salasar-travel,Not provided by RailYatri
Vrundavan Travels,https://www.railyatri.in/bus-operators/vrundavan-travels,Not provided by RailYatri
Shreenath Metro,https://www.railyatri.in/bus-operators/shreenath-metro,Not provided by RailYatri
Trishul Transport Service,https://www.railyatri.in/bus-operators/trishul-transport-service,Not provided by RailYatri
Vidarbha Express Travels,https://www.railyatri.in/bus-operators/vidarbha-express-travels,Not provided by RailYatri
Bharat Travels,https://www.railyatri.in/bus-operators/bharat-travels,Not provided by RailYatri
Shrijee Travels,https://www.railyatri.in/bus-operators/shrijee-travels,Not provided by RailYatri
Kanker Roadways Pvt Ltd X Ac Sleeper Brand New Direct Hyderabad,https://www.railyatri.in/bus-operators/kanker-roadways-pvt-ltd-x-ac-sleeper-brand-new-direct-hyderabad,Not provided by RailYatri
Chouhan Tours And Travels,https://www.railyatri.in/bus-operators/chouhan-tours-and-travels,Not provided by RailYatri
Khan Bus Service,https://www.railyatri.in/bus-operators/khan-bus-service,Not provided by RailYatri
Nandini Travels,https://www.railyatri.in/bus-operators/nandini-travels,Not provided by RailYatri
Sai Pooja Travels,https://www.railyatri.in/bus-operators/sai-pooja-travels,Not provided by RailYatri
Kabra Express Logistics Pvt Ltd,https://www.railyatri.in/bus-operators/kabra-express-logistics-pvt-ltd,Not provided by RailYatri
Yuga Travels,https://www.railyatri.in/bus-operators/yuga-travels,Not provided by RailYatri
Maan Travels Jaipur,https://www.railyatri.in/bus-operators/maan-travels-jaipur,Not provided by RailYatri
Shree Hari Travels,https://www.railyatri.in/bus-operators/shree-hari-travels,Not provided by RailYatri
Shree Krishna Travels,https://www.railyatri.in/bus-operators/shree-krishna-travels,Not provided by RailYatri
Vijay Rath,https://www.railyatri.in/bus-operators/vijay-rath,Not provided by RailYatri
Mb Link Travels,https://www.railyatri.in/bus-operators/mb-link-travels,Not provided by RailYatri
Shree Shanti Travels,https://www.railyatri.in/bus-operators/shree-shanti-travels,Not provided by RailYatri
Jai Shree Ganesh Yatra Company,https://www.railyatri.in/bus-operators/jai-shree-ganesh-yatra-company,Not provided by RailYatri
Cool Cool Travels,https://www.railyatri.in/bus-operators/cool-cool-travels,Not provided by RailYatri
Jai Mata Di Travels,https://www.railyatri.in/bus-operators/jai-mata-di-travels,Not provided by RailYatri
Om Shanti Travels,https://www.railyatri.in/bus-operators/om-shanti-travels,Not provided by RailYatri
N T M B Link,https://www.railyatri.in/bus-operators/n-t-m-b-link,Not provided by RailYatri
Sharad Travels,https://www.railyatri.in/bus-operators/sharad-travels,Not provided by RailYatri
Shresh Rath,https://www.railyatri.in/bus-operators/shresh-rath,Not provided by RailYatri
L K Travels Pvt Ltd,https://www.railyatri.in/bus-operators/l-k-travels-pvt-ltd,Not provided by RailYatri
Neeta Tours Travels,https://www.railyatri.in/bus-operators/neeta-tours-travels,Not provided by RailYatri
Ktc Travels,https://www.railyatri.in/bus-operators/ktc-travels,Not provided by RailYatri
Country Line Travels Cargo,https://www.railyatri.in/bus-operators/country-line-travels-cargo,Not provided by RailYatri
Ksm Road Lines,https://www.railyatri.in/bus-operators/ksm-road-lines,Not provided by RailYatri
Aradhana Travels,https://www.railyatri.in/bus-operators/aradhana-travels,Not provided by RailYatri
King Travels,https://www.railyatri.in/bus-operators/king-travels,Not provided by RailYatri
Om Travels,https://www.railyatri.in/bus-operators/om-travels,Not provided by RailYatri
Vishwakarma Nandu Travels,https://www.railyatri.in/bus-operators/vishwakarma-nandu-travels,Not provided by RailYatri
Kalpana Bus,https://www.railyatri.in/bus-operators/kalpana-bus,Not provided by RailYatri
Madhavi Travels,https://www.railyatri.in/bus-operators/madhavi-travels,Not provided by RailYatri
Goldline Super Deluxe,https://www.railyatri.in/bus-operators/goldline-super-deluxe,Not provided by RailYatri
Indira Travels,https://www.railyatri.in/bus-operators/indira-travels,Not provided by RailYatri
Niha Transport,https://www.railyatri.in/bus-operators/niha-transport,Not provided by RailYatri
Chanakya Travels,https://www.railyatri.in/bus-operators/chanakya-travels,Not provided by RailYatri
Sri Krishna Tour Travels,https://www.railyatri.in/bus-operators/sri-krishna-tour-travels,Not provided by RailYatri
Shri Chirag Travel Agency,https://www.railyatri.in/bus-operators/shri-chirag-travel-agency,Not provided by RailYatri
Sanjay Travels Ichalkarnji,https://www.railyatri.in/bus-operators/sanjay-travels-ichalkarnji,Not provided by RailYatri
Sri Paadhaa Tours And Travels,https://www.railyatri.in/bus-operators/sri-paadhaa-tours-and-travels,Not provided by RailYatri
Rts Royalstar,https://www.railyatri.in/bus-operators/rts-royalstar,Not provided by RailYatri
Mohana Ramana Tours And Travels,https://www.railyatri.in/bus-operators/mohana-ramana-tours-and-travels,Not provided by RailYatri
Mahasagar Travels Limited,https://www.railyatri.in/bus-operators/mahasagar-travels-limited,Not provided by RailYatri
Lvr Travels,https://www.railyatri.in/bus-operators/lvr-travels,Not provided by RailYatri
Guardian Travels,https://www.railyatri.in/bus-operators/guardian-travels,Not provided by RailYatri
Bajrang Jogiram Travels,https://www.railyatri.in/bus-operators/bajrang-jogiram-travels,Not provided by RailYatri
Shrinath Travel Transport Agency,https://www.railyatri.in/bus-operators/shrinath-travel-transport-agency,Not provided by RailYatri
Crown Travels,https://www.railyatri.in/bus-operators/crown-travels,Not provided by RailYatri
Orbit Aviation Private Limited,https://www.railyatri.in/bus-operators/orbit-aviation-private-limited,Not provided by RailYatri
Vaibhav Travels Kolhapur,https://www.railyatri.in/bus-operators/vaibhav-travels-kolhapur,Not provided by RailYatri
Atc Megha Bus,https://www.railyatri.in/bus-operators/atc-megha-bus,Not provided by RailYatri
Citizen Tours Travels,https://www.railyatri.in/bus-operators/citizen-tours-travels,Not provided by RailYatri
Kamla Kalpana Travels,https://www.railyatri.in/bus-operators/kamla-kalpana-travels,Not provided by RailYatri
Vineet Tours And Travels,https://www.railyatri.in/bus-operators/vineet-tours-and-travels,Not provided by RailYatri
Shree Parshwanath Travels,https://www.railyatri.in/bus-operators/shree-parshwanath-travels,Not provided by RailYatri
Vijayant Travels Gwalior,https://www.railyatri.in/bus-operators/vijayant-travels-gwalior,Not provided by RailYatri
Rytham Tours And Travels,https://www.railyatri.in/bus-operators/rytham-tours-and-travels,Not provided by RailYatri
Surya Connect,https://www.railyatri.in/bus-operators/surya-connect,Not provided by RailYatri
Rishabh Travels,https://www.railyatri.in/bus-operators/rishabh-travels,Not provided by RailYatri
New Babu Travels,https://www.railyatri.in/bus-operators/new-babu-travels,Not provided by RailYatri
Kst Travels,https://www.railyatri.in/bus-operators/kst-travels,Not provided by RailYatri
Prince Travels,https://www.railyatri.in/bus-operators/prince-travels,Not provided by RailYatri
Geepee Travels,https://www.railyatri.in/bus-operators/geepee-travels,Not provided by RailYatri
Sai Prasanna Travels Shatabdi,https://www.railyatri.in/bus-operators/sai-prasanna-travels-shatabdi,Not provided by RailYatri
Sai Tourist,https://www.railyatri.in/bus-operators/sai-tourist,Not provided by RailYatri
Reshma Tourist,https://www.railyatri.in/bus-operators/reshma-tourist,Not provided by RailYatri
Sifat Tours Travels,https://www.railyatri.in/bus-operators/sifat-tours-travels,Not provided by RailYatri
Shiv Mahima Travels,https://www.railyatri.in/bus-operators/shiv-mahima-travels,Not provided by RailYatri
Mangalmurti Travels,https://www.railyatri.in/bus-operators/mangalmurti-travels,Not provided by RailYatri
Manoj Travels,https://www.railyatri.in/bus-operators/manoj-travels,Not provided by RailYatri
Payal Travels,https://www.railyatri.in/bus-operators/payal-travels,Not provided by RailYatri
Friends Travels,https://www.railyatri.in/bus-operators/friends-travels,Not provided by RailYatri
Dheeraj Tours And Travels,https://www.railyatri.in/bus-operators/dheeraj-tours-and-travels,Not provided by RailYatri
Jamna Travels,https://www.railyatri.in/bus-operators/jamna-travels,Not provided by RailYatri
National Travels Ntsb,https://www.railyatri.in/bus-operators/national-travels-ntsb,Not provided by RailYatri
Sai Travels,https://www.railyatri.in/bus-operators/sai-travels,Not provided by RailYatri
Noor Travels Vidharbha,https://www.railyatri.in/bus-operators/noor-travels-vidharbha,Not provided by RailYatri
Uncle Travels,https://www.railyatri.in/bus-operators/uncle-travels,Not provided by RailYatri
Classic Travels,https://www.railyatri.in/bus-operators/classic-travels,Not provided by RailYatri
East West Travels,https://www.railyatri.in/bus-operators/east-west-travels,Not provided by RailYatri
Popury Travels,https://www.railyatri.in/bus-operators/popury-travels,Not provided by RailYatri
Lotus Travels,https://www.railyatri.in/bus-operators/lotus-travels,Not provided by RailYatri
Rewar Travels,https://www.railyatri.in/bus-operators/rewar-travels,Not provided by RailYatri
Kamat Bus,https://www.railyatri.in/bus-operators/kamat-bus,Not provided by RailYatri
Shree Kukke Travels,https://www.railyatri.in/bus-operators/shree-kukke-travels,Not provided by RailYatri
Ganga Travels,https://www.railyatri.in/bus-operators/ganga-travels,Not provided by RailYatri
Shree Saroj Travels,https://www.railyatri.in/bus-operators/shree-saroj-travels,Not provided by RailYatri
Maa Baneshwari Travels Kothari Group,https://www.railyatri.in/bus-operators/maa-baneshwari-travels-kothari-group,Not provided by RailYatri
Deep Tour N Travel,https://www.railyatri.in/bus-operators/deep-tour-n-travel,Not provided by RailYatri
Maa Travels,https://www.railyatri.in/bus-operators/maa-travels,Not provided by RailYatri
Bhagwati Travels,https://www.railyatri.in/bus-operators/bhagwati-travels,Not provided by RailYatri
Laharisa Tours And Travels,https://www.railyatri.in/bus-operators/laharisa-tours-and-travels,Not provided by RailYatri
Bhagyalaxmi Travels,https://www.railyatri.in/bus-operators/bhagyalaxmi-travels,Not provided by RailYatri
Yadav Tour And Travels,https://www.railyatri.in/bus-operators/yadav-tour-and-travels,Not provided by RailYatri
Vidhan Tour Travels,https://www.railyatri.in/bus-operators/vidhan-tour-travels,Not provided by RailYatri
Khaira Transporters,https://www.railyatri.in/bus-operators/khaira-transporters,Not provided by RailYatri
Nisha Travels,https://www.railyatri.in/bus-operators/nisha-travels,Not provided by RailYatri
New Chandra Lok,https://www.railyatri.in/bus-operators/new-chandra-lok,Not provided by RailYatri
New Dolphin Travels,https://www.railyatri.in/bus-operators/new-dolphin-travels,Not provided by RailYatri
Gagan Sarkar Upkar Travels,https://www.railyatri.in/bus-operators/gagan-sarkar-upkar-travels,Not provided by RailYatri
Royal Travels Raipur,https://www.railyatri.in/bus-operators/royal-travels-raipur,Not provided by RailYatri
Shree Sai Travels,https://www.railyatri.in/bus-operators/shree-sai-travels,Not provided by RailYatri
Ganesh Travels,https://www.railyatri.in/bus-operators/ganesh-travels,Not provided by RailYatri
Naik Tours Travels,https://www.railyatri.in/bus-operators/naik-tours-travels,Not provided by RailYatri
Arhans Tour Travels,https://www.railyatri.in/bus-operators/arhans-tour-travels,Not provided by RailYatri
Gorsiya Travels,https://www.railyatri.in/bus-operators/gorsiya-travels,Not provided by RailYatri
Gangotri Tours And Travels,https://www.railyatri.in/bus-operators/gangotri-tours-and-travels,Not provided by RailYatri
Barmer Travels,https://www.railyatri.in/bus-operators/barmer-travels,Not provided by RailYatri
Uppalapati Travels,https://www.railyatri.in/bus-operators/uppalapati-travels,Not provided by RailYatri
Valisetty Travels,https://www.railyatri.in/bus-operators/valisetty-travels,Not provided by RailYatri
Murlidhar Travels,https://www.railyatri.in/bus-operators/murlidhar-travels,Not provided by RailYatri
Atal City Sky Bus Om Shanti,https://www.railyatri.in/bus-operators/atal-city-sky-bus-om-shanti,Not provided by RailYatri
Khurana Express Services,https://www.railyatri.in/bus-operators/khurana-express-services,Not provided by RailYatri
Rathore Travels Madho,https://www.railyatri.in/bus-operators/rathore-travels-madho,Not provided by RailYatri
Sikha Manglam Travels,https://www.railyatri.in/bus-operators/sikha-manglam-travels,Not provided by RailYatri
Abp Travels,https://www.railyatri.in/bus-operators/abp-travels,Not provided by RailYatri
Ajara Travels,https://www.railyatri.in/bus-operators/ajara-travels,Not provided by RailYatri
Gokul Tour And Travels,https://www.railyatri.in/bus-operators/gokul-tour-and-travels,Not provided by RailYatri
Janatha Travels,https://www.railyatri.in/bus-operators/janatha-travels,Not provided by RailYatri
Balaji Bus Service,https://www.railyatri.in/bus-operators/balaji-bus-service,Not provided by RailYatri
Gajraj Travels,https://www.railyatri.in/bus-operators/gajraj-travels,Not provided by RailYatri
B K Travels,https://www.railyatri.in/bus-operators/b-k-travels,Not provided by RailYatri
Capital Tours India Pvt Ltd,https://www.railyatri.in/bus-operators/capital-tours-india-pvt-ltd,Not provided by RailYatri
Maheshwaram Travels,https://www.railyatri.in/bus-operators/maheshwaram-travels,Not provided by RailYatri
Gpr Travels,https://www.railyatri.in/bus-operators/gpr-travels,Not provided by RailYatri
Kabra Express Logistics Pvt Ltd New Brand Ac Sleeper,https://www.railyatri.in/bus-operators/kabra-express-logistics-pvt-ltd-new-brand-ac-sleeper,Not provided by RailYatri
Abhimanyu Tours And Travels,https://www.railyatri.in/bus-operators/abhimanyu-tours-and-travels,Not provided by RailYatri
Ashok Travels Ujjain,https://www.railyatri.in/bus-operators/ashok-travels-ujjain,Not provided by RailYatri
Bharathi Tours Travels,https://www.railyatri.in/bus-operators/bharathi-tours-travels,Not provided by RailYatri
Al Madeena Travels,https://www.railyatri.in/bus-operators/al-madeena-travels,Not provided by RailYatri
Das Das Travels,https://www.railyatri.in/bus-operators/das-das-travels,Not provided by RailYatri
Baba Khatu Shyam Travels Pvt Ltd,https://www.railyatri.in/bus-operators/baba-khatu-shyam-travels-pvt-ltd,Not provided by RailYatri
Rajpurohit Travels Agency,https://www.railyatri.in/bus-operators/rajpurohit-travels-agency,Not provided by RailYatri
Lucky Bus Service,https://www.railyatri.in/bus-operators/lucky-bus-service,Not provided by RailYatri
Baikuntha Travels,https://www.railyatri.in/bus-operators/baikuntha-travels,Not provided by RailYatri
Murad City King Luxury Coach And Cargo,https://www.railyatri.in/bus-operators/murad-city-king-luxury-coach-and-cargo,Not provided by RailYatri
Sri Atluri Travels,https://www.railyatri.in/bus-operators/sri-atluri-travels,Not provided by RailYatri
Vv Vinayak Travels,https://www.railyatri.in/bus-operators/vv-vinayak-travels,Not provided by RailYatri
Mango Travels,https://www.railyatri.in/bus-operators/mango-travels,Not provided by RailYatri
Shree Srm Tours Travels,https://www.railyatri.in/bus-operators/shree-srm-tours-travels,Not provided by RailYatri
Four Hans Travels Ho,https://www.railyatri.in/bus-operators/four-hans-travels-ho,Not provided by RailYatri
New Payal Travels,https://www.railyatri.in/bus-operators/new-payal-travels,Not provided by RailYatri
Jai Bhawani Travels,https://www.railyatri.in/bus-operators/jai-bhawani-travels,Not provided by RailYatri
Vasavi Travels,https://www.railyatri.in/bus-operators/vasavi-travels,Not provided by RailYatri
Patel Eagle Travels,https://www.railyatri.in/bus-operators/patel-eagle-travels,Not provided by RailYatri
Samay Travels,https://www.railyatri.in/bus-operators/samay-travels,Not provided by RailYatri
Travel India,https://www.railyatri.in/bus-operators/travel-india,Not provided by RailYatri
N T Nakoda,https://www.railyatri.in/bus-operators/n-t-nakoda,Not provided by RailYatri
Mahaveer Travels Agency,https://www.railyatri.in/bus-operators/mahaveer-travels-agency,Not provided by RailYatri
Dilip Sai Krishna Travels,https://www.railyatri.in/bus-operators/dilip-sai-krishna-travels,Not provided by RailYatri
Maa Vaishnav Travels,https://www.railyatri.in/bus-operators/maa-vaishnav-travels,Not provided by RailYatri
S R Travels,https://www.railyatri.in/bus-operators/s-r-travels,Not provided by RailYatri
National Express Ntho,https://www.railyatri.in/bus-operators/national-express-ntho,Not provided by RailYatri
Ashok Travels Gwalior,https://www.railyatri.in/bus-operators/ashok-travels-gwalior,Not provided by RailYatri
Greenline Travels And Holidays,https://www.railyatri.in/bus-operators/greenline-travels-and-holidays,Not provided by RailYatri
Abt Express,https://www.railyatri.in/bus-operators/abt-express,Not provided by RailYatri
Jai Bhawani Tours And Travels,https://www.railyatri.in/bus-operators/jai-bhawani-tours-and-travels,Not provided by RailYatri
Sadhvi Rath,https://www.railyatri.in/bus-operators/sadhvi-rath,Not provided by RailYatri
Sanjay Neeta Travels,https://www.railyatri.in/bus-operators/sanjay-neeta-travels,Not provided by RailYatri
Pitambara Saroj Travels,https://www.railyatri.in/bus-operators/pitambara-saroj-travels,Not provided by RailYatri
Sagwan Travels,https://www.railyatri.in/bus-operators/sagwan-travels,Not provided by RailYatri
Ganesh Travels Kota,https://www.railyatri.in/bus-operators/ganesh-travels-kota,Not provided by RailYatri
Siri Tours And Travels,https://www.railyatri.in/bus-operators/siri-tours-and-travels,Not provided by RailYatri
Vikas Travels Jaipur,https://www.railyatri.in/bus-operators/vikas-travels-jaipur,Not provided by RailYatri
Laharisa Tours Travels,https://www.railyatri.in/bus-operators/laharisa-tours-travels,Not provided by RailYatri
Shreeji Travel Agency,https://www.railyatri.in/bus-operators/shreeji-travel-agency,Not provided by RailYatri
Shri Vishwakarma Travels,https://www.railyatri.in/bus-operators/shri-vishwakarma-travels,Not provided by RailYatri
Super Power,https://www.railyatri.in/bus-operators/super-power,Not provided by RailYatri
Ahmed Travel,https://www.railyatri.in/bus-operators/ahmed-travel,Not provided by RailYatri
Vikram Srikrishna Travels,https://www.railyatri.in/bus-operators/vikram-srikrishna-travels,Not provided by RailYatri
Apex Chandra Travels,https://www.railyatri.in/bus-operators/apex-chandra-travels,Not provided by RailYatri
Pawanputra,https://www.railyatri.in/bus-operators/pawanputra,Not provided by RailYatri
Hello Bus,https://www.railyatri.in/bus-operators/hello-bus,Not provided by RailYatri
Nilakantha Travels,https://www.railyatri.in/bus-operators/nilakantha-travels,Not provided by RailYatri
Ghanshyam Travels,https://www.railyatri.in/bus-operators/ghanshyam-travels,Not provided by RailYatri
Shreyash Travels,https://www.railyatri.in/bus-operators/shreyash-travels,Not provided by RailYatri
Akash Travels,https://www.railyatri.in/bus-operators/akash-travels,Not provided by RailYatri
Amar Travels,https://www.railyatri.in/bus-operators/amar-travels,Not provided by RailYatri
Indian Travel,https://www.railyatri.in/bus-operators/indian-travel,Not provided by RailYatri
Riddhi,https://www.railyatri.in/bus-operators/riddhi,Not provided by RailYatri
Omer Travels,https://www.railyatri.in/bus-operators/omer-travels,Not provided by RailYatri
Auodumbar Tours Travels Ratnagiri,https://www.railyatri.in/bus-operators/auodumbar-tours-travels-ratnagiri,Not provided by RailYatri
Himachal Travel Express,https://www.railyatri.in/bus-operators/himachal-travel-express,Not provided by RailYatri
Deep Travels Brand New Dream Liner,https://www.railyatri.in/bus-operators/deep-travels-brand-new-dream-liner,Not provided by RailYatri
Guru Nanak Transport Agency,https://www.railyatri.in/bus-operators/guru-nanak-transport-agency,Not provided by RailYatri
Super Deluxe Universal,https://www.railyatri.in/bus-operators/super-deluxe-universal,Not provided by RailYatri
Gulzar Travels Ajmer,https://www.railyatri.in/bus-operators/gulzar-travels-ajmer,Not provided by RailYatri
Ishwar Travels,https://www.railyatri.in/bus-operators/ishwar-travels,Not provided by RailYatri
Sri Krishna Tour And Travels,https://www.railyatri.in/bus-operators/sri-krishna-tour-and-travels,Not provided by RailYatri
Mahadev Travels,https://www.railyatri.in/bus-operators/mahadev-travels,Not provided by RailYatri
Laxmi Tours Travels,https://www.railyatri.in/bus-operators/laxmi-tours-travels,Not provided by RailYatri
Madurai Balajee Transit Service Pvt Ltd,https://www.railyatri.in/bus-operators/madurai-balajee-transit-service-pvt-ltd,Not provided by RailYatri
Natraj Bus,https://www.railyatri.in/bus-operators/natraj-bus,Not provided by RailYatri
Betwa Tourist Bus Service,https://www.railyatri.in/bus-operators/betwa-tourist-bus-service,Not provided by RailYatri
Pragathi Bus,https://www.railyatri.in/bus-operators/pragathi-bus,Not provided by RailYatri
Smt Travels,https://www.railyatri.in/bus-operators/smt-travels,Not provided by RailYatri
Taj Express Bus Service Pvt Ltd,https://www.railyatri.in/bus-operators/taj-express-bus-service-pvt-ltd,Not provided by RailYatri
Shri Sawariya Travels,https://www.railyatri.in/bus-operators/shri-sawariya-travels,Not provided by RailYatri
Pawan Travels,https://www.railyatri.in/bus-operators/pawan-travels,Not provided by RailYatri
Sri Sai Tourist,https://www.railyatri.in/bus-operators/sri-sai-tourist,Not provided by RailYatri
Neeta Travels,https://www.railyatri.in/bus-operators/neeta-travels,Not provided by RailYatri
Mansi Roadlines Pvt Ltd,https://www.railyatri.in/bus-operators/mansi-roadlines-pvt-ltd,Not provided by RailYatri
Shrinath Nama Travels,https://www.railyatri.in/bus-operators/shrinath-nama-travels,Not provided by RailYatri
Bhopal Travels,https://www.railyatri.in/bus-operators/bhopal-travels,Not provided by RailYatri
Deep Tours Travels,https://www.railyatri.in/bus-operators/deep-tours-travels,Not provided by RailYatri
Veera And Sri Kaleswari Travels,https://www.railyatri.in/bus-operators/veera-and-sri-kaleswari-travels,Not provided by RailYatri
Maharashtra Travels Pune,https://www.railyatri.in/bus-operators/maharashtra-travels-pune,Not provided by RailYatri
Mahakal,https://www.railyatri.in/bus-operators/mahakal,Not provided by RailYatri
Kk Travels,https://www.railyatri.in/bus-operators/kk-travels,Not provided by RailYatri
Marcos Tour And Travels,https://www.railyatri.in/bus-operators/marcos-tour-and-travels,Not provided by RailYatri
North India Tpt Co,https://www.railyatri.in/bus-operators/north-india-tpt-co,Not provided by RailYatri
Raj Travels,https://www.railyatri.in/bus-operators/raj-travels,Not provided by RailYatri
Sri Vijayalaxmi Travels,https://www.railyatri.in/bus-operators/sri-vijayalaxmi-travels,Not provided by RailYatri
Shri Sawriya Travels,https://www.railyatri.in/bus-operators/shri-sawriya-travels,Not provided by RailYatri
Sai Sri Krishna Travels,https://www.railyatri.in/bus-operators/sai-sri-krishna-travels,Not provided by RailYatri
Rajeswari Travels,https://www.railyatri.in/bus-operators/rajeswari-travels,Not provided by RailYatri
Prabhat Travels,https://www.railyatri.in/bus-operators/prabhat-travels,Not provided by RailYatri
Ravina Travels X Ac Air Suspension,https://www.railyatri.in/bus-operators/ravina-travels-x-ac-air-suspension,Not provided by RailYatri
Khurana Travel Services,https://www.railyatri.in/bus-operators/khurana-travel-services,Not provided by RailYatri
Seabird Tourists,https://www.railyatri.in/bus-operators/seabird-tourists,Not provided by RailYatri
Rahul Travels Indore,https://www.railyatri.in/bus-operators/rahul-travels-indore,Not provided by RailYatri
Pooja Yaduvanshi Travels,https://www.railyatri.in/bus-operators/pooja-yaduvanshi-travels,Not provided by RailYatri
Zimindara Travels,https://www.railyatri.in/bus-operators/zimindara-travels,Not provided by RailYatri
Arsh Travels,https://www.railyatri.in/bus-operators/arsh-travels,Not provided by RailYatri
New Shree Mahaveer Travels,https://www.railyatri.in/bus-operators/new-shree-mahaveer-travels,Not provided by RailYatri
Shree Khurana Travels,https://www.railyatri.in/bus-operators/shree-khurana-travels,Not provided by RailYatri
Pradhan,https://www.railyatri.in/bus-operators/pradhan,Not provided by RailYatri
Jagannath Travels Tour Pvt Ltd,https://www.railyatri.in/bus-operators/jagannath-travels-tour-pvt-ltd,Not provided by RailYatri
Sam Tours And Travels,https://www.railyatri.in/bus-operators/sam-tours-and-travels,Not provided by RailYatri
Shree Travels,https://www.railyatri.in/bus-operators/shree-travels,Not provided by RailYatri
Rainbow Tours And Travels,https://www.railyatri.in/bus-operators/rainbow-tours-and-travels,Not provided by RailYatri
Kathyani Travels Logistics,https://www.railyatri.in/bus-operators/kathyani-travels-logistics,Not provided by RailYatri
Bsr Tours And Travels,https://www.railyatri.in/bus-operators/bsr-tours-and-travels,Not provided by RailYatri
Kalpana Travels Pvt Ltd,https://www.railyatri.in/bus-operators/kalpana-travels-pvt-ltd,Not provided by RailYatri
Jgd Travels Pvt Ltd,https://www.railyatri.in/bus-operators/jgd-travels-pvt-ltd,Not provided by RailYatri
Bharathi Travels,https://www.railyatri.in/bus-operators/bharathi-travels,Not provided by RailYatri
Thangam Travels,https://www.railyatri.in/bus-operators/thangam-travels,Not provided by RailYatri
Expresso,https://www.railyatri.in/bus-operators/expresso,Not provided by RailYatri
Sree Nandini Travels,https://www.railyatri.in/bus-operators/sree-nandini-travels,Not provided by RailYatri
Anshi Tour And Travels,https://www.railyatri.in/bus-operators/anshi-tour-and-travels,Not provided by RailYatri
Eagle Express,https://www.railyatri.in/bus-operators/eagle-express,Not provided by RailYatri
Radhika Travels,https://www.railyatri.in/bus-operators/radhika-travels,Not provided by RailYatri
Siddhi Vinayak Travels Azamgarh,https://www.railyatri.in/bus-operators/siddhi-vinayak-travels-azamgarh,Not provided by RailYatri
Sai Abhishek Tours Travels,https://www.railyatri.in/bus-operators/sai-abhishek-tours-travels,Not provided by RailYatri
Giridhar Tours And Travels,https://www.railyatri.in/bus-operators/giridhar-tours-and-travels,Not provided by RailYatri
Ptm Bus Service,https://www.railyatri.in/bus-operators/ptm-bus-service,Not provided by RailYatri
Sai Abhishek Swami Travels,https://www.railyatri.in/bus-operators/sai-abhishek-swami-travels,Not provided by RailYatri
Pooja Travels,https://www.railyatri.in/bus-operators/pooja-travels,Not provided by RailYatri
New Morning Star Travels,https://www.railyatri.in/bus-operators/new-morning-star-travels,Not provided by RailYatri
Regal Cruiser Travels,https://www.railyatri.in/bus-operators/regal-cruiser-travels,Not provided by RailYatri
Sri Rajalakshmi Travels,https://www.railyatri.in/bus-operators/sri-rajalakshmi-travels,Not provided by RailYatri
Konduskar Travels Pvt Ltd,https://www.railyatri.in/bus-operators/konduskar-travels-pvt-ltd,Not provided by RailYatri
Royal Safari India Travels Iso,https://www.railyatri.in/bus-operators/royal-safari-india-travels-iso,Not provided by RailYatri
Neutron Bus,https://www.railyatri.in/bus-operators/neutron-bus,Not provided by RailYatri
Muneer Travels,https://www.railyatri.in/bus-operators/muneer-travels,Not provided by RailYatri
New Uncle Travels,https://www.railyatri.in/bus-operators/new-uncle-travels,Not provided by RailYatri
S Virani,https://www.railyatri.in/bus-operators/s-virani,Not provided by RailYatri
Suhara Travels,https://www.railyatri.in/bus-operators/suhara-travels,Not provided by RailYatri
Kvr Tours And Travels,https://www.railyatri.in/bus-operators/kvr-tours-and-travels,Not provided by RailYatri
Nani Svkdt Travels,https://www.railyatri.in/bus-operators/nani-svkdt-travels,Not provided by RailYatri
Shree Parshwanath Travels And Cargo,https://www.railyatri.in/bus-operators/shree-parshwanath-travels-and-cargo,Not provided by RailYatri
Karan Maharaja Travels,https://www.railyatri.in/bus-operators/karan-maharaja-travels,Not provided by RailYatri
Gola Bus Service,https://www.railyatri.in/bus-operators/gola-bus-service,Not provided by RailYatri
Siddhi Vinayak Travels Bhopal,https://www.railyatri.in/bus-operators/siddhi-vinayak-travels-bhopal,Not provided by RailYatri
Jotiba Transolutions,https://www.railyatri.in/bus-operators/jotiba-transolutions,Not provided by RailYatri
Sri Nandini Travels,https://www.railyatri.in/bus-operators/sri-nandini-travels,Not provided by RailYatri
Abhimanyu Bus Services Pvt Ltd,https://www.railyatri.in/bus-operators/abhimanyu-bus-services-pvt-ltd,Not provided by RailYatri
Dreamland Travels,https://www.railyatri.in/bus-operators/dreamland-travels,Not provided by RailYatri
Ambey Travel Agency,https://www.railyatri.in/bus-operators/ambey-travel-agency,Not provided by RailYatri
Guruprasad Travels,https://www.railyatri.in/bus-operators/guruprasad-travels,Not provided by RailYatri
Mansi Roadlines,https://www.railyatri.in/bus-operators/mansi-roadlines,Not provided by RailYatri
Jujhar Travels Pvt Ltd,https://www.railyatri.in/bus-operators/jujhar-travels-pvt-ltd,Not provided by RailYatri
Chouhan Travels,https://www.railyatri.in/bus-operators/chouhan-travels,Not provided by RailYatri
Jai Shrinath Ji Ki,https://www.railyatri.in/bus-operators/jai-shrinath-ji-ki,Not provided by RailYatri
Meenakshi Bus,https://www.railyatri.in/bus-operators/meenakshi-bus,Not provided by RailYatri
S Virani Tours Travels And Cargo,https://www.railyatri.in/bus-operators/s-virani-tours-travels-and-cargo,Not provided by RailYatri
Atmaram Bus,https://www.railyatri.in/bus-operators/atmaram-bus,Not provided by RailYatri
Ghosh Travels,https://www.railyatri.in/bus-operators/ghosh-travels,Not provided by RailYatri
Raj Ratan Tours And Travels,https://www.railyatri.in/bus-operators/raj-ratan-tours-and-travels,Not provided by RailYatri
Abtc Tour Travels,https://www.railyatri.in/bus-operators/abtc-tour-travels,Not provided by RailYatri
Nawal Travels,https://www.railyatri.in/bus-operators/nawal-travels,Not provided by RailYatri
Maharaja Travels,https://www.railyatri.in/bus-operators/maharaja-travels,Not provided by RailYatri
K S Travels,https://www.railyatri.in/bus-operators/k-s-travels,Not provided by RailYatri
Reshma Travels,https://www.railyatri.in/bus-operators/reshma-travels,Not provided by RailYatri
Pvs Travels,https://www.railyatri.in/bus-operators/pvs-travels,Not provided by RailYatri
Kovai Express,https://www.railyatri.in/bus-operators/kovai-express,Not provided by RailYatri
Shri Balaji Travels,https://www.railyatri.in/bus-operators/shri-balaji-travels,Not provided by RailYatri
R K Jakhar Travels,https://www.railyatri.in/bus-operators/r-k-jakhar-travels,Not provided by RailYatri
Venkatesh Tours Travels,https://www.railyatri.in/bus-operators/venkatesh-tours-travels,Not provided by RailYatri
Pammi Travels,https://www.railyatri.in/bus-operators/pammi-travels,Not provided by RailYatri
N T Shree Ganesh,https://www.railyatri.in/bus-operators/n-t-shree-ganesh,Not provided by RailYatri
Jain Shiv Shanker Travels,https://www.railyatri.in/bus-operators/jain-shiv-shanker-travels,Not provided by RailYatri
Krishna Travels,https://www.railyatri.in/bus-operators/krishna-travels,Not provided by RailYatri
R K,https://www.railyatri.in/bus-operators/r-k,Not provided by RailYatri
New Amar Travels,https://www.railyatri.in/bus-operators/new-amar-travels,Not provided by RailYatri
Vivek Travels,https://www.railyatri.in/bus-operators/vivek-travels,Not provided by RailYatri
Srivari Travels,https://www.railyatri.in/bus-operators/srivari-travels,Not provided by RailYatri
Kaveri Travels And Tourist,https://www.railyatri.in/bus-operators/kaveri-travels-and-tourist,Not provided by RailYatri
A D T C Tour And Travels,https://www.railyatri.in/bus-operators/a-d-t-c-tour-and-travels,Not provided by RailYatri
Venkateswara Tours And Travels,https://www.railyatri.in/bus-operators/venkateswara-tours-and-travels,Not provided by RailYatri
Jabbar Travels,https://www.railyatri.in/bus-operators/jabbar-travels,Not provided by RailYatri
Bengal Tiger,https://www.railyatri.in/bus-operators/bengal-tiger,Not provided by RailYatri
Dwaraka Travels,https://www.railyatri.in/bus-operators/dwaraka-travels,Not provided by RailYatri
Dhariwal Travels,https://www.railyatri.in/bus-operators/dhariwal-travels,Not provided by RailYatri
Kalpana Travels,https://www.railyatri.in/bus-operators/kalpana-travels,Not provided by RailYatri
Sri Muniratnam Motors,https://www.railyatri.in/bus-operators/sri-muniratnam-motors,Not provided by RailYatri
Aitiana Cruiseliners,https://www.railyatri.in/bus-operators/aitiana-cruiseliners,Not provided by RailYatri
Noor Travels,https://www.railyatri.in/bus-operators/noor-travels,Not provided by RailYatri
Guruprasad Travelsnew Pooja,https://www.railyatri.in/bus-operators/guruprasad-travelsnew-pooja,Not provided by RailYatri
Ram Dalal Travels,https://www.railyatri.in/bus-operators/ram-dalal-travels,Not provided by RailYatri
Shakmbhari Travels,https://www.railyatri.in/bus-operators/shakmbhari-travels,Not provided by RailYatri
Shree Srm Tours And Travels,https://www.railyatri.in/bus-operators/shree-srm-tours-and-travels,Not provided by RailYatri
Bhumi Travels,https://www.railyatri.in/bus-operators/bhumi-travels,Not provided by RailYatri
Sri Vinayaka Travels,https://www.railyatri.in/bus-operators/sri-vinayaka-travels,Not provided by RailYatri
Gulzar Tours And Travels,https://www.railyatri.in/bus-operators/gulzar-tours-and-travels,Not provided by RailYatri
Kadri Travels,https://www.railyatri.in/bus-operators/kadri-travels,Not provided by RailYatri
Puri Jagannadh Tours And Travels,https://www.railyatri.in/bus-operators/puri-jagannadh-tours-and-travels,Not provided by RailYatri
Shree Karni Travels,https://www.railyatri.in/bus-operators/shree-karni-travels,Not provided by RailYatri
Puri Jagannadh Tours Travels,https://www.railyatri.in/bus-operators/puri-jagannadh-tours-travels,Not provided by RailYatri
Dashmesh Travels,https://www.railyatri.in/bus-operators/dashmesh-travels,Not provided by RailYatri
Shailu Tours And Travels,https://www.railyatri.in/bus-operators/shailu-tours-and-travels,Not provided by RailYatri
Aitiana Travels,https://www.railyatri.in/bus-operators/aitiana-travels,Not provided by RailYatri
Sri Varalakshmi Travels,https://www.railyatri.in/bus-operators/sri-varalakshmi-travels,Not provided by RailYatri
Yogi Travels,https://www.railyatri.in/bus-operators/yogi-travels,Not provided by RailYatri
Shikha Mangalam Travels,https://www.railyatri.in/bus-operators/shikha-mangalam-travels,Not provided by RailYatri
Shrinath Nandu Travels,https://www.railyatri.in/bus-operators/shrinath-nandu-travels,Not provided by RailYatri
Manish Travels,https://www.railyatri.in/bus-operators/manish-travels,Not provided by RailYatri
Manish Tours Travels,https://www.railyatri.in/bus-operators/manish-tours-travels,Not provided by RailYatri
Bundelkhand Motar Transport Company,https://www.railyatri.in/bus-operators/bundelkhand-motar-transport-company,Not provided by RailYatri
Ashok Travels,https://www.railyatri.in/bus-operators/ashok-travels,Not provided by RailYatri
Himalaya Travels,https://www.railyatri.in/bus-operators/himalaya-travels,Not provided by RailYatri
Kalpana Travels Kanpur,https://www.railyatri.in/bus-operators/kalpana-travels-kanpur,Not provided by RailYatri
Jain Travels Regd,https://www.railyatri.in/bus-operators/jain-travels-regd,Not provided by RailYatri
Air India Travels,https://www.railyatri.in/bus-operators/air-india-travels,Not provided by RailYatri
Shri Sai Vaishnavi Travels,https://www.railyatri.in/bus-operators/shri-sai-vaishnavi-travels,Not provided by RailYatri
Rajanigandha Travels,https://www.railyatri.in/bus-operators/rajanigandha-travels,Not provided by RailYatri
Vaibhav Travels,https://www.railyatri.in/bus-operators/vaibhav-travels,Not provided by RailYatri
Laxmi Shatabdi Travels,https://www.railyatri.in/bus-operators/laxmi-shatabdi-travels,Not provided by RailYatri
Sri Sindhu Travels,https://www.railyatri.in/bus-operators/sri-sindhu-travels,Not provided by RailYatri
Prathap Travels,https://www.railyatri.in/bus-operators/prathap-travels,Not provided by RailYatri
J J Travels,https://www.railyatri.in/bus-operators/j-j-travels,Not provided by RailYatri
Pramukh Vandna Travels,https://www.railyatri.in/bus-operators/pramukh-vandna-travels,Not provided by RailYatri
Royal Luxury Volvo Bus,https://www.railyatri.in/bus-operators/royal-luxury-volvo-bus,Not provided by RailYatri
Pride Travels And Cargo,https://www.railyatri.in/bus-operators/pride-travels-and-cargo,Not provided by RailYatri
Raghav Travels,https://www.railyatri.in/bus-operators/raghav-travels,Not provided by RailYatri
Intercity Travels,https://www.railyatri.in/bus-operators/intercity-travels,Not provided by RailYatri
Go Tour Travels And Holidays,https://www.railyatri.in/bus-operators/go-tour-travels-and-holidays,Not provided by RailYatri
Shree Mahaveer Travels,https://www.railyatri.in/bus-operators/shree-mahaveer-travels,Not provided by RailYatri
India Tour And Travels,https://www.railyatri.in/bus-operators/india-tour-and-travels,Not provided by RailYatri
Delhi Travels Height,https://www.railyatri.in/bus-operators/delhi-travels-height,Not provided by RailYatri
Thirumal Alaghu Travels,https://www.railyatri.in/bus-operators/thirumal-alaghu-travels,Not provided by RailYatri
Cmr Express,https://www.railyatri.in/bus-operators/cmr-express,Not provided by RailYatri
Reo India Travels Pvt Ltd,https://www.railyatri.in/bus-operators/reo-india-travels-pvt-ltd,Not provided by RailYatri
Sai Dasari Travels,https://www.railyatri.in/bus-operators/sai-dasari-travels,Not provided by RailYatri
Ganesh Travels And Tours,https://www.railyatri.in/bus-operators/ganesh-travels-and-tours,Not provided by RailYatri
Samanvi Travels,https://www.railyatri.in/bus-operators/samanvi-travels,Not provided by RailYatri
Yadav Bus Services,https://www.railyatri.in/bus-operators/yadav-bus-services,Not provided by RailYatri
Vinay Travels,https://www.railyatri.in/bus-operators/vinay-travels,Not provided by RailYatri
Shubham Travels,https://www.railyatri.in/bus-operators/shubham-travels,Not provided by RailYatri
Shreyas Travels Aurangabad,https://www.railyatri.in/bus-operators/shreyas-travels-aurangabad,Not provided by RailYatri
Sr Tours And Travels,https://www.railyatri.in/bus-operators/sr-tours-and-travels,Not provided by RailYatri
Sri Balaji Transport,https://www.railyatri.in/bus-operators/sri-balaji-transport,Not provided by RailYatri
Mountain Travels,https://www.railyatri.in/bus-operators/mountain-travels,Not provided by RailYatri
Sri Rajesh,https://www.railyatri.in/bus-operators/sri-rajesh,Not provided by RailYatri
Sahiba Travels,https://www.railyatri.in/bus-operators/sahiba-travels,Not provided by RailYatri
M K Bus Service,https://www.railyatri.in/bus-operators/m-k-bus-service,Not provided by RailYatri
Jay Gopal Travels,https://www.railyatri.in/bus-operators/jay-gopal-travels,Not provided by RailYatri
Yatra Guru Travels,https://www.railyatri.in/bus-operators/yatra-guru-travels,Not provided by RailYatri
Ambika Travels,https://www.railyatri.in/bus-operators/ambika-travels,Not provided by RailYatri
Om Sai Baba Tour And Travels,https://www.railyatri.in/bus-operators/om-sai-baba-tour-and-travels,Not provided by RailYatri
Bsr Tours Travels,https://www.railyatri.in/bus-operators/bsr-tours-travels,Not provided by RailYatri
Yathra Logistics,https://www.railyatri.in/bus-operators/yathra-logistics,Not provided by RailYatri
Ag Bus Service,https://www.railyatri.in/bus-operators/ag-bus-service,Not provided by RailYatri
Hill Travels,https://www.railyatri.in/bus-operators/hill-travels,Not provided by RailYatri
Kvr Tours Travels,https://www.railyatri.in/bus-operators/kvr-tours-travels,Not provided by RailYatri
Ashok Travels And Tour,https://www.railyatri.in/bus-operators/ashok-travels-and-tour,Not provided by RailYatri
Jai Bhawani Travels Cargo,https://www.railyatri.in/bus-operators/jai-bhawani-travels-cargo,Not provided by RailYatri
Jain Travels,https://www.railyatri.in/bus-operators/jain-travels,Not provided by RailYatri
Shri Krishna Tour And Travels,https://www.railyatri.in/bus-operators/shri-krishna-tour-and-travels,Not provided by RailYatri
Sri Venkata Padmavathi Travels,https://www.railyatri.in/bus-operators/sri-venkata-padmavathi-travels,Not provided by RailYatri
Shreyas Travels Blueline,https://www.railyatri.in/bus-operators/shreyas-travels-blueline,Not provided by RailYatri
Gagan Travels,https://www.railyatri.in/bus-operators/gagan-travels,Not provided by RailYatri
Divyanshu Travels,https://www.railyatri.in/bus-operators/divyanshu-travels,Not provided by RailYatri
Sai Rk Travels,https://www.railyatri.in/bus-operators/sai-rk-travels,Not provided by RailYatri
Ashok Bus Service,https://www.railyatri.in/bus-operators/ashok-bus-service,Not provided by RailYatri
Anita Maya Travels,https://www.railyatri.in/bus-operators/anita-maya-travels,Not provided by RailYatri
Kutti Bus,https://www.railyatri.in/bus-operators/kutti-bus,Not provided by RailYatri
Shyamoli Pvt Ltd,https://www.railyatri.in/bus-operators/shyamoli-pvt-ltd,Not provided by RailYatri
Rathore Travels,https://www.railyatri.in/bus-operators/rathore-travels,Not provided by RailYatri
Yukta Travels Syndicate,https://www.railyatri.in/bus-operators/yukta-travels-syndicate,Not provided by RailYatri
Maa Shanti Travels,https://www.railyatri.in/bus-operators/maa-shanti-travels,Not provided by RailYatri
New Prathamesh Jogeshwari,https://www.railyatri.in/bus-operators/new-prathamesh-jogeshwari,Not provided by RailYatri
Ashoka Travels,https://www.railyatri.in/bus-operators/ashoka-travels,Not provided by RailYatri
Golden Temple Volvo Bus Service,https://www.railyatri.in/bus-operators/golden-temple-volvo-bus-service,Not provided by RailYatri
Ashok Tour And Travels,https://www.railyatri.in/bus-operators/ashok-tour-and-travels,Not provided by RailYatri
Jathin Travels,https://www.railyatri.in/bus-operators/jathin-travels,Not provided by RailYatri
City Land Travels,https://www.railyatri.in/bus-operators/city-land-travels,Not provided by RailYatri
Baba Travels,https://www.railyatri.in/bus-operators/baba-travels,Not provided by RailYatri
Shreekumar Travels,https://www.railyatri.in/bus-operators/shreekumar-travels,Not provided by RailYatri
Shri Swaminarayan Travels,https://www.railyatri.in/bus-operators/shri-swaminarayan-travels,Not provided by RailYatri
Jayanthi Travels,https://www.railyatri.in/bus-operators/jayanthi-travels,Not provided by RailYatri
Ishaa Bus,https://www.railyatri.in/bus-operators/ishaa-bus,Not provided by RailYatri
A One Travel Agency,https://www.railyatri.in/bus-operators/a-one-travel-agency,Not provided by RailYatri
Friends Bus,https://www.railyatri.in/bus-operators/friends-bus,Not provided by RailYatri
Navrang Travels Cargo,https://www.railyatri.in/bus-operators/navrang-travels-cargo,Not provided by RailYatri
Greenline,https://www.railyatri.in/bus-operators/greenline,Not provided by RailYatri
Durgamba Motors,https://www.railyatri.in/bus-operators/durgamba-motors,Not provided by RailYatri
Navkar Travels,https://www.railyatri.in/bus-operators/navkar-travels,Not provided by RailYatri
Raghava Travels,https://www.railyatri.in/bus-operators/raghava-travels,Not provided by RailYatri
Metro Star Bus Service,https://www.railyatri.in/bus-operators/metro-star-bus-service,Not provided by RailYatri
Nta Express,https://www.railyatri.in/bus-operators/nta-express,Not provided by RailYatri
Nand Travels,https://www.railyatri.in/bus-operators/nand-travels,Not provided by RailYatri
R S Yadav Travels,https://www.railyatri.in/bus-operators/r-s-yadav-travels,Not provided by RailYatri
Golden Temple Express Volvo,https://www.railyatri.in/bus-operators/golden-temple-express-volvo,Not provided by RailYatri
Lakash Travels,https://www.railyatri.in/bus-operators/lakash-travels,Not provided by RailYatri
Royal Safari,https://www.railyatri.in/bus-operators/royal-safari,Not provided by RailYatri
Prasanna Purple Grand,https://www.railyatri.in/bus-operators/prasanna-purple-grand,Not provided by RailYatri
Prasanna Purple Mobility Solutions Pvt Ltd,https://www.railyatri.in/bus-operators/prasanna-purple-mobility-solutions-pvt-ltd,Not provided by RailYatri
Dharani Tours And Travels,https://www.railyatri.in/bus-operators/dharani-tours-and-travels,Not provided by RailYatri
Kundu Travels,https://www.railyatri.in/bus-operators/kundu-travels,Not provided by RailYatri
Aradhana Bus Service,https://www.railyatri.in/bus-operators/aradhana-bus-service,Not provided by RailYatri
Khushboo Tours,https://www.railyatri.in/bus-operators/khushboo-tours,Not provided by RailYatri
Sri Durga Malleswari Travels,https://www.railyatri.in/bus-operators/sri-durga-malleswari-travels,Not provided by RailYatri
Shree Jalaram Viral,https://www.railyatri.in/bus-operators/shree-jalaram-viral,Not provided by RailYatri
Varun Travels,https://www.railyatri.in/bus-operators/varun-travels,Not provided by RailYatri
Vrcr Travels,https://www.railyatri.in/bus-operators/vrcr-travels,Not provided by RailYatri
Travel Point Delhi,https://www.railyatri.in/bus-operators/travel-point-delhi,Not provided by RailYatri
Kamla Balaji Travels,https://www.railyatri.in/bus-operators/kamla-balaji-travels,Not provided by RailYatri
Ashray Travels,https://www.railyatri.in/bus-operators/ashray-travels,Not provided by RailYatri
Pavan Travels,https://www.railyatri.in/bus-operators/pavan-travels,Not provided by RailYatri
Cat Express,https://www.railyatri.in/bus-operators/cat-express,Not provided by RailYatri
Shatabditravels,https://www.railyatri.in/bus-operators/shatabditravels,Not provided by RailYatri
Prajapati Travels,https://www.railyatri.in/bus-operators/prajapati-travels,Not provided by RailYatri
Citizen Bus,https://www.railyatri.in/bus-operators/citizen-bus,Not provided by RailYatri
Maharaja Bus,https://www.railyatri.in/bus-operators/maharaja-bus,Not provided by RailYatri
Sumra Travels,https://www.railyatri.in/bus-operators/sumra-travels,Not provided by RailYatri
Rajmandir Travels,https://www.railyatri.in/bus-operators/rajmandir-travels,Not provided by RailYatri
Royal Cruiser Travel Worldclass,https://www.railyatri.in/bus-operators/royal-cruiser-travel-worldclass,Not provided by RailYatri
Humsafar Travels,https://www.railyatri.in/bus-operators/humsafar-travels,Not provided by RailYatri
Jai Maa Travels,https://www.railyatri.in/bus-operators/jai-maa-travels,Not provided by RailYatri
Ivar Travels,https://www.railyatri.in/bus-operators/ivar-travels,Not provided by RailYatri
New Khaira Transport,https://www.railyatri.in/bus-operators/new-khaira-transport,Not provided by RailYatri
Royal Travels Delhi,https://www.railyatri.in/bus-operators/royal-travels-delhi,Not provided by RailYatri
Ganpati Tours Travels,https://www.railyatri.in/bus-operators/ganpati-tours-travels,Not provided by RailYatri
Dmr Travels,https://www.railyatri.in/bus-operators/dmr-travels,Not provided by RailYatri
Shreyas Travels,https://www.railyatri.in/bus-operators/shreyas-travels,Not provided by RailYatri
Kukkeshree Travels,https://www.railyatri.in/bus-operators/kukkeshree-travels,Not provided by RailYatri
National Travels Chn,https://www.railyatri.in/bus-operators/national-travels-chn,Not provided by RailYatri
Vandana Travels,https://www.railyatri.in/bus-operators/vandana-travels,Not provided by RailYatri
Royal Cruiser,https://www.railyatri.in/bus-operators/royal-cruiser,Not provided by RailYatri
Shine Star Luxury Coach And Cargo Pvt Ltd,https://www.railyatri.in/bus-operators/shine-star-luxury-coach-and-cargo-pvt-ltd,Not provided by RailYatri
Srt Volvo Bus,https://www.railyatri.in/bus-operators/srt-volvo-bus,Not provided by RailYatri
East West Booking,https://www.railyatri.in/bus-operators/east-west-booking,Not provided by RailYatri
Ashok Travels Mandsaur Group,https://www.railyatri.in/bus-operators/ashok-travels-mandsaur-group,Not provided by RailYatri
Nandan Travels Seoni,https://www.railyatri.in/bus-operators/nandan-travels-seoni,Not provided by RailYatri
Rai Bus Service Ashok Travels Jhansi,https://www.railyatri.in/bus-operators/rai-bus-service-ashok-travels-jhansi,Not provided by RailYatri
Royal Safari Travels,https://www.railyatri.in/bus-operators/royal-safari-travels,Not provided by RailYatri
Night Queen Bus Service,https://www.railyatri.in/bus-operators/night-queen-bus-service,Not provided by RailYatri
Ambey Travels,https://www.railyatri.in/bus-operators/ambey-travels,Not provided by RailYatri
Vikram Travels,https://www.railyatri.in/bus-operators/vikram-travels,Not provided by RailYatri
S L Travels,https://www.railyatri.in/bus-operators/s-l-travels,Not provided by RailYatri
Sai Srinivasa Travels,https://www.railyatri.in/bus-operators/sai-srinivasa-travels,Not provided by RailYatri
Ccr Travels,https://www.railyatri.in/bus-operators/ccr-travels,Not provided by RailYatri
National Travels,https://www.railyatri.in/bus-operators/national-travels,Not provided by RailYatri
Prasanna Travels,https://www.railyatri.in/bus-operators/prasanna-travels,Not provided by RailYatri
Nambor Transport,https://www.railyatri.in/bus-operators/nambor-transport,Not provided by RailYatri
Slns Travels,https://www.railyatri.in/bus-operators/slns-travels,Not provided by RailYatri
Shakti Travels,https://www.railyatri.in/bus-operators/shakti-travels,Not provided by RailYatri
Sri Padmavathi Travels,https://www.railyatri.in/bus-operators/sri-padmavathi-travels,Not provided by RailYatri
Disport Holidays Pvt Ltd,https://www.railyatri.in/bus-operators/disport-holidays-pvt-ltd,Not provided by RailYatri
Rinku Travels,https://www.railyatri.in/bus-operators/rinku-travels,Not provided by RailYatri
Rahul Travels,https://www.railyatri.in/bus-operators/rahul-travels,Not provided by RailYatri
R R Travels Lines,https://www.railyatri.in/bus-operators/r-r-travels-lines,Not provided by RailYatri
Mahendra Travels,https://www.railyatri.in/bus-operators/mahendra-travels,Not provided by RailYatri
Naveen Tour And Travels,https://www.railyatri.in/bus-operators/naveen-tour-and-travels,Not provided by RailYatri
Deep Travels,https://www.railyatri.in/bus-operators/deep-travels,Not provided by RailYatri
Samreen Travels,https://www.railyatri.in/bus-operators/samreen-travels,Not provided by RailYatri
Sks Logistics,https://www.railyatri.in/bus-operators/sks-logistics,Not provided by RailYatri
Dilip Sai Krishna Tours And Travels,https://www.railyatri.in/bus-operators/dilip-sai-krishna-tours-and-travels,Not provided by RailYatri
Sima Five Star Travels,https://www.railyatri.in/bus-operators/sima-five-star-travels,Not provided by RailYatri
Brahmashakti Travels,https://www.railyatri.in/bus-operators/brahmashakti-travels,Not provided by RailYatri
Chandu Travels,https://www.railyatri.in/bus-operators/chandu-travels,Not provided by RailYatri
Metro Star Services,https://www.railyatri.in/bus-operators/metro-star-services,Not provided by RailYatri
Banjara Travels,https://www.railyatri.in/bus-operators/banjara-travels,Not provided by RailYatri
Shri Rishabh Travels,https://www.railyatri.in/bus-operators/shri-rishabh-travels,Not provided by RailYatri
Comfort Tour And Travels,https://www.railyatri.in/bus-operators/comfort-tour-and-travels,Not provided by RailYatri
Meera Tour Travels,https://www.railyatri.in/bus-operators/meera-tour-travels,Not provided by RailYatri
Raj S Travels And Transports,https://www.railyatri.in/bus-operators/raj-s-travels-and-transports,Not provided by RailYatri
M R M Travels,https://www.railyatri.in/bus-operators/m-r-m-travels,Not provided by RailYatri
Grand,https://www.railyatri.in/bus-operators/grand,Not provided by RailYatri
Karthik Travels,https://www.railyatri.in/bus-operators/karthik-travels,Not provided by RailYatri
Shan E India,https://www.railyatri.in/bus-operators/shan-e-india,Not provided by RailYatri
Shri Mahavir Tours And Travels,https://www.railyatri.in/bus-operators/shri-mahavir-tours-and-travels,Not provided by RailYatri
Kanha,https://www.railyatri.in/bus-operators/kanha,Not provided by RailYatri
Himachal Travels,https://www.railyatri.in/bus-operators/himachal-travels,Not provided by RailYatri
Unity Travels,https://www.railyatri.in/bus-operators/unity-travels,Not provided by RailYatri
Popuri Travels,https://www.railyatri.in/bus-operators/popuri-travels,Not provided by RailYatri
Ashapura Travels,https://www.railyatri.in/bus-operators/ashapura-travels,Not provided by RailYatri
Jain Bus Services,https://www.railyatri.in/bus-operators/jain-bus-services,Not provided by RailYatri
Srkt Travels,https://www.railyatri.in/bus-operators/srkt-travels,Not provided by RailYatri
Sri Vengamamba Bus Transport,https://www.railyatri.in/bus-operators/sri-vengamamba-bus-transport,Not provided by RailYatri
Kn Nehra Travels,https://www.railyatri.in/bus-operators/kn-nehra-travels,Not provided by RailYatri
Venkateswara Tours Travels,https://www.railyatri.in/bus-operators/venkateswara-tours-travels,Not provided by RailYatri
Kamakshi Tours And Travels,https://www.railyatri.in/bus-operators/kamakshi-tours-and-travels,Not provided by RailYatri
Brs Travels,https://www.railyatri.in/bus-operators/brs-travels,Not provided by RailYatri
Bhawani Travels,https://www.railyatri.in/bus-operators/bhawani-travels,Not provided by RailYatri
V K Jain Travels,https://www.railyatri.in/bus-operators/v-k-jain-travels,Not provided by RailYatri
Pragathi Travels,https://www.railyatri.in/bus-operators/pragathi-travels,Not provided by RailYatri
Kalpana Travels Pvt Ltd Swagat Travels,https://www.railyatri.in/bus-operators/kalpana-travels-pvt-ltd-swagat-travels,Not provided by RailYatri
Pawan Travels Balaghat,https://www.railyatri.in/bus-operators/pawan-travels-balaghat,Not provided by RailYatri
Modern Travels,https://www.railyatri.in/bus-operators/modern-travels,Not provided by RailYatri
Vikas Travels,https://www.railyatri.in/bus-operators/vikas-travels,Not provided by RailYatri
Svr Bus,https://www.railyatri.in/bus-operators/svr-bus,Not provided by RailYatri
Sri Annamalaiyar Travels,https://www.railyatri.in/bus-operators/sri-annamalaiyar-travels,Not provided by RailYatri
Yes Boss,https://www.railyatri.in/bus-operators/yes-boss,Not provided by RailYatri
Rajasthan Travels,https://www.railyatri.in/bus-operators/rajasthan-travels,Not provided by RailYatri
Chandra Travel Singhana,https://www.railyatri.in/bus-operators/chandra-travel-singhana,Not provided by RailYatri
Laxmi Travellers,https://www.railyatri.in/bus-operators/laxmi-travellers,Not provided by RailYatri
Pawan Hans,https://www.railyatri.in/bus-operators/pawan-hans,Not provided by RailYatri
Crl Travels,https://www.railyatri.in/bus-operators/crl-travels,Not provided by RailYatri
Reshma Bus,https://www.railyatri.in/bus-operators/reshma-bus,Not provided by RailYatri
Ar And Bcvr Travels,https://www.railyatri.in/bus-operators/ar-and-bcvr-travels,Not provided by RailYatri
Lakshmi Gayatri Travels,https://www.railyatri.in/bus-operators/lakshmi-gayatri-travels,Not provided by RailYatri
Whiteline Express,https://www.railyatri.in/bus-operators/whiteline-express,Not provided by RailYatri
Veera And Sri Kaleswari Travel,https://www.railyatri.in/bus-operators/veera-and-sri-kaleswari-travel,Not provided by RailYatri
Pitambra Travels,https://www.railyatri.in/bus-operators/pitambra-travels,Not provided by RailYatri
Sri Tulasi Tours And Travels,https://www.railyatri.in/bus-operators/sri-tulasi-tours-and-travels,Not provided by RailYatri
Sugama Tourist,https://www.railyatri.in/bus-operators/sugama-tourist,Not provided by RailYatri
Anand Translink,https://www.railyatri.in/bus-operators/anand-translink,Not provided by RailYatri
Kabra Express Logistics Pvt Ltd Brand New Ac Bus With Shutter Box,https://www.railyatri.in/bus-operators/kabra-express-logistics-pvt-ltd-brand-new-ac-bus-with-shutter-box,Not provided by RailYatri
Raj Travels Express,https://www.railyatri.in/bus-operators/raj-travels-express,Not provided by RailYatri
Pandit Travels,https://www.railyatri.in/bus-operators/pandit-travels,Not provided by RailYatri
Sri Balaji Travels,https://www.railyatri.in/bus-operators/sri-balaji-travels,Not provided by RailYatri
Universal Travels,https://www.railyatri.in/bus-operators/universal-travels,Not provided by RailYatri
Mayuri Travels,https://www.railyatri.in/bus-operators/mayuri-travels,Not provided by RailYatri
Apple Bus,https://www.railyatri.in/bus-operators/apple-bus,Not provided by RailYatri
Kiran Travels,https://www.railyatri.in/bus-operators/kiran-travels,Not provided by RailYatri
Sri Sms Travels,https://www.railyatri.in/bus-operators/sri-sms-travels,Not provided by RailYatri
Aadi Raj Travels,https://www.railyatri.in/bus-operators/aadi-raj-travels,Not provided by RailYatri
Nbstc Operated By Ishika Traders,https://www.railyatri.in/bus-operators/nbstc-operated-by-ishika-traders,Not provided by RailYatri
Anand Travels,https://www.railyatri.in/bus-operators/anand-travels,Not provided by RailYatri
Asian Bus Express,https://www.railyatri.in/bus-operators/asian-bus-express,Not provided by RailYatri
Om Sai Ram Travels,https://www.railyatri.in/bus-operators/om-sai-ram-travels,Not provided by RailYatri
Kaimur King,https://www.railyatri.in/bus-operators/kaimur-king,Not provided by RailYatri
Varamalaxmi Tours Travels,https://www.railyatri.in/bus-operators/varamalaxmi-tours-travels,Not provided by RailYatri
Aitiana Airwings,https://www.railyatri.in/bus-operators/aitiana-airwings,Not provided by RailYatri
Sorna Travels,https://www.railyatri.in/bus-operators/sorna-travels,Not provided by RailYatri
Challenger,https://www.railyatri.in/bus-operators/challenger,Not provided by RailYatri
Dolphin Tours Travels,https://www.railyatri.in/bus-operators/dolphin-tours-travels,Not provided by RailYatri
Srs Travels,https://www.railyatri.in/bus-operators/srs-travels,Not provided by RailYatri
Gajraj Bus Service,https://www.railyatri.in/bus-operators/gajraj-bus-service,Not provided by RailYatri
Kamla Travels,https://www.railyatri.in/bus-operators/kamla-travels,Not provided by RailYatri
Shrinath Travel Agency,https://www.railyatri.in/bus-operators/shrinath-travel-agency,Not provided by RailYatri
B R Travels,https://www.railyatri.in/bus-operators/b-r-travels,Not provided by RailYatri
M S Khurana Travel Services,https://www.railyatri.in/bus-operators/m-s-khurana-travel-services,Not provided by RailYatri
Blue Raft Tourist Service,https://www.railyatri.in/bus-operators/blue-raft-tourist-service,Not provided by RailYatri
Sachkhand Travels,https://www.railyatri.in/bus-operators/sachkhand-travels,Not provided by RailYatri
Shri Hari Travels,https://www.railyatri.in/bus-operators/shri-hari-travels,Not provided by RailYatri
Pss Transport,https://www.railyatri.in/bus-operators/pss-transport,Not provided by RailYatri
Jai Bajrang Travel Agency,https://www.railyatri.in/bus-operators/jai-bajrang-travel-agency,Not provided by RailYatri
Dolphin Travel House,https://www.railyatri.in/bus-operators/dolphin-travel-house,Not provided by RailYatri
Jay Meldi Tours And Travels Pvt Ltd,https://www.railyatri.in/bus-operators/jay-meldi-tours-and-travels-pvt-ltd,Not provided by RailYatri
Ramu Travels,https://www.railyatri.in/bus-operators/ramu-travels,Not provided by RailYatri
Jay Dwarkadhish Travels,https://www.railyatri.in/bus-operators/jay-dwarkadhish-travels,Not provided by RailYatri
Shalom Career,https://www.railyatri.in/bus-operators/shalom-career,Not provided by RailYatri
Ratnagiri Transport,https://www.railyatri.in/bus-operators/ratnagiri-transport,Not provided by RailYatri
Gk Travels,https://www.railyatri.in/bus-operators/gk-travels,Not provided by RailYatri
Svkdt Travels,https://www.railyatri.in/bus-operators/svkdt-travels,Not provided by RailYatri
Himachal Highway Volvo,https://www.railyatri.in/bus-operators/himachal-highway-volvo,Not provided by RailYatri
Indu Travels,https://www.railyatri.in/bus-operators/indu-travels,Not provided by RailYatri
Neeraj Bus Service,https://www.railyatri.in/bus-operators/neeraj-bus-service,Not provided by RailYatri
Sri Kumaran Travels,https://www.railyatri.in/bus-operators/sri-kumaran-travels,Not provided by RailYatri
Kathyani Travels And Logistics,https://www.railyatri.in/bus-operators/kathyani-travels-and-logistics,Not provided by RailYatri
Amit Transport Co,https://www.railyatri.in/bus-operators/amit-transport-co,Not provided by RailYatri
Sri Rama Travels,https://www.railyatri.in/bus-operators/sri-rama-travels,Not provided by RailYatri
Shree Vijay Travels,https://www.railyatri.in/bus-operators/shree-vijay-travels,Not provided by RailYatri
Universal Bus,https://www.railyatri.in/bus-operators/universal-bus,Not provided by RailYatri
Citizen Travels,https://www.railyatri.in/bus-operators/citizen-travels,Not provided by RailYatri
Royal Voyage Travels Private Limited,https://www.railyatri.in/bus-operators/royal-voyage-travels-private-limited,Not provided by RailYatri
Meena Travels,https://www.railyatri.in/bus-operators/meena-travels,Not provided by RailYatri
Vinod Bus Service,https://www.railyatri.in/bus-operators/vinod-bus-service,Not provided by RailYatri
Cgr Travels,https://www.railyatri.in/bus-operators/cgr-travels,Not provided by RailYatri
Muthumari Travels,https://www.railyatri.in/bus-operators/muthumari-travels,Not provided by RailYatri
Kanker Roadways Pvt Ltd,https://www.railyatri.in/bus-operators/kanker-roadways-pvt-ltd,Not provided by RailYatri
Intercity Travels Indore,https://www.railyatri.in/bus-operators/intercity-travels-indore,Not provided by RailYatri
Shree Pushparaj,https://www.railyatri.in/bus-operators/shree-pushparaj,Not provided by RailYatri
Amit Travels,https://www.railyatri.in/bus-operators/amit-travels,Not provided by RailYatri
Chartered Bus,https://www.railyatri.in/bus-operators/chartered-bus,Not provided by RailYatri
Panwar Travels,https://www.railyatri.in/bus-operators/panwar-travels,Not provided by RailYatri
Bharat Yatra Bus,https://www.railyatri.in/bus-operators/bharat-yatra-bus,Not provided by RailYatri
Falcon Bus,https://www.railyatri.in/bus-operators/falcon-bus,Not provided by RailYatri
Poulami Paribahan,https://www.railyatri.in/bus-operators/poulami-paribahan,Not provided by RailYatri
Neeta Tours And Travels,https://www.railyatri.in/bus-operators/neeta-tours-and-travels,Not provided by RailYatri
Paulo Travels,https://www.railyatri.in/bus-operators/paulo-travels,Not provided by RailYatri
Krishna Rath,https://www.railyatri.in/bus-operators/krishna-rath,Not provided by RailYatri
Shrinath Nama Travel Agency,https://www.railyatri.in/bus-operators/shrinath-nama-travel-agency,Not provided by RailYatri
Bol Bum Travel,https://www.railyatri.in/bus-operators/bol-bum-travel,Not provided by RailYatri
Rtt Travels,https://www.railyatri.in/bus-operators/rtt-travels,Not provided by RailYatri
Vrl Travels,https://www.railyatri.in/bus-operators/vrl-travels,Not provided by RailYatri
Arzoo Travels,https://www.railyatri.in/bus-operators/arzoo-travels,Not provided by RailYatri
Northern Travels,https://www.railyatri.in/bus-operators/northern-travels,Not provided by RailYatri
Shakuntala Travels,https://www.railyatri.in/bus-operators/shakuntala-travels,Not provided by RailYatri
Jagan Travels,https://www.railyatri.in/bus-operators/jagan-travels,Not provided by RailYatri
Navayuga Travels,https://www.railyatri.in/bus-operators/navayuga-travels,Not provided by RailYatri
Janatha Bus,https://www.railyatri.in/bus-operators/janatha-bus,Not provided by RailYatri
District Travels,https://www.railyatri.in/bus-operators/district-travels,Not provided by RailYatri
Amaals Travels,https://www.railyatri.in/bus-operators/amaals-travels,Not provided by RailYatri
Apple Travels,https://www.railyatri.in/bus-operators/apple-travels,Not provided by RailYatri
Vidhan Tours And Travels,https://www.railyatri.in/bus-operators/vidhan-tours-and-travels,Not provided by RailYatri
Raj Ratan Tours Travels,https://www.railyatri.in/bus-operators/raj-ratan-tours-travels,Not provided by RailYatri
A Travels,https://www.railyatri.in/bus-operators/a-travels,Not provided by RailYatri
Sharma Travel Agency,https://www.railyatri.in/bus-operators/sharma-travel-agency,Not provided by RailYatri
Sanjana Travels,https://www.railyatri.in/bus-operators/sanjana-travels,Not provided by RailYatri
Sharma Travels,https://www.railyatri.in/bus-operators/sharma-travels,Not provided by RailYatri
Sri Durgamba Travels,https://www.railyatri.in/bus-operators/sri-durgamba-travels,Not provided by RailYatri
Abhimanyu Travels,https://www.railyatri.in/bus-operators/abhimanyu-travels,Not provided by RailYatri
Samay Shatabdi Travels Pvt Ltd,https://www.railyatri.in/bus-operators/samay-shatabdi-travels-pvt-ltd,Not provided by RailYatri
Ramana Tours And Travels,https://www.railyatri.in/bus-operators/ramana-tours-and-travels,Not provided by RailYatri
Grandtravels,https://www.railyatri.in/bus-operators/grandtravels,Not provided by RailYatri
Kamla Bus,https://www.railyatri.in/bus-operators/kamla-bus,Not provided by RailYatri
Choudhary Travels And Cargo,https://www.railyatri.in/bus-operators/choudhary-travels-and-cargo,Not provided by RailYatri
Abhishek Travels,https://www.railyatri.in/bus-operators/abhishek-travels,Not provided by RailYatri
Shree Patel Travels,https://www.railyatri.in/bus-operators/shree-patel-travels,Not provided by RailYatri
Royal Travels,https://www.railyatri.in/bus-operators/royal-travels,Not provided by RailYatri
Veer Travels,https://www.railyatri.in/bus-operators/veer-travels,Not provided by RailYatri
Citylink Travels,https://www.railyatri.in/bus-operators/citylink-travels,Not provided by RailYatri
Varun Bus,https://www.railyatri.in/bus-operators/varun-bus,Not provided by RailYatri
Jbt Travels,https://www.railyatri.in/bus-operators/jbt-travels,Not provided by RailYatri
Gujarat Travels,https://www.railyatri.in/bus-operators/gujarat-travels,Not provided by RailYatri
Vijay Tour And Travels,https://www.railyatri.in/bus-operators/vijay-tour-and-travels,Not provided by RailYatri
Shyamoli Paribahan Pvt Ltd,https://www.railyatri.in/bus-operators/shyamoli-paribahan-pvt-ltd,Not provided by RailYatri
New Sankalp Tours And Travels,https://www.railyatri.in/bus-operators/new-sankalp-tours-and-travels,Not provided by RailYatri
Sai Balaji Travels,https://www.railyatri.in/bus-operators/sai-balaji-travels,Not provided by RailYatri
Mohan Ramana Tours Travels,https://www.railyatri.in/bus-operators/mohan-ramana-tours-travels,Not provided by RailYatri
Shree Karni Maharaja Travels,https://www.railyatri.in/bus-operators/shree-karni-maharaja-travels,Not provided by RailYatri
Siri Tours Travels,https://www.railyatri.in/bus-operators/siri-tours-travels,Not provided by RailYatri
Sharma Tour And Travels,https://www.railyatri.in/bus-operators/sharma-tour-and-travels,Not provided by RailYatri
Shree Gajanan Tours And Travels,https://www.railyatri.in/bus-operators/shree-gajanan-tours-and-travels,Not provided by RailYatri
Royal Tour And Travels,https://www.railyatri.in/bus-operators/royal-tour-and-travels,Not provided by RailYatri
Dayan And Company,https://www.railyatri.in/bus-operators/dayan-and-company,Not provided by RailYatri
Gagan Tours And Travels,https://www.railyatri.in/bus-operators/gagan-tours-and-travels,Not provided by RailYatri
Jagadamba Travels,https://www.railyatri.in/bus-operators/jagadamba-travels,Not provided by RailYatri
Go Tour Travels Holidays,https://www.railyatri.in/bus-operators/go-tour-travels-holidays,Not provided by RailYatri
Maheswari Travels,https://www.railyatri.in/bus-operators/maheswari-travels,Not provided by RailYatri
Sethi Yatra Company,https://www.railyatri.in/bus-operators/sethi-yatra-company,Not provided by RailYatri
New Grand Travels,https://www.railyatri.in/bus-operators/new-grand-travels,Not provided by RailYatri
Golden Temple Express,https://www.railyatri.in/bus-operators/golden-temple-express,Not provided by RailYatri
Ovr Travels,https://www.railyatri.in/bus-operators/ovr-travels,Not provided by RailYatri
Shree Ganesh Travels,https://www.railyatri.in/bus-operators/shree-ganesh-travels,Not provided by RailYatri
Jagdamba Tourism,https://www.railyatri.in/bus-operators/jagdamba-tourism,Not provided by RailYatri
Shri Sairam Travels,https://www.railyatri.in/bus-operators/shri-sairam-travels,Not provided by RailYatri
V Kaveri Travels,https://www.railyatri.in/bus-operators/v-kaveri-travels,Not provided by RailYatri
Murali Krishna Travels,https://www.railyatri.in/bus-operators/murali-krishna-travels,Not provided by RailYatri
Jakhar Travels,https://www.railyatri.in/bus-operators/jakhar-travels,Not provided by RailYatri
Jai Shri Ganesh Yatra Co,https://www.railyatri.in/bus-operators/jai-shri-ganesh-yatra-co,Not provided by RailYatri
Tippu Sultan Travels Chni,https://www.railyatri.in/bus-operators/tippu-sultan-travels-chni,Not provided by RailYatri
Sri Kvr Travels,https://www.railyatri.in/bus-operators/sri-kvr-travels,Not provided by RailYatri
Rayan Travels,https://www.railyatri.in/bus-operators/rayan-travels,Not provided by RailYatri
Sam Tours Travels,https://www.railyatri.in/bus-operators/sam-tours-travels,Not provided by RailYatri
Thirumalaivasan Transports,https://www.railyatri.in/bus-operators/thirumalaivasan-transports,Not provided by RailYatri
Dolphin Tours And Travels,https://www.railyatri.in/bus-operators/dolphin-tours-and-travels,Not provided by RailYatri
Raj Bus Services,https://www.railyatri.in/bus-operators/raj-bus-services,Not provided by RailYatri
Nagashree Travels,https://www.railyatri.in/bus-operators/nagashree-travels,Not provided by RailYatri
Kkaveri Travels,https://www.railyatri.in/bus-operators/kkaveri-travels,Not provided by RailYatri
Shrinath Travel Agency Pvt Ltd,https://www.railyatri.in/bus-operators/shrinath-travel-agency-pvt-ltd,Not provided by RailYatri
New India Travels,https://www.railyatri.in/bus-operators/new-india-travels,Not provided by RailYatri
Ajay Raj Travels Agency,https://www.railyatri.in/bus-operators/ajay-raj-travels-agency,Not provided by RailYatri
Hans Travels,https://www.railyatri.in/bus-operators/hans-travels,Not provided by RailYatri
Kmbt Travels,https://www.railyatri.in/bus-operators/kmbt-travels,Not provided by RailYatri
Psr Tours And Travels,https://www.railyatri.in/bus-operators/psr-tours-and-travels,Not provided by RailYatri
IntrCity SmartBus RailYatri,https://www.railyatri.in/bus-operators/intrcity-smartbus-railyatri,Not provided by RailYatri
Mahalaxmi Tours,https://www.railyatri.in/bus-operators/mahalaxmi-tours,Not provided by RailYatri
V V Vinayaka Travels,https://www.railyatri.in/bus-operators/v-v-vinayaka-travels,Not provided by RailYatri
Ganesh Tourists,https://www.railyatri.in/bus-operators/ganesh-tourists,Not provided by RailYatri
Srs Travels And Logistics Private Limited,https://www.railyatri.in/bus-operators/srs-travels-and-logistics-private-limited,Not provided by RailYatri
Sudheer Travels,https://www.railyatri.in/bus-operators/sudheer-travels,Not provided by RailYatri
Fouji Bus,https://www.railyatri.in/bus-operators/fouji-bus,Not provided by RailYatri
Babu Travels,https://www.railyatri.in/bus-operators/babu-travels,Not provided by RailYatri
Royal Safari India Travels,https://www.railyatri.in/bus-operators/royal-safari-india-travels,Not provided by RailYatri
Laxmi Holidays,https://www.railyatri.in/bus-operators/laxmi-holidays,Not provided by RailYatri
Raj Kalpana Travels Pvt Ltd,https://www.railyatri.in/bus-operators/raj-kalpana-travels-pvt-ltd,Not provided by RailYatri
Poornima Tours,https://www.railyatri.in/bus-operators/poornima-tours,Not provided by RailYatri
Bhati Travellers,https://www.railyatri.in/bus-operators/bhati-travellers,Not provided by RailYatri
Safar Express Tour And Travels,https://www.railyatri.in/bus-operators/safar-express-tour-and-travels,Not provided by RailYatri
Fouji Travels,https://www.railyatri.in/bus-operators/fouji-travels,Not provided by RailYatri
B S Holiday Travels,https://www.railyatri.in/bus-operators/b-s-holiday-travels,Not provided by RailYatri
Nilamadhab Travels,https://www.railyatri.in/bus-operators/nilamadhab-travels,Not provided by RailYatri
Milan Travels,https://www.railyatri.in/bus-operators/milan-travels,Not provided by RailYatri
Sugama Tourists,https://www.railyatri.in/bus-operators/sugama-tourists,Not provided by RailYatri
Krs Travels,https://www.railyatri.in/bus-operators/krs-travels,Not provided by RailYatri
Shree Ram Travels,https://www.railyatri.in/bus-operators/shree-ram-travels,Not provided by RailYatri
Dhillon Highways Private Limited,https://www.railyatri.in/bus-operators/dhillon-highways-private-limited,Not provided by RailYatri
No Air Travels,https://www.railyatri.in/bus-operators/no-air-travels,Not provided by RailYatri
Yellowpedal,https://www.railyatri.in/bus-operators/yellowpedal,Not provided by RailYatri
H K Travels,https://www.railyatri.in/bus-operators/h-k-travels,Not provided by RailYatri
Ar Bcvr Bus,https://www.railyatri.in/bus-operators/ar-bcvr-bus,Not provided by RailYatri
Vrl,https://www.railyatri.in/bus-operators/vrl,Not provided by RailYatri
Jayanthi Tours Travels,https://www.railyatri.in/bus-operators/jayanthi-tours-travels,Not provided by RailYatri
Avk Travels,https://www.railyatri.in/bus-operators/avk-travels,Not provided by RailYatri
Mahalaxmi Travels,https://www.railyatri.in/bus-operators/mahalaxmi-travels,Not provided by RailYatri
Sri Krishna Travels,https://www.railyatri.in/bus-operators/sri-krishna-travels,Not provided by RailYatri
Sri Amaravathi Travels,https://www.railyatri.in/bus-operators/sri-amaravathi-travels,Not provided by RailYatri
Goyal Travels,https://www.railyatri.in/bus-operators/goyal-travels,Not provided by RailYatri
Jay Khodiyar Travels,https://www.railyatri.in/bus-operators/jay-khodiyar-travels,Not provided by RailYatri
Rlt Travels,https://www.railyatri.in/bus-operators/rlt-travels,Not provided by RailYatri
Patel Tours And Travels,https://www.railyatri.in/bus-operators/patel-tours-and-travels,Not provided by RailYatri
Shubh Holiday,https://www.railyatri.in/bus-operators/shubh-holiday,Not provided by RailYatri
Geeta Tours Travels,https://www.railyatri.in/bus-operators/geeta-tours-travels,Not provided by RailYatri
Verma Travels,https://www.railyatri.in/bus-operators/verma-travels,Not provided by RailYatri
Mahalaxmi Travels Iso,https://www.railyatri.in/bus-operators/mahalaxmi-travels-iso,Not provided by RailYatri
Nani Sai Krishna Travels,https://www.railyatri.in/bus-operators/nani-sai-krishna-travels,Not provided by RailYatri
Svd Travels,https://www.railyatri.in/bus-operators/svd-travels,Not provided by RailYatri
Pal Travel Lines,https://www.railyatri.in/bus-operators/pal-travel-lines,Not provided by RailYatri
Morning Star Travels,https://www.railyatri.in/bus-operators/morning-star-travels,Not provided by RailYatri
UPSRTC,https://www.railyatri.in/bus-operators/upsrtc,Not provided by RailYatri
Sri Tulasi Travels,https://www.railyatri.in/bus-operators/sri-tulasi-travels,Not provided by RailYatri
HRTC,https://www.railyatri.in/bus-operators/hrtc,Not provided by RailYatri
APSRTC,https://www.railyatri.in/bus-operators/apsrtc,Not provided by RailYatri
ASTC,https://www.railyatri.in/bus-operators/astc,Not provided by RailYatri
TNSTC,https://www.railyatri.in/bus-operators/tnstc,Not provided by RailYatri
KTCL,https://www.railyatri.in/bus-operators/ktcl,Not provided by RailYatri
